Type,Title,Director,Country,Release_year,Rating,Year_added,Month_added,Movies_duration,Tv_show_seasons,Primary_genre
MOVIE,Dick Johnson Is Dead,Kirsten Johnson,United States,2020,PG-13,2021,9,90.0,,Documentaries
TV SHOW,Ganglands,Julien Leclercq,France,2021,TV-MA,2021,9,,1.0,Crime Tv Shows
TV SHOW,Midnight Mass,Mike Flanagan,United States,2021,TV-MA,2021,9,,1.0,Tv Dramas
MOVIE,Confessions of an Invisible Girl,Bruno Garotti,Brazil,2021,TV-PG,2021,9,91.0,,Children & Family Movies
MOVIE,Sankofa,Haile Gerima,United States,1993,TV-MA,2021,9,125.0,,Dramas
TV SHOW,The Great British Baking Show,Andy Devonshire,United Kingdom,2021,TV-14,2021,9,,9.0,British Tv Shows
MOVIE,The Starling,Theodore Melfi,United States,2021,PG-13,2021,9,104.0,,Comedies
MOVIE,Motu Patlu in the Game of Zones,Suhas Kadav,India,2019,TV-Y7,2021,5,87.0,,Children & Family Movies
MOVIE,Je Suis Karl,Christian Schwochow,Germany,2021,TV-MA,2021,9,127.0,,Dramas
MOVIE,Motu Patlu in Wonderland,Suhas Kadav,India,2013,TV-Y7,2021,5,76.0,,Children & Family Movies
MOVIE,Motu Patlu: Deep Sea Adventure,Suhas Kadav,India,2014,TV-Y7,2021,5,76.0,,Children & Family Movies
MOVIE,Motu Patlu: Mission Moon,Suhas Kadav,India,2013,TV-Y7,2021,5,71.0,,Children & Family Movies
MOVIE,99 Songs (Tamil),Not Given,Pakistan,2021,TV-14,2021,5,131.0,,Dramas
MOVIE,Bridgerton - The Afterparty,"Krysia Plonka, Kristian Mercado",United States,2021,TV-14,2021,7,39.0,,Movies
MOVIE,Bling Empire - The Afterparty,"Krysia Plonka, Kristian Mercado",United States,2021,TV-MA,2021,6,36.0,,Movies
MOVIE,Cobra Kai - The Afterparty,"Krysia Plonka, Kristian Mercado",United States,2021,TV-MA,2021,6,34.0,,Movies
MOVIE,The Circle - The Afterparty,"Krysia Plonka, Kristian Mercado",United States,2021,TV-14,2021,5,35.0,,Comedies
TV SHOW,Jailbirds New Orleans,Not Given,Pakistan,2021,TV-MA,2021,9,,1.0,Docuseries
TV SHOW,Crime Stories: India Detectives,Not Given,Pakistan,2021,TV-MA,2021,9,,1.0,British Tv Shows
MOVIE,True: Winter Wishes,"Mark Thornton, Todd Kauffman",United States,2019,TV-Y,2019,11,46.0,,Children & Family Movies
TV SHOW,True: Magical Friends,"Mark Thornton, Todd Kauffman",United States,2018,TV-Y,2018,6,,1.0,Kids' Tv
TV SHOW,True: Wonderful Wishes,"Mark Thornton, Todd Kauffman",United States,2018,TV-Y,2018,6,,1.0,Kids' Tv
TV SHOW,Dance & Sing with True,"Mark Thornton, Todd Kauffman",United States,2018,TV-Y,2018,5,,1.0,Kids' Tv
MOVIE,My Little Pony: A New Generation,"Robert Cullen, José Luis Ucha",Not Given,2021,PG,2021,9,91.0,,Children & Family Movies
TV SHOW,Bangkok Breaking,Kongkiat Komesiri,Not Given,2021,TV-MA,2021,9,,1.0,Crime Tv Shows
MOVIE,Europe's Most Dangerous Man: Otto Skorzeny in Spain,"Pedro de Echave García, Pablo Azorín Williams",Not Given,2020,TV-MA,2021,9,67.0,,Documentaries
MOVIE,Samudri Lootere,Anirban Majumder,Not Given,2018,TV-Y,2019,6,65.0,,Children & Family Movies
TV SHOW,Monsters Inside: The 24 Faces of Billy Milligan,Olivier Megaton,United States,2021,TV-14,2021,9,,1.0,Crime Tv Shows
MOVIE,Go! Go! Cory Carson: Chrissy Takes the Wheel,"Alex Woo, Stanley Moore",United States,2021,TV-Y,2021,9,61.0,,Children & Family Movies
MOVIE,Jeans,S. Shankar,India,1998,TV-14,2021,9,166.0,,Comedies
MOVIE,Grown Ups,Dennis Dugan,United States,2010,PG-13,2021,9,103.0,,Comedies
MOVIE,Dark Skies,Scott Stewart,United States,2013,PG-13,2021,9,97.0,,Horror Movies
MOVIE,Paranoia,Robert Luketic,United States,2013,PG-13,2021,9,106.0,,Thrillers
TV SHOW,Jaguar,Not Given,Pakistan,2021,TV-MA,2021,9,,1.0,International Tv Shows
TV SHOW,Chicago Party Aunt,Not Given,Pakistan,2021,TV-MA,2021,9,,1.0,Tv Comedies
TV SHOW,Squid Game,Not Given,Pakistan,2021,TV-MA,2021,9,,1.0,International Tv Shows
TV SHOW,Tayo and Little Wizards,Not Given,Pakistan,2020,TV-Y7,2021,9,,1.0,Kids' Tv
TV SHOW,The World's Most Amazing Vacation Rentals,Not Given,Pakistan,2021,TV-PG,2021,9,,2.0,Reality Tv
TV SHOW,Metal Shop Masters,Not Given,Pakistan,2021,TV-MA,2021,9,,1.0,Reality Tv
TV SHOW,Pokémon Master Journeys: The Series,Not Given,Pakistan,2021,TV-Y7,2021,9,,1.0,Anime Series
TV SHOW,Titipo Titipo,Not Given,Pakistan,2019,TV-Y,2021,9,,2.0,Kids' Tv
TV SHOW,Mighty Raju,Not Given,Pakistan,2017,TV-Y7,2021,9,,4.0,Kids' Tv
TV SHOW,Tobot Galaxy Detectives,Not Given,Pakistan,2019,TV-Y7,2021,9,,2.0,Kids' Tv
TV SHOW,Hotel Del Luna,Not Given,Pakistan,2019,TV-14,2021,9,,1.0,International Tv Shows
TV SHOW,Brave Animated Series,Not Given,Pakistan,2021,TV-MA,2021,9,,1.0,International Tv Shows
TV SHOW,How to Be a Cowboy,Not Given,Pakistan,2021,TV-PG,2021,9,,1.0,Reality Tv
TV SHOW,Oldsters,Not Given,Pakistan,2019,TV-MA,2021,9,,1.0,Crime Tv Shows
TV SHOW,Bread Barbershop,Not Given,Pakistan,2020,TV-Y,2021,8,,2.0,Kids' Tv
TV SHOW,Turning Point: 9/11 and the War on Terror,Not Given,Pakistan,2021,TV-14,2021,9,,1.0,Docuseries
TV SHOW,Hometown Cha-Cha-Cha,Not Given,Pakistan,2021,TV-14,2021,8,,1.0,International Tv Shows
TV SHOW,The Ingenuity of the Househusband,Not Given,Pakistan,2021,TV-G,2021,8,,1.0,International Tv Shows
MOVIE,Minsara Kanavu,Rajiv Menon,India,1997,TV-PG,2021,9,147.0,,Comedies
MOVIE,Intrusion,Adam Salky,Not Given,2021,TV-14,2021,9,94.0,,Thrillers
MOVIE,Avvai Shanmughi,K.S. Ravikumar,Not Given,1996,TV-PG,2021,9,161.0,,Comedies
MOVIE,Ankahi Kahaniya,"Ashwiny Iyer Tiwari, Abhishek Chaubey, Saket Chaudhary",Not Given,2021,TV-14,2021,9,111.0,,Dramas
MOVIE,The Father Who Moves Mountains,Daniel Sandu,Not Given,2021,TV-MA,2021,9,110.0,,Dramas
MOVIE,The Stronghold,Cédric Jimenez,Not Given,2021,TV-MA,2021,9,105.0,,Action & Adventure
MOVIE,Birth of the Dragon,George Nolfi,China,2017,PG-13,2021,9,96.0,,Action & Adventure
TV SHOW,The Smart Money Woman,Bunmi Ajakaiye,South Africa,2020,TV-MA,2021,9,,1.0,International Tv Shows
MOVIE,You vs. Wild: Out Cold,Ben Simms,United States,2021,TV-G,2021,9,106.0,,Children & Family Movies
MOVIE,Jaws,Steven Spielberg,United States,1975,PG,2021,9,124.0,,Action & Adventure
MOVIE,Jaws 2,Jeannot Szwarc,United States,1978,PG,2021,9,116.0,,Dramas
MOVIE,Jaws 3,Joe Alves,United States,1983,PG,2021,9,98.0,,Action & Adventure
MOVIE,Jaws: The Revenge,Joseph Sargent,United States,1987,PG-13,2021,9,91.0,,Action & Adventure
MOVIE,Safe House,Daniel Espinosa,South Africa,2012,R,2021,9,115.0,,Action & Adventure
MOVIE,Training Day,Antoine Fuqua,United States,2001,R,2021,9,122.0,,Dramas
MOVIE,Dolly Parton: A MusiCares Tribute,Not Given,Pakistan,2021,TV-PG,2021,4,55.0,,Documentaries
TV SHOW,Deadly Sins,Not Given,Pakistan,2002,TV-MA,2021,8,,1.0,International Tv Shows
MOVIE,InuYasha the Movie 2: The Castle Beyond the Looking Glass,Toshiya Shinohara,Japan,2002,TV-14,2021,9,99.0,,Action & Adventure
MOVIE,InuYasha the Movie 3: Swords of an Honorable Ruler,Toshiya Shinohara,Japan,2003,TV-14,2021,9,99.0,,Action & Adventure
MOVIE,InuYasha the Movie 4: Fire on the Mystic Island,Toshiya Shinohara,Japan,2004,TV-PG,2021,9,88.0,,Action & Adventure
MOVIE,InuYasha the Movie: Affections Touching Across Time,Toshiya Shinohara,Japan,2001,TV-PG,2021,9,100.0,,Action & Adventure
TV SHOW,I Heart Arlo,Not Given,Pakistan,2021,TV-Y7,2021,8,,1.0,Kids' Tv
TV SHOW,Nailed It,Not Given,United States,2021,TV-PG,2021,9,,6.0,Reality Tv
TV SHOW,Cat People,Not Given,Pakistan,2021,TV-14,2021,7,,1.0,Docuseries
TV SHOW,RIDE ON TIME,Not Given,Pakistan,2021,TV-PG,2021,8,,3.0,Docuseries
TV SHOW,Titletown High,Not Given,Pakistan,2021,TV-14,2021,8,,1.0,Reality Tv
TV SHOW,Motel Makeover,Not Given,Pakistan,2021,TV-14,2021,8,,1.0,International Tv Shows
TV SHOW,Open Your Eyes,Not Given,Pakistan,2021,TV-MA,2021,8,,1.0,International Tv Shows
TV SHOW,Post Mortem: No One Dies in Skarnes,Not Given,Pakistan,2021,TV-MA,2021,8,,1.0,International Tv Shows
MOVIE,My Heroes Were Cowboys,Tyler Greco,Not Given,2021,PG,2021,9,,,Documentaries
MOVIE,Naruto Shippuden the Movie: Blood Prison,Masahiko Murata,Japan,2011,TV-14,2021,9,102.0,,Action & Adventure
MOVIE,Naruto Shippûden the Movie: Bonds,Hajime Kamegaki,Japan,2008,TV-PG,2021,9,93.0,,Action & Adventure
MOVIE,Naruto Shippûden the Movie: The Will of Fire,Masahiko Murata,Japan,2009,TV-PG,2021,9,96.0,,Action & Adventure
MOVIE,Naruto Shippuden: The Movie,Hajime Kamegaki,Japan,2007,TV-PG,2021,9,95.0,,Action & Adventure
MOVIE,Naruto Shippuden: The Movie: The Lost Tower,Masahiko Murata,Japan,2010,TV-14,2021,9,85.0,,Action & Adventure
MOVIE,Naruto the Movie 2: Legend of the Stone of Gelel,Hirotsugu Kawasaki,Japan,2005,TV-PG,2021,9,97.0,,Action & Adventure
MOVIE,Naruto the Movie 3: Guardians of the Crescent Moon Kingdom,Toshiyuki Tsuru,Japan,2006,TV-PG,2021,9,95.0,,Action & Adventure
MOVIE,Naruto the Movie: Ninja Clash in the Land of Snow,Tensai Okamura,Japan,2004,TV-PG,2021,9,83.0,,Action & Adventure
TV SHOW,Comedy Premium League,Not Given,Pakistan,2021,TV-MA,2021,8,,1.0,International Tv Shows
TV SHOW,Everything Will Be Fine,Not Given,Pakistan,2021,TV-MA,2021,8,,1.0,International Tv Shows
TV SHOW,Korean Cold Noodle Rhapsody,Not Given,Pakistan,2021,TV-PG,2021,8,,1.0,Docuseries
TV SHOW,The Chair,Not Given,Pakistan,2021,TV-MA,2021,8,,1.0,Tv Comedies
TV SHOW,The Defeated,Not Given,Pakistan,2020,TV-MA,2021,8,,1.0,Crime Tv Shows
TV SHOW,Car Masters: Rust to Riches,Not Given,Pakistan,2021,TV-PG,2021,8,,3.0,Reality Tv
MOVIE,King of Boys,Kemi Adetiba,Nigeria,2018,TV-MA,2021,9,182.0,,Dramas
TV SHOW,Top Secret UFO Projects: Declassified,Not Given,Pakistan,2021,TV-PG,2021,8,,1.0,Docuseries
TV SHOW,Friday Night Lights,Not Given,Pakistan,2010,TV-14,2021,8,,5.0,Tv Dramas
TV SHOW,Centaurworld,Not Given,Pakistan,2021,TV-Y7,2021,7,,1.0,Kids' Tv
TV SHOW,Khawatir,Not Given,Pakistan,2009,TV-14,2021,7,,1.0,International Tv Shows
TV SHOW,Myth & Mogul: John DeLorean,Not Given,Pakistan,2021,TV-14,2021,7,,1.0,British Tv Shows
TV SHOW,Transformers: War for Cybertron: Kingdom,Not Given,Pakistan,2021,TV-Y7,2021,7,,1.0,Anime Series
TV SHOW,Tattoo Redo,Not Given,Pakistan,2021,TV-MA,2021,7,,1.0,Reality Tv
TV SHOW,The Snitch Cartel: Origins,Not Given,Pakistan,2021,TV-MA,2021,7,,1.0,Crime Tv Shows
TV SHOW,Feels Like Ishq,Not Given,Pakistan,2021,TV-MA,2021,7,,1.0,International Tv Shows
TV SHOW,How to Become a Tyrant,Not Given,Pakistan,2021,TV-MA,2021,7,,1.0,Docuseries
MOVIE,Kate,Cedric Nicolas-Troyan,United States,2021,R,2021,9,106.0,,Action & Adventure
MOVIE,Omo Ghetto: the Saga,"JJC Skillz, Funke Akindele",Nigeria,2020,TV-MA,2021,9,147.0,,Action & Adventure
MOVIE,Prey,Thomas Sieben,Germany,2021,TV-MA,2021,9,87.0,,International Movies
TV SHOW,Revelations: The Masters of the Universe: Revelation Aftershow,Not Given,Pakistan,2021,TV-PG,2021,7,,1.0,Anime Series
MOVIE,9to5: The Story of a Movement,Not Given,Pakistan,2021,TV-MA,2021,7,85.0,,Documentaries
MOVIE,Paradise Hills,Alice Waddington,Spain,2019,TV-MA,2021,9,95.0,,Sci-Fi & Fantasy
MOVIE,The Women and the Murderer,"Mona Achache, Patricia Tourancheau",France,2021,TV-14,2021,9,92.0,,Documentaries
TV SHOW,Sexy Beasts,Not Given,Pakistan,2021,TV-14,2021,7,,1.0,British Tv Shows
MOVIE,Show Dogs,Raja Gosnell,United Kingdom,2018,PG,2021,9,90.0,,Children & Family Movies
MOVIE,Why Did You Kill Me?,Fredrick Munk,United States,2021,TV-MA,2021,4,84.0,,Documentaries
TV SHOW,Too Hot to Handle: Brazil,Not Given,Pakistan,2021,TV-MA,2021,7,,1.0,International Tv Shows
TV SHOW,Touch Your Heart,Not Given,Pakistan,2019,TV-MA,2021,7,,1.0,Crime Tv Shows
TV SHOW,My Unorthodox Life,Not Given,Pakistan,2021,TV-MA,2021,7,,1.0,Reality Tv
TV SHOW,The Cook of Castamar,Not Given,Pakistan,2021,TV-MA,2021,7,,1.0,International Tv Shows
TV SHOW,Elize Matsunaga: Once Upon a Crime,Not Given,Pakistan,2021,TV-MA,2021,7,,1.0,Crime Tv Shows
TV SHOW,The War Next-door,Not Given,Pakistan,2021,TV-MA,2021,7,,1.0,International Tv Shows
TV SHOW,Big Timber,Not Given,Pakistan,2020,TV-14,2021,7,,1.0,International Tv Shows
TV SHOW,Generation 56k,Not Given,Pakistan,2021,TV-MA,2021,7,,1.0,International Tv Shows
TV SHOW,Sailor Moon Crystal,Not Given,Pakistan,2016,TV-Y7,2021,7,,3.0,Anime Series
TV SHOW,Godzilla Singular Point,Not Given,Pakistan,2021,TV-14,2021,6,,1.0,Anime Series
MOVIE,Sisters on Track,Not Given,Pakistan,2021,PG,2021,6,97.0,,Documentaries
TV SHOW,The Parisian Agency: Exclusive Properties,Not Given,Pakistan,2021,TV-G,2021,6,,1.0,International Tv Shows
MOVIE,Little Singham - Black Shadow,Prakash Satam,Not Given,2021,TV-Y7,2021,9,48.0,,Children & Family Movies
MOVIE,Firedrake the Silver Dragon,Tomer Eshed,Not Given,2021,TV-Y7,2021,9,93.0,,Children & Family Movies
MOVIE,Tughlaq Durbar,Delhiprasad Deenadayalan,Not Given,2020,TV-14,2021,9,145.0,,Comedies
MOVIE,Tughlaq Durbar (Telugu),Delhiprasad Deenadayalan,Not Given,2021,TV-14,2021,9,145.0,,Comedies
MOVIE,Blood Brothers: Malcolm X & Muhammad Ali,Marcus Clarke,Not Given,2021,PG-13,2021,9,96.0,,Documentaries
MOVIE,JJ+E,Alexis Almström,Not Given,2021,TV-MA,2021,9,91.0,,Dramas
MOVIE,Worth,Sara Colangelo,United States,2021,PG-13,2021,9,119.0,,Dramas
MOVIE,If I Leave Here Tomorrow: A Film About Lynyrd Skynyrd,Stephen Kijak,United States,2018,TV-MA,2021,9,97.0,,Documentaries
MOVIE,Afterlife of the Party,Stephen Herek,United States,2021,TV-PG,2021,9,110.0,,Comedies
TV SHOW,This Is Pop,Not Given,Pakistan,2021,TV-MA,2021,6,,1.0,Docuseries
TV SHOW,"Nevertheless,",Not Given,Pakistan,2021,TV-14,2021,6,,1.0,International Tv Shows
TV SHOW,Human: The World Within,Not Given,Pakistan,2021,TV-PG,2021,6,,1.0,Docuseries
MOVIE,Untold: Breaking Point,"Chapman Way, Maclain Way",United States,2021,TV-MA,2021,9,80.0,,Documentaries
TV SHOW,Charité at War,Not Given,Pakistan,2019,TV-MA,2021,6,,1.0,International Tv Shows
MOVIE,Angamaly Diaries,Lijo Jose Pellissery,India,2017,TV-14,2021,9,128.0,,Action & Adventure
TV SHOW,Elite Short Stories: Carla Samuel,Not Given,Pakistan,2021,TV-MA,2021,6,,1.0,International Tv Shows
MOVIE,A Champion Heart,David de Vos,United States,2018,G,2021,9,90.0,,Children & Family Movies
TV SHOW,Record of Ragnarok,Not Given,Pakistan,2021,TV-MA,2021,6,,1.0,Anime Series
TV SHOW,Elite Short Stories: Omar Ander Alexis,Not Given,Pakistan,2021,TV-MA,2021,6,,1.0,International Tv Shows
TV SHOW,Penguin Town,Not Given,Pakistan,2021,TV-PG,2021,6,,1.0,Docuseries
MOVIE,Anjaam,Rahul Rawail,India,1994,TV-14,2021,9,143.0,,Dramas
TV SHOW,Beyond Evil,Not Given,Pakistan,2021,TV-MA,2021,6,,1.0,Crime Tv Shows
TV SHOW,Elite Short Stories: Nadia Guzmán,Not Given,Pakistan,2021,TV-MA,2021,6,,1.0,International Tv Shows
MOVIE,Headspace: Unwind Your Mind,Not Given,Pakistan,2021,TV-G,2021,6,273.0,,Documentaries
TV SHOW,Rhyme Time Town,Not Given,Pakistan,2021,TV-Y,2021,6,,2.0,Kids' Tv
TV SHOW,Elite Short Stories: Guzmán Caye Rebe,Not Given,Pakistan,2021,TV-MA,2021,6,,1.0,International Tv Shows
MOVIE,To All the Boys: Always and Forever - The Afterparty,Not Given,Pakistan,2021,TV-MA,2021,6,36.0,,Movies
MOVIE,Trese After Dark,Not Given,Pakistan,2021,TV-14,2021,6,36.0,,Anime Features
TV SHOW,Guru Aur Bhole,Not Given,Pakistan,2018,TV-Y7,2021,6,,2.0,Kids' Tv
TV SHOW,High on the Hog: How African American Cuisine Transformed America,Not Given,Pakistan,2021,TV-14,2021,5,,1.0,Docuseries
TV SHOW,Mad for Each Other,Not Given,Pakistan,2021,TV-MA,2021,5,,1.0,International Tv Shows
MOVIE,Sam Smith: Love Goes - Live at Abbey Road Studios,Not Given,Pakistan,2020,TV-G,2021,5,61.0,,International Movies
TV SHOW,Miniforce: Super Dino Power,Not Given,Pakistan,2020,TV-Y7,2021,5,,1.0,Kids' Tv
TV SHOW,Barney and Friends,Not Given,Pakistan,2010,TV-Y,2021,5,,2.0,Kids' Tv
TV SHOW,Pet Stars,Not Given,Pakistan,2021,TV-PG,2021,4,,1.0,Reality Tv
TV SHOW,The Unremarkable Juanquini,Not Given,Pakistan,2021,TV-MA,2021,4,,2.0,International Tv Shows
TV SHOW,Yasuke,Not Given,Pakistan,2021,TV-MA,2021,4,,1.0,Anime Series
TV SHOW,Headspace Guide to Sleep,Not Given,Pakistan,2021,TV-G,2021,4,,1.0,Docuseries
TV SHOW,Countdown: Inspiration4 Mission to Space,Jason Hehir,Not Given,2021,TV-14,2021,9,,1.0,Docuseries
MOVIE,Shadow Parties,Yemi Amodu,Not Given,2020,TV-MA,2021,9,117.0,,Dramas
TV SHOW,Money Heist: From Tokyo to Berlin,"Luis Alfaro, Javier Gómez Santander",Not Given,2021,TV-MA,2021,9,,1.0,Docuseries
MOVIE,Bright Star,Jane Campion,United Kingdom,2009,PG,2021,9,119.0,,Dramas
MOVIE,Dhanak,Nagesh Kukunoor,India,2015,TV-PG,2021,9,114.0,,Comedies
MOVIE,Final Account,Luke Holland,United Kingdom,2021,PG-13,2021,9,94.0,,Documentaries
MOVIE,Gurgaon,Shanker Raman,India,2017,TV-14,2021,9,106.0,,Dramas
MOVIE,Here and There,JP Habac,Philippines,2020,TV-MA,2021,9,99.0,,Dramas
MOVIE,Agatha Christie's Crooked House,Gilles Paquet-Brenner,France,2017,PG-13,2021,9,115.0,,Dramas
MOVIE,In the Cut,Jane Campion,United Kingdom,2003,R,2021,9,118.0,,Thrillers
MOVIE,Keymon and Nani in Space Adventure,Not Given,Pakistan,2013,TV-Y,2021,4,76.0,,Children & Family Movies
MOVIE,Rudra: The Rise of King Pharaoh,Not Given,Pakistan,2019,TV-Y7,2021,4,91.0,,Children & Family Movies
TV SHOW,Bakugan: Geogan Rising,Not Given,Pakistan,2021,TV-Y7,2021,4,,1.0,Anime Series
MOVIE,Shikara,Vidhu Vinod Chopra,India,2020,TV-14,2021,9,115.0,,Dramas
MOVIE,A Cinderella Story,Mark Rosman,United States,2004,PG,2021,9,95.0,,Children & Family Movies
MOVIE,An Unfinished Life,Lasse Hallström,Germany,2005,PG-13,2021,9,108.0,,Dramas
MOVIE,Blade Runner: The Final Cut,Ridley Scott,United States,1982,R,2021,9,117.0,,Action & Adventure
MOVIE,Dad Stop Embarrassing Me - The Afterparty,Not Given,Pakistan,2021,TV-14,2021,4,37.0,,Comedies
MOVIE,Chappie,Neill Blomkamp,South Africa,2015,R,2021,9,121.0,,Action & Adventure
MOVIE,Janoskians: Untold and Untrue,Brett Weiner,United States,2016,TV-MA,2021,9,88.0,,Comedies
TV SHOW,Dancing Angels,Not Given,Pakistan,2016,TV-PG,2021,4,,1.0,International Tv Shows
TV SHOW,Don't be the First one,Not Given,Pakistan,2021,TV-14,2021,4,,1.0,International Tv Shows
TV SHOW,The Wedding Coach,Not Given,Pakistan,2021,TV-MA,2021,4,,1.0,Reality Tv
TV SHOW,This Is a Robbery: The World's Biggest Art Heist,Not Given,Pakistan,2021,TV-MA,2021,4,,1.0,Crime Tv Shows
TV SHOW,Glimpses of a Future,Not Given,Pakistan,2020,TV-PG,2021,4,,1.0,Docuseries
TV SHOW,Alien TV,Not Given,Pakistan,2021,TV-Y7,2021,3,,2.0,Kids' Tv
TV SHOW,Last Chance U: Basketball,Not Given,Pakistan,2021,TV-MA,2021,3,,1.0,Docuseries
TV SHOW,Marriage or Mortgage,Not Given,Pakistan,2021,TV-G,2021,3,,1.0,Reality Tv
TV SHOW,Pokémon Journeys: The Series,Not Given,Pakistan,2021,TV-Y7,2021,3,,4.0,Anime Series
MOVIE,Barbie Big City Big Dreams,Scott Pleydell-Pearce,Not Given,2021,TV-Y,2021,9,63.0,,Children & Family Movies
MOVIE,Clear and Present Danger,Phillip Noyce,United States,1994,PG-13,2021,9,142.0,,Action & Adventure
MOVIE,Cliffhanger,Renny Harlin,United States,1993,R,2021,9,113.0,,Action & Adventure
MOVIE,Cold Mountain,Anthony Minghella,United States,2003,R,2021,9,154.0,,Dramas
MOVIE,Crocodile Dundee in Los Angeles,Simon Wincer,Australia,2001,PG,2021,9,95.0,,Action & Adventure
MOVIE,Dear John,Lasse Hallström,United States,2010,PG-13,2021,9,108.0,,Dramas
MOVIE,Do the Right Thing,Spike Lee,United States,1989,R,2021,9,120.0,,Classic Movies
MOVIE,"El patrón, radiografía de un crimen",Sebastián Schindel,Argentina,2014,TV-MA,2021,9,100.0,,Dramas
MOVIE,Extraction,Steven C. Miller,United States,2015,R,2021,9,82.0,,Action & Adventure
MOVIE,Freedom Writers,Richard LaGravenese,Germany,2007,PG-13,2021,9,124.0,,Dramas
MOVIE,Green Lantern,Martin Campbell,United States,2011,PG-13,2021,9,114.0,,Action & Adventure
MOVIE,House Party,Reginald Hudlin,United States,1990,R,2021,9,104.0,,Comedies
MOVIE,House Party 2,"George Jackson, Doug McHenry",United States,1991,R,2021,9,94.0,,Comedies
MOVIE,House Party 3,Eric Meza,United States,1994,R,2021,9,94.0,,Comedies
MOVIE,Ginny & Georgia - The Afterparty,Not Given,Pakistan,2021,TV-MA,2021,2,35.0,,Comedies
MOVIE,I Got the Hook Up,Michael Martin,United States,1998,R,2021,9,93.0,,Action & Adventure
MOVIE,In Too Deep,Michael Rymer,United States,1999,R,2021,9,97.0,,Thrillers
MOVIE,Initial D,"Andrew Lau Wai-keung, Alan Mak",China,2005,TV-14,2021,9,109.0,,Action & Adventure
TV SHOW,The Last Bastion,Not Given,Pakistan,2018,TV-MA,2021,2,,1.0,International Tv Shows
TV SHOW,Thus Spoke Kishibe Rohan,Not Given,Pakistan,2021,TV-MA,2021,2,,1.0,Anime Series
TV SHOW,Korean Pork Belly Rhapsody,Not Given,Pakistan,2020,TV-G,2021,1,,1.0,Docuseries
MOVIE,Labyrinth,Jim Henson,United Kingdom,1986,PG,2021,9,101.0,,Action & Adventure
MOVIE,Letters to Juliet,Gary Winick,United States,2010,PG,2021,9,105.0,,Comedies
MOVIE,Level 16,Danishka Esterhazy,Canada,2018,TV-14,2021,9,102.0,,Sci-Fi & Fantasy
MOVIE,Love Don't Cost a Thing,Troy Byer,United States,2003,PG-13,2021,9,101.0,,Comedies
MOVIE,Love in a Puff,Pang Ho-cheung,Hong Kong,2010,TV-MA,2021,9,103.0,,Comedies
TV SHOW,Running Man,Not Given,Pakistan,2020,TV-Y7,2021,1,,1.0,Kids' Tv
MOVIE,Mars Attacks!,Tim Burton,United States,1996,PG-13,2021,9,106.0,,Comedies
MOVIE,Marshall,Reginald Hudlin,United States,2017,PG-13,2021,9,118.0,,Dramas
MOVIE,My Boss's Daughter,David Zucker,United States,2003,R,2021,9,86.0,,Comedies
MOVIE,Mystery Men,Kinka Usher,United States,1999,PG-13,2021,9,121.0,,Action & Adventure
MOVIE,Best of Stand-Up 2020,Not Given,Pakistan,2020,TV-MA,2020,12,77.0,,Stand-Up Comedy
MOVIE,Once Upon a Time in America,Sergio Leone,Italy,1984,R,2021,9,229.0,,Classic Movies
MOVIE,Open Season 2,"Matthew O'Callaghan, Todd Wilderman",United States,2008,PG,2021,9,76.0,,Children & Family Movies
MOVIE,Osmosis Jones,"Bobby Farrelly, Peter Farrelly",United States,2001,PG,2021,9,95.0,,Action & Adventure
MOVIE,Poseidon,Wolfgang Petersen,United States,2006,PG-13,2021,9,98.0,,Action & Adventure
TV SHOW,Transformers: War for Cybertron: Earthrise,Not Given,Pakistan,2020,TV-Y7,2020,12,,1.0,Anime Series
TV SHOW,Manhunt: Deadly Games,Not Given,Pakistan,2020,TV-14,2020,12,,1.0,Crime Tv Shows
TV SHOW,The Great British Baking Show: Holidays,Not Given,Pakistan,2020,TV-MA,2020,12,,3.0,British Tv Shows
TV SHOW,Heart & Soul,Not Given,Pakistan,2019,TV-14,2020,11,,1.0,International Tv Shows
MOVIE,Ya no estoy aquí: Una conversación entre Guillermo del Toro y Alfonso Cuarón,Not Given,Pakistan,2020,TV-PG,2020,11,,,Documentaries
TV SHOW,Kongsuni and Friends,Not Given,Pakistan,2020,TV-Y,2020,10,,2.0,Kids' Tv
TV SHOW,Pat a Pat Como,Not Given,Pakistan,2016,TV-Y,2020,10,,1.0,Kids' Tv
TV SHOW,Qurious Como,Not Given,Pakistan,2017,TV-Y,2020,10,,1.0,Kids' Tv
TV SHOW,Find Yourself,Not Given,Pakistan,2020,TV-14,2020,1,,1.0,International Tv Shows
TV SHOW,Journey of an African Colony,Not Given,Pakistan,2018,TV-MA,2020,10,,1.0,Docuseries
TV SHOW,Mighty Little Bheem,Not Given,Pakistan,2020,TV-Y,2020,9,,3.0,Kids' Tv
MOVIE,Rhyme & Reason,Peter Spirer,United States,1997,R,2021,9,89.0,,Documentaries
MOVIE,Same Kind of Different as Me,Michael Carney,United States,2017,PG-13,2021,9,120.0,,Dramas
MOVIE,School of Rock,Richard Linklater,United States,2003,PG-13,2021,9,110.0,,Comedies
MOVIE,Snervous Tyler Oakley,Amy Rice,United States,2015,PG-13,2021,9,83.0,,Documentaries
MOVIE,Tears of the Sun,Antoine Fuqua,United States,2003,R,2021,9,121.0,,Action & Adventure
MOVIE,The Blue Lagoon,Randal Kleiser,United States,1980,R,2021,9,105.0,,Dramas
MOVIE,The Golden Child,Michael Ritchie,United States,1986,PG-13,2021,9,94.0,,Action & Adventure
MOVIE,The Guns of Navarone,J. Lee Thompson,United Kingdom,1961,TV-14,2021,9,156.0,,Action & Adventure
MOVIE,The Interview,"Evan Goldberg, Seth Rogen",United States,2014,R,2021,9,112.0,,Action & Adventure
MOVIE,The Nutty Professor,Tom Shadyac,United States,1996,PG-13,2021,9,95.0,,Comedies
MOVIE,The Nutty Professor II: The Klumps,Peter Segal,United States,2000,PG-13,2021,9,107.0,,Comedies
MOVIE,Welcome Home Roscoe Jenkins,Malcolm D. Lee,United States,2008,PG-13,2021,9,114.0,,Comedies
MOVIE,In the Line of Fire,Wolfgang Petersen,United States,1993,R,2021,8,129.0,,Action & Adventure
MOVIE,Untold: Crime & Penalties,"Chapman Way, Maclain Way",United States,2021,TV-MA,2021,8,86.0,,Documentaries
MOVIE,Zulu Man in Japan,Not Given,Pakistan,2019,TV-MA,2020,9,44.0,,Documentaries
TV SHOW,Fukrey Boyzzz,Not Given,Pakistan,2020,TV-Y,2020,9,,1.0,Kids' Tv
MOVIE,2 Alone in Paris,"Ramzy Bedia, Éric Judor",France,2008,TV-MA,2021,8,97.0,,Comedies
TV SHOW,Transformers: Cyberverse,Not Given,Pakistan,2020,TV-Y7,2020,9,,2.0,Kids' Tv
TV SHOW,The Witcher: A Look Inside the Episodes,Not Given,Pakistan,2020,TV-MA,2020,9,,1.0,Docuseries
TV SHOW,Dérè: An African Tale,Not Given,Pakistan,2016,TV-PG,2020,8,,1.0,International Tv Shows
TV SHOW,Street Food: Latin America,Not Given,Pakistan,2020,TV-PG,2020,7,,1.0,Docuseries
MOVIE,Little Singham: Legend of Dugabakka,Not Given,Pakistan,2020,TV-Y7,2020,7,68.0,,Children & Family Movies
MOVIE,Seven (Telugu),Not Given,Pakistan,2019,TV-14,2020,6,116.0,,Dramas
MOVIE,Thimmarusu,Sharan Koppisetty,India,2021,TV-14,2021,8,125.0,,Dramas
MOVIE,Wind River,Taylor Sheridan,United Kingdom,2017,R,2021,8,107.0,,Dramas
MOVIE,C Kkompany,Sachin Yardi,India,2008,TV-14,2021,8,127.0,,Action & Adventure
MOVIE,He's All That,Mark Waters,United States,2021,TV-14,2021,8,92.0,,Comedies
TV SHOW,Dating Around,Not Given,Pakistan,2020,TV-MA,2020,6,,2.0,Reality Tv
MOVIE,EMI: Liya Hai To Chukana Padega,Saurabh Kabra,India,2008,TV-14,2021,8,128.0,,Comedies
TV SHOW,First and Last,Not Given,Pakistan,2018,TV-MA,2018,9,,1.0,Docuseries
TV SHOW,King of Boys: The Return of the King,Kemi Adetiba,Nigeria,2021,TV-MA,2021,8,,1.0,Crime Tv Shows
MOVIE,Koi Aap Sa,Partho Mitra,India,2006,TV-14,2021,8,135.0,,Comedies
MOVIE,Krishna Cottage,Santram Varma,India,2004,TV-14,2021,8,124.0,,Action & Adventure
MOVIE,Kucch To Hai,"Anil V. Kumar, Anurag Basu",India,2003,TV-14,2021,8,136.0,,Dramas
MOVIE,Kyaa Kool Hai Hum,Sangeeth Sivan,India,2005,TV-MA,2021,8,165.0,,Comedies
MOVIE,Kyaa Kool Hain Hum 3,Umesh Ghadge,India,2016,TV-MA,2021,8,124.0,,Comedies
MOVIE,Kyaa Super Kool Hain Hum,Sachin Yardi,India,2012,TV-MA,2021,8,136.0,,Comedies
MOVIE,Kyo Kii... Main Jhuth Nahin Bolta,David Dhawan,India,2001,TV-14,2021,8,150.0,,Comedies
MOVIE,"LSD: Love, Sex Aur Dhokha",Dibakar Banerjee,India,2010,TV-MA,2021,8,112.0,,Dramas
MOVIE,Mission Istaanbul: Darr Ke Aagey Jeet Hai,Apoorva Lakhia,India,2008,TV-14,2021,8,119.0,,Action & Adventure
MOVIE,Once Upon a Time in Mumbaai,Milan Luthria,India,2010,TV-14,2021,8,133.0,,Dramas
TV SHOW,Especial 20 años Fútbol de Primera,Not Given,Pakistan,2020,TV-14,2020,5,,1.0,Docuseries
TV SHOW,Hangar 1: The UFO Files,Not Given,Pakistan,2015,TV-PG,2020,5,,1.0,Docuseries
TV SHOW,Hoarders,Not Given,Pakistan,2020,TV-PG,2020,5,,1.0,Reality Tv
TV SHOW,The Universe: Ancient Mysteries Solved,Not Given,Pakistan,2015,TV-PG,2020,5,,1.0,Docuseries
TV SHOW,دفعة القاهرة,Not Given,Pakistan,2019,TV-14,2020,4,,1.0,International Tv Shows
TV SHOW,DreamWorks Spooky Stories: Volume 2,Not Given,Pakistan,2011,TV-PG,2020,4,,1.0,Kids' Tv
MOVIE,Once Upon a Time in Mumbai Dobaara!,Milan Luthria,India,2013,TV-14,2021,8,142.0,,Dramas
MOVIE,Ragini MMS,Pawan Kripalani,India,2011,TV-MA,2021,8,93.0,,Horror Movies
MOVIE,Ragini MMS 2,Bhushan Patel,India,2014,TV-MA,2021,8,113.0,,Horror Movies
TV SHOW,Clickbait,Brad Anderson,United States,2021,TV-MA,2021,8,,1.0,Crime Tv Shows
TV SHOW,The Circle France,Not Given,Pakistan,2020,TV-MA,2020,4,,1.0,International Tv Shows
MOVIE,Shootout at Lokhandwala,Apoorva Lakhia,India,2007,TV-MA,2021,8,116.0,,Action & Adventure
MOVIE,Shor In the City,"Raj Nidimoru, Krishna D.K.",India,2011,TV-14,2021,8,106.0,,Comedies
MOVIE,The Dirty Picture,Milan Luthria,India,2011,TV-14,2021,8,145.0,,Comedies
TV SHOW,Pokémon the Series,Not Given,Pakistan,2019,TV-Y7,2020,4,,3.0,Anime Series
TV SHOW,Wassup Man GO!,Not Given,Pakistan,2020,TV-MA,2020,3,,1.0,International Tv Shows
TV SHOW,Barbie Dreamhouse Adventures: Go Team Roberts,Not Given,Pakistan,2020,TV-Y,2020,3,,2.0,Kids' Tv
TV SHOW,Archibald's Next Big Thing,Not Given,Pakistan,2020,TV-Y7,2020,3,,2.0,Kids' Tv
TV SHOW,Calico Critters Mini Episodes Clover,Not Given,Pakistan,2020,TV-Y,2020,3,,1.0,Kids' Tv
TV SHOW,Passion. Panache. Pep,Not Given,Pakistan,2020,TV-G,2020,2,,1.0,International Tv Shows
MOVIE,Really Love,Angel Kristi Williams,United States,2020,TV-MA,2021,8,95.0,,Dramas
TV SHOW,My Holo Love,Not Given,Pakistan,2020,TV-14,2020,2,,1.0,International Tv Shows
TV SHOW,Rise of Empires: Ottoman,Not Given,Pakistan,2020,TV-MA,2020,1,,1.0,Docuseries
TV SHOW,Chhota Bheem Kung Fu Dhamaka Series,Not Given,Pakistan,2019,TV-Y7,2020,1,,1.0,Kids' Tv
TV SHOW,Pucca: Love Recipe,Not Given,Pakistan,2018,TV-Y7,2019,12,,1.0,Kids' Tv
TV SHOW,The Degenerates,Not Given,Pakistan,2019,TV-MA,2019,12,,2.0,Stand-Up Comedy & Talk Shows
TV SHOW,Space Jungle,Not Given,Pakistan,2016,TV-Y,2019,12,,2.0,Kids' Tv
TV SHOW,The Charming Stepmom,Not Given,Pakistan,2019,TV-14,2019,11,,1.0,International Tv Shows
MOVIE,ChuChuTV Surprise Eggs Learning Videos (Hindi),Not Given,Pakistan,2019,TV-Y,2019,10,34.0,,Children & Family Movies
TV SHOW,Westside Story,Not Given,Pakistan,2003,TV-14,2019,11,,1.0,International Tv Shows
TV SHOW,Happy Jail,Not Given,Pakistan,2019,TV-MA,2019,8,,1.0,Crime Tv Shows
TV SHOW,Sleepless Society: Bedtime Wishes,Not Given,Pakistan,2019,TV-MA,2019,10,,1.0,Crime Tv Shows
TV SHOW,Tunnel,Not Given,Pakistan,2019,TV-14,2019,10,,1.0,Crime Tv Shows
TV SHOW,"ChuChu TV Kids Songs, Learning Videos & Bedtime Stories",Not Given,Pakistan,2019,TV-Y,2019,10,,1.0,Kids' Tv
MOVIE,ChuChuTV Bedtime Stories & Moral Stories for Kids (English),Not Given,Pakistan,2019,TV-Y,2019,10,47.0,,Children & Family Movies
MOVIE,SAS: Rise of the Black Swan,Magnus Martens,Not Given,2021,R,2021,8,124.0,,Action & Adventure
MOVIE,"Bob Ross: Happy Accidents, Betrayal & Greed",Joshua Rofé,Not Given,2021,TV-14,2021,8,93.0,,Documentaries
TV SHOW,John of God: The Crimes of a Spiritual Healer,"Mauricio Dias, Tatiana Villela",Not Given,2021,TV-MA,2021,8,,1.0,Crime Tv Shows
MOVIE,The November Man,Roger Donaldson,United States,2014,R,2021,8,108.0,,Action & Adventure
MOVIE,The Old Ways,Christopher Alender,United States,2020,TV-MA,2021,8,90.0,,Horror Movies
MOVIE,The Water Man,David Oyelowo,United States,2021,PG,2021,8,92.0,,Children & Family Movies
MOVIE,The River Runner,Rush Sturges,Not Given,2021,TV-MA,2021,8,86.0,,Documentaries
MOVIE,Count Me In,Mark Lo,United Kingdom,2021,TV-MA,2021,8,82.0,,Documentaries
MOVIE,Untold: Caitlyn Jenner,Crystal Moselle,Not Given,2021,TV-PG,2021,8,70.0,,Documentaries
MOVIE,The Witcher: Nightmare of the Wolf,Han Kwang Il,Not Given,2021,TV-MA,2021,8,84.0,,Action & Adventure
MOVIE,Gunshot,Karim El Shenawy,Not Given,2018,TV-14,2021,8,96.0,,Dramas
MOVIE,Unroyal,Moses Inwang,Nigeria,2020,TV-MA,2021,8,97.0,,Dramas
MOVIE,ChuChuTV Bedtime Stories & Moral Stories for Kids (Hindi),Not Given,Pakistan,2019,TV-Y,2019,10,56.0,,Children & Family Movies
MOVIE,Sweet Girl,Brian Andrew Mendoza,United States,2021,R,2021,8,110.0,,Action & Adventure
MOVIE,ChuChuTV Surprise Eggs Learning Videos (English),Not Given,Pakistan,2019,TV-Y,2019,10,61.0,,Children & Family Movies
TV SHOW,Beyblade Burst Turbo,Not Given,Pakistan,2018,TV-Y7,2019,10,,1.0,Anime Series
TV SHOW,Super Monsters,Not Given,Pakistan,2019,TV-Y,2019,10,,3.0,Kids' Tv
MOVIE,Little Baby Bum: Go Buster,Not Given,Pakistan,2019,TV-Y,2019,10,58.0,,Children & Family Movies
TV SHOW,Top Boy,Not Given,Pakistan,2019,TV-MA,2019,9,,1.0,British Tv Shows
TV SHOW,Loo Loo Kids: Johny & Friends Musical Adventures,Not Given,Pakistan,2016,TV-Y,2019,9,,1.0,Kids' Tv
TV SHOW,HERO MASK,Not Given,Pakistan,2019,TV-14,2019,8,,2.0,Anime Series
TV SHOW,Extreme Engagement,Not Given,Pakistan,2019,TV-MA,2019,7,,1.0,International Tv Shows
TV SHOW,PILI Fantasy: War of Dragons,Not Given,Pakistan,2019,TV-14,2019,7,,1.0,International Tv Shows
MOVIE,Man in Love,Yin Chen-hao,Not Given,2021,TV-MA,2021,8,115.0,,Dramas
MOVIE,Boomika,Rathindran R Prasad,Not Given,2021,TV-14,2021,8,122.0,,Horror Movies
MOVIE,Boomika (Hindi),Rathindran R Prasad,Not Given,2021,TV-14,2021,8,122.0,,Horror Movies
MOVIE,Boomika (Malayalam),Rathindran R Prasad,Not Given,2021,TV-14,2021,8,122.0,,Horror Movies
MOVIE,Boomika (Telugu),Rathindran R Prasad,Not Given,2021,TV-14,2021,8,122.0,,Horror Movies
MOVIE,Like Crazy,Drake Doremus,United States,2011,PG-13,2021,8,91.0,,Dramas
MOVIE,Bombay,Mani Ratnam,India,1995,TV-14,2021,8,135.0,,Dramas
MOVIE,Pahuna,Paakhi Tyrewala,India,2018,TV-PG,2021,8,82.0,,Comedies
MOVIE,O Kadhal Kanmani,Mani Ratnam,India,2015,TV-14,2021,8,133.0,,Dramas
MOVIE,The Secret Diary of an Exchange Student,Bruno Garotti,Brazil,2021,TV-14,2021,8,97.0,,Comedies
MOVIE,Walk of Shame,Steve Brill,United States,2014,R,2021,8,94.0,,Comedies
MOVIE,Untold: Deal With the Devil,Laura Brownson,United States,2021,TV-MA,2021,8,78.0,,Documentaries
TV SHOW,True Tunes,Not Given,Pakistan,2019,TV-Y,2019,7,,1.0,Kids' Tv
MOVIE,The Piano,Jane Campion,New Zealand,1993,R,2021,8,121.0,,Classic Movies
MOVIE,Lift Like a Girl,Mayye Zayed,Egypt,2021,TV-PG,2021,7,93.0,,Documentaries
TV SHOW,Kakegurui,Not Given,Pakistan,2019,TV-MA,2019,7,,2.0,International Tv Shows
TV SHOW,El desconocido,Not Given,Pakistan,2019,TV-MA,2019,6,,2.0,Crime Tv Shows
TV SHOW,Killer Ratings,Not Given,Pakistan,2019,TV-MA,2019,5,,1.0,Crime Tv Shows
TV SHOW,I Hear You,Not Given,Pakistan,2019,TV-14,2019,5,,1.0,International Tv Shows
TV SHOW,Away From Home,Not Given,Pakistan,2015,TV-PG,2019,5,,1.0,International Tv Shows
TV SHOW,Bibik-Bibikku,Not Given,Pakistan,2016,TV-PG,2019,5,,1.0,International Tv Shows
TV SHOW,Cinta 100KG,Not Given,Pakistan,2016,TV-14,2019,5,,1.0,International Tv Shows
MOVIE,The Loud House Movie,Dave Needham,Not Given,2021,TV-Y7,2021,8,88.0,,Children & Family Movies
MOVIE,A Faraway Land,Veronica Velasco,Not Given,2020,TV-PG,2021,8,102.0,,Dramas
MOVIE,Black Island,Miguel Alexandre,Not Given,2021,TV-MA,2021,8,105.0,,International Movies
MOVIE,Memories of a Murderer: The Nilsen Tapes,Michael Harte,Not Given,2021,TV-MA,2021,8,86.0,,Documentaries
MOVIE,Out of my league,Alice Filippi,Not Given,2020,TV-MA,2021,8,92.0,,Comedies
MOVIE,Nneka The Pretty Serpent,Tosin Igho,Not Given,2020,TV-14,2021,8,140.0,,Dramas
TV SHOW,Cinta Iris,Not Given,Pakistan,2015,TV-PG,2019,5,,1.0,International Tv Shows
MOVIE,Beckett,Ferdinando Cito Filomarino,Italy,2021,TV-MA,2021,8,110.0,,Action & Adventure
TV SHOW,Cinta Si Wedding Planner,Not Given,Pakistan,2015,TV-14,2019,5,,1.0,International Tv Shows
TV SHOW,Cinta Teruna Kimchi,Not Given,Pakistan,2016,TV-PG,2019,5,,1.0,International Tv Shows
TV SHOW,Gone for Good,Juan Carlos Medina,France,2021,TV-MA,2021,8,,1.0,Crime Tv Shows
TV SHOW,Secret of Success,Not Given,Pakistan,2015,TV-14,2019,5,,1.0,International Tv Shows
TV SHOW,The Missing Menu,Not Given,Pakistan,2016,TV-PG,2019,5,,1.0,International Tv Shows
TV SHOW,Valeria,Inma Torrente,Spain,2021,TV-MA,2021,8,,2.0,International Tv Shows
TV SHOW,Unchained Fate,Not Given,Pakistan,2016,TV-14,2019,5,,1.0,International Tv Shows
MOVIE,Lokillo: Nothing's the Same,Julián Gaviria,Colombia,2021,TV-MA,2021,8,64.0,,Stand-Up Comedy
MOVIE,Monster Hunter: Legends of the Guild,Steven Yamamoto,United States,2021,TV-PG,2021,8,59.0,,Action & Adventure
TV SHOW,I Have a Script,Not Given,Pakistan,2019,TV-14,2019,5,,1.0,International Tv Shows
MOVIE,Brother Jekwu,Charles Uwagbai,Nigeria,2016,TV-14,2021,8,101.0,,Comedies
MOVIE,La diosa del asfalto,Julián Hernández,Mexico,2020,TV-MA,2021,8,127.0,,Dramas
MOVIE,Misha and the Wolves,Sam Hobkinson,Belgium,2021,PG-13,2021,8,90.0,,Documentaries
MOVIE,The Kissing Booth 3,Vince Marcello,United Kingdom,2021,TV-14,2021,8,114.0,,Comedies
MOVIE,The Railway Man,Jonathan Teplitzky,Switzerland,2013,R,2021,8,108.0,,Dramas
TV SHOW,What If?,Not Given,Pakistan,2019,TV-14,2019,5,,1.0,International Tv Shows
MOVIE,Super Monsters Furever Friends,Not Given,Pakistan,2019,TV-Y,2019,4,59.0,,Children & Family Movies
TV SHOW,Kicko & Super Speedo,Not Given,Pakistan,2018,TV-Y7,2019,4,,1.0,Kids' Tv
TV SHOW,The Terminal,Not Given,Pakistan,2018,TV-14,2019,3,,1.0,International Tv Shows
TV SHOW,The Eagle of El-Se'eed,Not Given,Pakistan,2018,TV-14,2019,3,,1.0,Crime Tv Shows
TV SHOW,The 10 Sins,Not Given,Pakistan,2018,TV-14,2019,3,,1.0,International Tv Shows
MOVIE,Antoine Griezmann: The Making of a Legend,Not Given,Pakistan,2019,TV-PG,2019,3,60.0,,Documentaries
TV SHOW,9-Feb,Not Given,Pakistan,2018,TV-14,2019,3,,1.0,International Tv Shows
TV SHOW,My Pride,Not Given,Pakistan,2018,TV-14,2019,3,,1.0,International Tv Shows
TV SHOW,The Disappearance of Madeleine McCann,Not Given,Pakistan,2019,TV-14,2019,3,,1.0,Crime Tv Shows
TV SHOW,The Confrontation,Not Given,Pakistan,2018,TV-PG,2019,3,,1.0,International Tv Shows
TV SHOW,Larva Island,Not Given,Pakistan,2019,TV-Y7,2019,3,,2.0,Kids' Tv
TV SHOW,Losers,Not Given,Pakistan,2019,TV-MA,2019,3,,1.0,Docuseries
TV SHOW,Larry Charles' Dangerous World of Comedy,Not Given,Pakistan,2019,TV-MA,2019,2,,1.0,Docuseries
TV SHOW,The 43,Not Given,Pakistan,2019,TV-MA,2019,2,,1.0,Crime Tv Shows
TV SHOW,Dinotrux Supercharged,Not Given,Pakistan,2018,TV-Y7,2018,8,,3.0,Kids' Tv
TV SHOW,Paprika,Not Given,Pakistan,2018,TV-Y,2019,1,,1.0,Kids' Tv
MOVIE,Untold: Malice at the Palace,Floyd Russ,United States,2021,TV-MA,2021,8,70.0,,Documentaries
TV SHOW,The Perfect Match,Not Given,Pakistan,2017,TV-14,2019,1,,1.0,International Tv Shows
MOVIE,Quartet,Dustin Hoffman,United Kingdom,2012,PG-13,2021,8,98.0,,Comedies
MOVIE,Slay,Adze Ugah,South Africa,2021,TV-MA,2021,8,86.0,,Comedies
MOVIE,The Paper Tigers,Quoc Bao Tran,United States,2021,PG-13,2021,8,111.0,,Action & Adventure
TV SHOW,Memory Love,Not Given,Pakistan,2017,TV-14,2019,1,,1.0,International Tv Shows
TV SHOW,Navarasa,"Bejoy Nambiar, Priyadarshan, Karthik Narain, Vasanth Sai, Karthik Subbaraj, Arvind Swamy, Rathindran R Prasad, Sarjun, Gautham Vasudev Menon",India,2021,TV-MA,2021,8,,1.0,Tv Shows
MOVIE,Quam's Money,Kayode Kasum,Nigeria,2020,TV-MA,2021,8,115.0,,Comedies
MOVIE,The Swarm,Just Philippot,France,2021,TV-14,2021,8,102.0,,Horror Movies
MOVIE,Vivo,"Kirk DeMicco, Brandon Jeffords",Canada,2021,PG,2021,8,100.0,,Children & Family Movies
MOVIE,Chennai Express,Rohit Shetty,India,2013,TV-14,2021,8,135.0,,Action & Adventure
MOVIE,City of God: 10 Years Later,"Cavi Borges, Luciano Vidigal",Brazil,2013,TV-MA,2021,8,69.0,,Documentaries
MOVIE,Esperando la carroza,Alejandro Doria,Argentina,1985,TV-MA,2021,8,95.0,,Comedies
MOVIE,Lady Boss: The Jackie Collins Story,Laura Fairrie,United Kingdom,2021,TV-14,2021,8,97.0,,Documentaries
MOVIE,Tango Feroz,Marcelo Piñeyro,Argentina,1993,TV-MA,2021,8,124.0,,Classic Movies
TV SHOW,Trigger Warning with Killer Mike,Not Given,Pakistan,2019,TV-MA,2019,1,,1.0,Docuseries
TV SHOW,Back with the Ex,Not Given,Pakistan,2018,TV-MA,2019,1,,1.0,International Tv Shows
TV SHOW,See You in Time,Not Given,Pakistan,2017,TV-14,2019,1,,1.0,International Tv Shows
TV SHOW,Pioneers: First Women Filmmakers*,Not Given,Pakistan,1925,TV-14,2018,12,,1.0,Tv Shows
MOVIE,Bill Hicks: Reflections,Not Given,Pakistan,2015,TV-MA,2018,12,34.0,,Documentaries
TV SHOW,Single Ladies Senior,Not Given,Pakistan,2018,TV-MA,2018,12,,1.0,International Tv Shows
TV SHOW,Inside the Real Narcos,Not Given,Pakistan,2018,TV-MA,2018,12,,1.0,British Tv Shows
TV SHOW,Haunted House,Not Given,Pakistan,2017,TV-G,2018,12,,1.0,Kids' Tv
MOVIE,Oddbods: The Festive Menace,Not Given,Pakistan,2018,TV-Y,2018,12,,,Movies
TV SHOW,Kulipari: Dream Walker,Not Given,Pakistan,2018,TV-Y7,2018,11,,1.0,Kids' Tv
MOVIE,'76,Izu Ojukwu,Nigeria,2016,TV-PG,2021,8,118.0,,Dramas
MOVIE,Aftermath,Peter Winther,United States,2021,TV-MA,2021,8,115.0,,Horror Movies
MOVIE,American Masters: Inventing David Geffen,Susan Lacy,United States,2012,TV-MA,2021,8,115.0,,Movies
TV SHOW,Paap-O-Meter,Not Given,Pakistan,2017,TV-Y7,2018,11,,1.0,Kids' Tv
TV SHOW,Cocaine Cowboys: The Kings of Miami,Billy Corben,United States,2021,TV-MA,2021,8,,1.0,Crime Tv Shows
TV SHOW,Beyblade Burst Evolution,Not Given,Pakistan,2017,TV-Y,2018,11,,1.0,Anime Series
TV SHOW,The Great British Baking Show: The Beginnings,Not Given,Pakistan,2012,TV-PG,2018,11,,1.0,British Tv Shows
MOVIE,Oddbods: Party Monsters,Not Given,Pakistan,2018,TV-Y,2018,10,,,Movies
MOVIE,Heavy,James Mangold,United States,1995,R,2021,8,104.0,,Dramas
MOVIE,Ije: The Journey,Chineze Anyaene,United States,2010,TV-MA,2021,8,106.0,,Dramas
TV SHOW,Office Girls,Hsu Fu-chun,Taiwan,2011,TV-14,2021,8,,1.0,International Tv Shows
MOVIE,Pray Away,Kristine Stolakis,United States,2021,PG-13,2021,8,102.0,,Documentaries
TV SHOW,Edgar Rice Burroughs' Tarzan and Jane,Not Given,Pakistan,2018,TV-Y7,2018,10,,2.0,Crime Tv Shows
TV SHOW,Ordinary Heroes,Not Given,Pakistan,2018,TV-MA,2018,10,,1.0,Crime Tv Shows
TV SHOW,Salt Fat Acid Heat,Not Given,Pakistan,2018,TV-PG,2018,10,,1.0,Docuseries
TV SHOW,Dancing Queen,Not Given,Pakistan,2018,TV-14,2018,10,,1.0,Reality Tv
TV SHOW,Violet Evergarden: Special,Not Given,Pakistan,2018,TV-PG,2018,10,,1.0,Anime Series
TV SHOW,Battlefish,Not Given,Pakistan,2018,TV-MA,2018,9,,1.0,Reality Tv
MOVIE,Beethoven,Brian Levant,United States,1992,PG,2021,8,87.0,,Children & Family Movies
TV SHOW,Super Monsters Monster Party,Not Given,Pakistan,2018,TV-Y,2018,9,,1.0,Kids' Tv
TV SHOW,If I were an Animal,Not Given,Pakistan,2018,TV-G,2018,9,,1.0,Docuseries
TV SHOW,Show Me the Money,Not Given,Pakistan,2004,TV-14,2018,9,,2.0,International Tv Shows
TV SHOW,Pretty Man,Not Given,Pakistan,2018,TV-14,2018,8,,1.0,International Tv Shows
TV SHOW,Camarón Revolution,Not Given,Pakistan,2018,TV-14,2018,7,,1.0,Docuseries
MOVIE,Pocoyo & Cars,Not Given,Pakistan,2015,TV-Y,2018,5,,,Movies
MOVIE,Pocoyo Carnival,Not Given,Pakistan,2015,TV-Y,2018,5,,,Movies
MOVIE,Pocoyo Halloween: Spooky Movies,Not Given,Pakistan,2014,TV-Y,2018,5,,,Movies
TV SHOW,Spiritual House,Not Given,Pakistan,2017,TV-PG,2018,5,,1.0,International Tv Shows
TV SHOW,Goodnight DJ 1,Not Given,Pakistan,2016,TV-14,2018,4,,2.0,International Tv Shows
TV SHOW,Moving On,Not Given,Pakistan,2016,TV-PG,2018,4,,1.0,International Tv Shows
TV SHOW,Trio and a Bed,Not Given,Pakistan,2016,TV-PG,2018,4,,1.0,International Tv Shows
TV SHOW,海的儿子,Not Given,Pakistan,2016,TV-14,2018,4,,1.0,International Tv Shows
TV SHOW,Breakout,Not Given,Pakistan,2010,TV-14,2017,7,,1.0,International Tv Shows
TV SHOW,Tundukkan Playboy Itu,Not Given,Pakistan,2016,TV-PG,2018,1,,1.0,International Tv Shows
TV SHOW,Wadi,Not Given,Pakistan,2015,TV-14,2017,12,,1.0,International Tv Shows
TV SHOW,Part-Time Idol,Not Given,Pakistan,2017,TV-14,2017,12,,1.0,International Tv Shows
TV SHOW,Cheuk Wan-Chi: Two Night Stand,Not Given,Pakistan,2015,TV-MA,2017,12,,1.0,International Tv Shows
MOVIE,Beethoven's 2nd,Rod Daniel,United States,1993,PG,2021,8,88.0,,Children & Family Movies
MOVIE,Beowulf,Robert Zemeckis,United States,2007,PG-13,2021,8,114.0,,Action & Adventure
MOVIE,Boyka: Undisputed,Todor Chapkanov,Bulgaria,2016,R,2021,8,90.0,,Action & Adventure
MOVIE,Catch Me If You Can,Steven Spielberg,United States,2002,PG-13,2021,8,142.0,,Dramas
MOVIE,Cloudy with a Chance of Meatballs,"Phil Lord, Christopher Miller",United States,2009,PG,2021,8,90.0,,Children & Family Movies
TV SHOW,Dawai Asmara,Not Given,Pakistan,2016,TV-14,2017,12,,1.0,International Tv Shows
MOVIE,Deep Blue Sea,Renny Harlin,United States,1999,R,2021,8,105.0,,Action & Adventure
MOVIE,Ferris Bueller's Day Off,John Hughes,United States,1986,PG-13,2021,8,103.0,,Classic Movies
MOVIE,Five Feet Apart,Justin Baldoni,United States,2019,PG-13,2021,8,116.0,,Dramas
MOVIE,Freedomland,Joe Roth,United States,2006,R,2021,8,113.0,,Dramas
TV SHOW,Padamu Aku Bersujud,Not Given,Pakistan,2015,TV-14,2017,12,,1.0,International Tv Shows
MOVIE,Good Luck Chuck,Mark Helfrich,United States,2007,R,2021,8,99.0,,Comedies
TV SHOW,Trailer Park Boys: Out of the Park: USA,Not Given,Pakistan,2017,TV-MA,2017,11,,1.0,International Tv Shows
MOVIE,Inception,Christopher Nolan,United States,2010,PG-13,2021,8,148.0,,Action & Adventure
MOVIE,Magnolia,Paul Thomas Anderson,United States,1999,R,2021,8,189.0,,Dramas
MOVIE,Major Payne,Nick Castle,United States,1995,PG-13,2021,8,97.0,,Comedies
MOVIE,My Girl,Howard Zieff,United States,1991,PG-13,2021,8,102.0,,Dramas
MOVIE,"Alias JJ, la celebridad del mal",Not Given,Pakistan,2017,TV-MA,2017,9,54.0,,Documentaries
TV SHOW,The Family Court,Not Given,Pakistan,2010,TV-MA,2017,11,,1.0,International Tv Shows
TV SHOW,The Golden Path,Not Given,Pakistan,2007,TV-MA,2017,11,,1.0,International Tv Shows
TV SHOW,The Little Nyonya,Not Given,Pakistan,2009,TV-14,2017,11,,1.0,International Tv Shows
TV SHOW,The Truth,Not Given,Pakistan,2008,TV-14,2017,11,,1.0,Crime Tv Shows
TV SHOW,In Laws,Not Given,Pakistan,2016,TV-PG,2017,10,,1.0,International Tv Shows
MOVIE,My Girl 2,Howard Zieff,United States,1994,PG,2021,8,99.0,,Children & Family Movies
MOVIE,Open Season: Scared Silly,David Feiss,United States,2015,PG,2021,8,85.0,,Children & Family Movies
MOVIE,Pineapple Express,David Gordon Green,United States,2008,R,2021,8,112.0,,Action & Adventure
MOVIE,Planet 51,Jorge Blanco,Spain,2009,PG,2021,8,91.0,,Children & Family Movies
MOVIE,Poms,Zara Hayes,United Kingdom,2019,PG-13,2021,8,91.0,,Comedies
MOVIE,Seabiscuit,Gary Ross,United States,2003,PG-13,2021,8,141.0,,Dramas
MOVIE,Space Cowboys,Clint Eastwood,United States,2000,PG-13,2021,8,130.0,,Action & Adventure
MOVIE,Team America: World Police,Trey Parker,United States,2004,R,2021,8,98.0,,Action & Adventure
MOVIE,The Edge of Seventeen,Kelly Fremon Craig,United States,2016,R,2021,8,105.0,,Comedies
MOVIE,The Haunting in Connecticut 2: Ghosts of Georgia,Tom Elkins,United States,2013,R,2021,8,101.0,,Horror Movies
MOVIE,The Last Boy Scout,Tony Scott,United States,1991,R,2021,8,105.0,,Action & Adventure
MOVIE,The Lincoln Lawyer,Brad Furman,United States,2011,R,2021,8,118.0,,Dramas
MOVIE,The Losers,Sylvain White,United States,2010,PG-13,2021,8,97.0,,Action & Adventure
MOVIE,The Machinist,Brad Anderson,Spain,2004,R,2021,8,102.0,,Dramas
MOVIE,The Net,Irwin Winkler,United States,1995,PG-13,2021,8,114.0,,Thrillers
MOVIE,The Original Kings of Comedy,Spike Lee,United States,2000,R,2021,8,111.0,,Stand-Up Comedy
MOVIE,Valentine's Day,Garry Marshall,United States,2010,PG-13,2021,8,125.0,,Comedies
TV SHOW,Laws of Attraction,Not Given,Pakistan,2012,TV-14,2017,10,,1.0,International Tv Shows
TV SHOW,Mak Cun,Not Given,Pakistan,2015,TV-PG,2017,9,,1.0,International Tv Shows
TV SHOW,Satu Hari,Not Given,Pakistan,2014,TV-PG,2017,9,,1.0,International Tv Shows
MOVIE,The Lost Café,Kenneth Gyang,Nigeria,2018,TV-14,2021,7,76.0,,Dramas
MOVIE,Eyes of a Thief,Najwa Najjar,France,2014,TV-14,2021,7,103.0,,Dramas
MOVIE,Pomegranates and Myrrh,Najwa Najjar,France,2009,TV-14,2021,7,95.0,,Dramas
MOVIE,Chhota Bheem: Bheem vs Aliens,Rajiv Chilaka,India,2010,TV-Y7,2021,7,69.0,,Children & Family Movies
TV SHOW,Love Storm,Not Given,Pakistan,2016,TV-14,2017,8,,1.0,International Tv Shows
MOVIE,Flower Girl,Michelle Bello,Nigeria,2013,TV-PG,2021,7,94.0,,Comedies
TV SHOW,Surviving Escobar - Alias JJ,Not Given,Pakistan,2017,TV-MA,2017,8,,1.0,Crime Tv Shows
MOVIE,Bartkowiak,Daniel Markowicz,Poland,2021,TV-MA,2021,7,92.0,,Action & Adventure
MOVIE,Fantastic Fungi,Louie Schwartzberg,United States,2019,TV-14,2021,7,81.0,,Documentaries
MOVIE,Pac's Scary Halloween,Not Given,Pakistan,2016,TV-Y7,2016,10,44.0,,Movies
TV SHOW,The Flash,Glen Winter,United States,2021,TV-14,2021,7,,7.0,Crime Tv Shows
MOVIE,"Katarzyna Piasecka, Rafał Pacześ Seriously Funny",Not Given,Pakistan,2016,TV-MA,2016,9,65.0,,Stand-Up Comedy
MOVIE,"Mariusz Kałamaga, Karol Kopiec, Wiolka Walaszczyk Hilarious Trio",Not Given,Pakistan,2016,TV-MA,2016,9,69.0,,Stand-Up Comedy
MOVIE,"Rafał Banaś, Michał Leja Laugh out Loud",Not Given,Pakistan,2016,TV-MA,2016,9,64.0,,Stand-Up Comedy
MOVIE,The Best of Rafał Rutkowski Olka Szczęśniak,Not Given,Pakistan,2016,TV-MA,2016,9,63.0,,Stand-Up Comedy
MOVIE,"Tomasz Jachimek, Jacek Stramik Laugh at Live",Not Given,Pakistan,2016,TV-MA,2016,9,63.0,,Stand-Up Comedy
TV SHOW,Chef's Table: France,Not Given,Pakistan,2016,TV-14,2016,9,,1.0,Docuseries
TV SHOW,Masha's Tales,Not Given,Pakistan,2012,TV-Y,2016,2,,1.0,Kids' Tv
TV SHOW,Wakfu: The Quest for the Six Eliatrope Dofus,Not Given,Pakistan,2014,TV-PG,2015,10,,1.0,Kids' Tv
TV SHOW,Eurovision Song Contest,Not Given,Pakistan,2019,TV-PG,2019,7,,1.0,International Tv Shows
MOVIE,The Vault,Jaume Balagueró,Not Given,2021,R,2021,7,118.0,,Action & Adventure
MOVIE,I'm Glad I Did,Selçuk Metin,Not Given,2020,TV-14,2021,7,114.0,,Documentaries
MOVIE,The Last Mercenary,David Charhon,Not Given,2021,TV-MA,2021,7,112.0,,Action & Adventure
MOVIE,Resort to Love,Steven Tsuchida,Not Given,2021,TV-14,2021,7,102.0,,Comedies
MOVIE,Rurouni Kenshin: The Beginning,Keishi Otomo,Not Given,2021,TV-MA,2021,7,138.0,,Action & Adventure
MOVIE,Mimi,Laxman Utekar,India,2021,TV-14,2021,7,132.0,,Comedies
MOVIE,Bankrolled,Marcos Bucay,Mexico,2021,TV-MA,2021,7,97.0,,Comedies
MOVIE,Department,Ram Gopal Varma,India,2012,TV-MA,2021,7,143.0,,Action & Adventure
MOVIE,Kingdom: Ashin of the North,Kim Seong-hun,South Korea,2021,TV-MA,2021,7,94.0,,Horror Movies
TV SHOW,9-Feb,Not Given,Pakistan,2018,TV-14,2019,3,,1.0,International Tv Shows
MOVIE,The Operative,Yuval Adler,France,2019,TV-MA,2021,7,117.0,,Dramas
TV SHOW,แผนร้ายนายเจ้าเล่ห์,Not Given,Pakistan,2016,TV-14,2019,3,,1.0,International Tv Shows
MOVIE,Django Unchained,Quentin Tarantino,United States,2012,R,2021,7,165.0,,Action & Adventure
MOVIE,A Second Chance:  Rivals!,Clay Glen,Australia,2021,PG,2021,7,91.0,,Children & Family Movies
TV SHOW,Beauty and the Bitches,Not Given,Pakistan,2016,TV-MA,2019,4,,2.0,International Tv Shows
TV SHOW,Behind the Newsroom,Not Given,Pakistan,2015,TV-MA,2018,9,,1.0,International Tv Shows
TV SHOW,Bob Ross: Beauty Is Everywhere,Not Given,Pakistan,1991,TV-G,2016,6,,1.0,Tv Shows
TV SHOW,Border Patrol,Not Given,Pakistan,2016,TV-PG,2019,10,,1.0,Reality Tv
TV SHOW,Bringing Sexy Back,Not Given,Pakistan,2015,TV-14,2019,10,,1.0,International Tv Shows
TV SHOW,Buddha,Not Given,Pakistan,2013,TV-PG,2018,4,,1.0,International Tv Shows
TV SHOW,"Bure Kaam Bura Natija, Kyun Bhai Chacha Haan Bhatija",Not Given,Pakistan,2017,TV-PG,2018,3,,1.0,Kids' Tv
TV SHOW,Castle of Stars,Not Given,Pakistan,2015,TV-MA,2018,9,,1.0,International Tv Shows
TV SHOW,Club Friday The Series 8,Not Given,Pakistan,2017,TV-MA,2019,2,,8.0,International Tv Shows
TV SHOW,Club Friday The Series 6,Not Given,Pakistan,2015,TV-MA,2019,3,,9.0,International Tv Shows
TV SHOW,Club Friday The Series 7,Not Given,Pakistan,2016,TV-MA,2018,6,,7.0,International Tv Shows
TV SHOW,Club Friday To Be Continued - Friend & Enemy,Not Given,Pakistan,2016,TV-MA,2018,4,,1.0,International Tv Shows
TV SHOW,Club Friday To Be Continued - My Beautiful Tomboy,Not Given,Pakistan,2016,TV-MA,2018,4,,1.0,International Tv Shows
TV SHOW,Club Friday To Be Continued - The Promise,Not Given,Pakistan,2016,TV-MA,2018,4,,1.0,International Tv Shows
TV SHOW,Diva Brides,Not Given,Pakistan,2017,TV-MA,2019,10,,1.0,British Tv Shows
MOVIE,Hostage House,David Benullo,Not Given,2021,TV-14,2021,7,86.0,,Thrillers
TV SHOW,Plastic Cup Boyz: Laughing My Mask Off!,"Royale Watkins, Rich Schlansker",Not Given,2021,TV-MA,2021,7,,1.0,Stand-Up Comedy & Talk Shows
MOVIE,African America,Muzi Mthembu,Not Given,2021,TV-MA,2021,7,97.0,,Dramas
MOVIE,Blood Red Sky,Peter Thorwarth,Not Given,2021,TV-MA,2021,7,123.0,,Action & Adventure
MOVIE,Chhota Bheem - Neeli Pahaadi,Rajiv Chilaka,India,2013,TV-Y7,2021,7,64.0,,Children & Family Movies
MOVIE,Chhota Bheem & Ganesh,Rajiv Chilaka,India,2009,TV-Y7,2021,7,68.0,,Children & Family Movies
MOVIE,Chhota Bheem & Krishna: Mayanagari,Rajiv Chilaka,India,2011,TV-Y7,2021,7,67.0,,Children & Family Movies
MOVIE,The Last Letter From Your Lover,Augustine Frizzell,United Kingdom,2021,TV-MA,2021,7,111.0,,Dramas
MOVIE,Chhota Bheem & Krishna: Pataliputra- City of the Dead,Rajiv Chilaka,India,2010,TV-Y7,2021,7,66.0,,Children & Family Movies
MOVIE,Chhota Bheem And The Crown of Valhalla,Rajiv Chilaka,India,2013,TV-Y7,2021,7,64.0,,Children & Family Movies
MOVIE,Chhota Bheem And The Broken Amulet,Rajiv Chilaka,India,2013,TV-Y7,2021,7,64.0,,Children & Family Movies
MOVIE,Chhota Bheem aur Krishna,Rajiv Chilaka,India,2009,TV-Y7,2021,7,68.0,,Children & Family Movies
MOVIE,Chhota Bheem and the Incan Adventure,Rajiv Chilaka,India,2013,TV-Y7,2021,7,65.0,,Children & Family Movies
MOVIE,Chhota Bheem and The ShiNobi Secret,Rajiv Chilaka,India,2013,TV-Y7,2021,7,64.0,,Children & Family Movies
MOVIE,Chhota Bheem Aur Hanuman,Rajiv Chilaka,India,2012,TV-Y7,2021,7,68.0,,Children & Family Movies
MOVIE,Chhota Bheem aur Krishna vs Zimbara,Rajiv Chilaka,India,2013,TV-Y7,2021,7,64.0,,Children & Family Movies
TV SHOW,Earth's Natural Wonders: Life at the Extremes,Not Given,Pakistan,2018,TV-14,2018,10,,1.0,British Tv Shows
TV SHOW,Encerrados,Not Given,Pakistan,2018,TV-MA,2018,6,,1.0,International Tv Shows
TV SHOW,Enemigo íntimo,Not Given,Pakistan,2018,TV-MA,2018,8,,1.0,Crime Tv Shows
TV SHOW,Fatal Destiny,Not Given,Pakistan,2016,TV-MA,2018,7,,1.0,Crime Tv Shows
TV SHOW,Fit for Fashion,Not Given,Pakistan,2015,TV-14,2018,12,,2.0,International Tv Shows
MOVIE,Chhota Bheem - Dinosaur World,Sidheswar Shukla,Not Given,2015,TV-Y,2021,7,65.0,,Children & Family Movies
MOVIE,Chhota Bheem in African Safari,Binayak Das,Not Given,2015,TV-Y7,2021,7,62.0,,Children & Family Movies
MOVIE,Chhota Bheem Ka Roosi Romanch,"Arpan Sarkar, Shyamal Chaulia",Not Given,2019,TV-Y,2021,7,63.0,,Children & Family Movies
MOVIE,Chhota Bheem: Dholakpur to Kathmandu,Rajiv Chilaka,India,2012,TV-Y7,2021,7,70.0,,Children & Family Movies
MOVIE,Cousins,"Ainsley Gardiner, Briar Grace-Smith",New Zealand,2021,TV-MA,2021,7,99.0,,Dramas
MOVIE,Sanitation Day,Seyi Babatope,Nigeria,2020,TV-14,2021,7,105.0,,Dramas
MOVIE,Chhota Bheem: Journey to Petra,Rajiv Chilaka,India,2011,TV-Y7,2021,7,68.0,,Children & Family Movies
MOVIE,Chhota Bheem: Master of Shaolin,Rajiv Chilaka,India,2011,TV-Y7,2021,7,74.0,,Children & Family Movies
MOVIE,Milkwater,Morgan Ingari,United States,2020,TV-MA,2021,7,102.0,,Comedies
MOVIE,Chhota Bheem: The Rise of Kirmada,Rajiv Chilaka,India,2012,TV-Y7,2021,7,68.0,,Children & Family Movies
MOVIE,Wannabe Courageous,Mahmoud Karim,Egypt,2019,TV-14,2021,7,90.0,,Comedies
MOVIE,The Tambour of Retribution,Abdulaziz Alshlahei,Saudi Arabia,2021,TV-14,2021,7,91.0,,Dramas
MOVIE,Cosmic Sin,Edward Drake,United States,2021,R,2021,7,88.0,,Action & Adventure
TV SHOW,Food: Delicious Science,Not Given,Pakistan,2017,TV-PG,2017,10,,1.0,Docuseries
TV SHOW,Glowing Embers,Not Given,Pakistan,2010,TV-14,2017,8,,1.0,International Tv Shows
TV SHOW,Ha Unlimited,Not Given,Pakistan,2016,TV-MA,2018,5,,2.0,International Tv Shows
MOVIE,Harlem Globetrotters: The Team That Changed the World,Not Given,Pakistan,2005,TV-14,2019,11,55.0,,Documentaries
TV SHOW,How to Live Mortgage Free with Sarah Beeny,Not Given,Pakistan,2018,TV-MA,2018,9,,1.0,British Tv Shows
TV SHOW,Hyori's Bed & Breakfast,Not Given,Pakistan,2018,TV-14,2018,3,,2.0,International Tv Shows
TV SHOW,Kiss The Series,Not Given,Pakistan,2016,TV-14,2019,5,,1.0,International Tv Shows
MOVIE,Chhota Bheem: Dus Pe Dus,"Rajiv Chilaka, Owll Mina",Not Given,2014,TV-Y7,2021,7,63.0,,Children & Family Movies
MOVIE,Words Bubble Up Like Soda Pop,Kyohei Ishiguro,Not Given,2021,TV-G,2021,7,87.0,,Anime Features
MOVIE,Trollhunters: Rise of the Titans,"Johane Matte, Andrew L. Schmidt, Francisco Ruiz Velasco",Not Given,2021,TV-Y7,2021,7,106.0,,Children & Family Movies
MOVIE,2 Weeks in Lagos,Kathryn Fasegha,Not Given,2020,TV-PG,2021,7,107.0,,Dramas
MOVIE,Deep,"Sita Likitvanichkul, Jetarin Ratanaserikiat, Apirak Samudkitpaisan, Thanabodee Uawithya, Adirek Wattaleela",Thailand,2021,TV-MA,2021,7,101.0,,Dramas
TV SHOW,Naomi Osaka,Garrett Bradley,Not Given,2021,TV-14,2021,7,,1.0,Docuseries
MOVIE,La ley de Herodes,Luis Estrada,Mexico,1999,R,2021,7,123.0,,Comedies
MOVIE,The Beguiled,Sofia Coppola,United States,2017,R,2021,7,94.0,,Dramas
MOVIE,The Book of Henry,Colin Trevorrow,United States,2017,PG-13,2021,7,105.0,,Dramas
MOVIE,The Twilight Saga: Breaking Dawn: Part 1,Bill Condon,United States,2011,PG-13,2021,7,117.0,,Dramas
MOVIE,The Twilight Saga: Breaking Dawn: Part 2,Bill Condon,United States,2012,PG-13,2021,7,115.0,,Dramas
MOVIE,The Twilight Saga: Eclipse,David Slade,United States,2010,PG-13,2021,7,124.0,,Dramas
MOVIE,The Twilight Saga: New Moon,Chris Weitz,United States,2009,PG-13,2021,7,131.0,,Dramas
MOVIE,Twilight,Catherine Hardwicke,United States,2008,PG-13,2021,7,122.0,,Action & Adventure
MOVIE,A Perfect Fit,Hadrah Daeng Ratu,Indonesia,2021,TV-PG,2021,7,113.0,,Comedies
TV SHOW,Kon Kon Kon,Not Given,Pakistan,2014,TV-PG,2018,2,,1.0,Docuseries
MOVIE,Krish Trish and Baltiboy,Not Given,Pakistan,2009,TV-Y7,2017,9,58.0,,Children & Family Movies
MOVIE,Krish Trish and Baltiboy: Part II,Not Given,Pakistan,2010,TV-Y7,2017,9,58.0,,Children & Family Movies
TV SHOW,La Femme,Not Given,Pakistan,2016,TV-14,2017,10,,1.0,International Tv Shows
MOVIE,Little Singham Bandarpur Mein Hu Ha Hu,Not Given,Pakistan,2019,TV-Y7,2019,7,67.0,,Children & Family Movies
TV SHOW,Los 10 años de Peter Capusotto,Not Given,Pakistan,2015,TV-MA,2018,6,,1.0,International Tv Shows
TV SHOW,Love Rhythms - Accidental Daddy,Not Given,Pakistan,2016,TV-MA,2018,6,,1.0,International Tv Shows
TV SHOW,Man vs Wild with Sunny Leone,Not Given,Pakistan,2018,TV-PG,2018,12,,1.0,International Tv Shows
TV SHOW,Melodies of Life - Born This Way,Not Given,Pakistan,2016,TV-14,2019,6,,1.0,International Tv Shows
MOVIE,Cheech & Chong's Still Smokin,Tommy Chong,Not Given,1983,TV-MA,2021,7,91.0,,Comedies
MOVIE,Emicida: AmarElo - Live in São Paulo,Fred Ouro Preto,Not Given,2021,TV-MA,2021,7,100.0,,Documentaries
MOVIE,Fear Street Part 3: 1666,Leigh Janiak,Not Given,2021,R,2021,7,114.0,,Horror Movies
TV SHOW,Heist,Not Given,Pakistan,2021,TV-MA,2021,7,,1.0,Crime Tv Shows
MOVIE,Surf's Up,"Ash Brannon, Chris Buck",United States,2007,PG,2021,7,86.0,,Children & Family Movies
MOVIE,This Changes Everything,Tom Donahue,United States,2019,TV-MA,2021,7,96.0,,Documentaries
MOVIE,A Classic Horror Story,"Roberto De Feo, Paolo Strippoli",Italy,2021,TV-MA,2021,7,95.0,,Horror Movies
TV SHOW,Mere Papa Hero Hiralal,Not Given,Pakistan,2018,TV-14,2018,5,,1.0,International Tv Shows
TV SHOW,Mighty Morphin Alien Rangers,Not Given,Pakistan,1996,TV-Y7,2016,1,,1.0,Kids' Tv
MOVIE,American Woman,Semi Chellas,United States,2019,TV-MA,2021,7,87.0,,Dramas
TV SHOW,Money for Nothing,Not Given,Pakistan,2015,TV-PG,2019,7,,1.0,British Tv Shows
TV SHOW,My Life My Story,Not Given,Pakistan,2017,TV-14,2017,11,,1.0,International Tv Shows
MOVIE,Born to Play,Viridiana Lieberman,United States,2020,TV-MA,2021,7,93.0,,Documentaries
MOVIE,American Ultra,Nima Nourizadeh,United States,2015,R,2021,7,96.0,,Action & Adventure
TV SHOW,"Nightmare Tenants, Slum Landlords",Not Given,Pakistan,2016,TV-MA,2019,7,,2.0,British Tv Shows
TV SHOW,Nuestra Lucha Libre,Not Given,Pakistan,2018,TV-MA,2018,8,,1.0,Docuseries
TV SHOW,"O-Negative, Love Can’t Be Designed",Not Given,Pakistan,2016,TV-MA,2018,4,,1.0,International Tv Shows
TV SHOW,Power Battle Watch Car,Not Given,Pakistan,2016,TV-Y7,2017,6,,1.0,Kids' Tv
TV SHOW,Power Rangers Dino Super Charge,Not Given,Pakistan,2016,TV-Y7,2016,10,,1.0,Kids' Tv
TV SHOW,Power Rangers Super Samurai,Not Given,Pakistan,2012,TV-Y7,2016,1,,1.0,Kids' Tv
TV SHOW,Queens of Comedy,Not Given,Pakistan,2017,TV-MA,2018,5,,1.0,International Tv Shows
TV SHOW,Queens vs. Kings,Not Given,Pakistan,2018,TV-14,2018,10,,1.0,Stand-Up Comedy & Talk Shows
MOVIE,My Amanda,Alessandra de Rossi,Not Given,2021,TV-14,2021,7,90.0,,Dramas
MOVIE,Gunpowder Milkshake,Navot Papushado,Not Given,2021,R,2021,7,115.0,,Action & Adventure
MOVIE,Lee Su-geun: The Sense Coach,Kim Joo-hyung,South Korea,2021,TV-G,2021,7,46.0,,Stand-Up Comedy
TV SHOW,Rab Se Sohna Isshq,Not Given,Pakistan,2012,TV-14,2017,6,,1.0,International Tv Shows
MOVIE,Ratchet and Clank,"Jericca Cleland, Kevin Munroe",Hong Kong,2016,PG,2021,7,94.0,,Children & Family Movies
TV SHOW,Reality of Dream,Not Given,Pakistan,2015,TV-MA,2018,7,,1.0,International Tv Shows
TV SHOW,Revenge,Not Given,Pakistan,2017,TV-MA,2019,5,,1.0,Crime Tv Shows
MOVIE,Back to Q82,Ahmed Siddiqui,Kuwait,2017,TV-14,2021,7,104.0,,Comedies
TV SHOW,Satrangi,Not Given,Pakistan,2014,TV-PG,2017,4,,1.0,Docuseries
MOVIE,Home Again,Hallie Meyers-Shyer,United States,2017,PG-13,2021,7,97.0,,Comedies
MOVIE,Midnight Sun,Scott Speer,United States,2018,PG-13,2021,7,91.0,,Dramas
TV SHOW,Swami Baba Ramdev: The Untold Story,Not Given,Pakistan,2018,TV-14,2018,5,,1.0,International Tv Shows
MOVIE,Rock the Kasbah,Barry Levinson,United States,2015,R,2021,7,106.0,,Comedies
MOVIE,Brick Mansions,Camille Delamarre,France,2014,PG-13,2021,7,90.0,,Action & Adventure
TV SHOW,The Beat,Not Given,Pakistan,2012,TV-MA,2017,9,,1.0,International Tv Shows
TV SHOW,The Homecoming,Not Given,Pakistan,2015,TV-PG,2017,6,,1.0,International Tv Shows
TV SHOW,The Irish Mob,Not Given,Pakistan,2008,TV-MA,2016,12,,1.0,Crime Tv Shows
TV SHOW,The Kindness Diaries,Not Given,Pakistan,2019,TV-PG,2019,5,,1.0,Reality Tv
TV SHOW,The Liar,Not Given,Pakistan,2013,TV-14,2017,10,,1.0,Crime Tv Shows
TV SHOW,Timeline,Not Given,Pakistan,2014,TV-14,2018,2,,1.0,Crime Tv Shows
TV SHOW,Towies,Not Given,Pakistan,2016,TV-MA,2017,12,,1.0,International Tv Shows
TV SHOW,ViR: The Robot Boy,Not Given,Pakistan,2013,TV-Y7,2018,3,,2.0,Kids' Tv
TV SHOW,Wake Up,Not Given,Pakistan,2017,TV-14,2018,3,,2.0,International Tv Shows
MOVIE,Finding Hubby,Femi D. Ogunsanwo,Not Given,2020,TV-14,2021,7,105.0,,Comedies
MOVIE,How I Became a Superhero,Douglas Attal,Not Given,2021,TV-MA,2021,7,101.0,,Action & Adventure
MOVIE,Lethal Love,Avi Federgreen,Not Given,2021,TV-14,2021,7,89.0,,Thrillers
MOVIE,Awon Boyz,Tolulope Itegboje,Not Given,2019,TV-MA,2021,7,38.0,,Documentaries
MOVIE,Fear Street Part 2: 1978,Leigh Janiak,Not Given,2021,R,2021,7,111.0,,Horror Movies
MOVIE,Mama Drama,Seyi Babatope,Nigeria,2020,TV-MA,2021,7,105.0,,Dramas
MOVIE,Tango With Me,Mahmood Ali-Balogun,Nigeria,2010,TV-14,2021,7,104.0,,Dramas
TV SHOW,The Mire,Jan Holoubek,Poland,2021,TV-MA,2021,7,,2.0,Crime Tv Shows
MOVIE,Nightbooks,David Yarovesky,Not Given,2021,TV-PG,2021,9,103.0,,Children & Family Movies
MOVIE,This Little Love Of Mine,Christine Luby,Australia,2021,TV-G,2021,7,92.0,,International Movies
MOVIE,A Land Imagined,Yeo Siew Hua,France,2019,TV-MA,2021,7,95.0,,Dramas
MOVIE,Schumacher,"Hanns-Bruno Kammertöns, Vanessa Nöcker, Michael Wech",Not Given,2021,TV-14,2021,9,113.0,,Documentaries
MOVIE,A StoryBots Space Adventure,David A. Vargas,Not Given,2021,TV-Y,2021,9,,,Children & Family Movies
TV SHOW,HQ Barbers,Gerhard Mostert,Not Given,2020,TV-14,2021,9,,1.0,Tv Shows
TV SHOW,I Need Romance,Sakon Tiacharoen,Not Given,2021,TV-14,2021,8,,1.0,International Tv Shows
MOVIE,Takizawa Kabuki ZERO 2020 The Movie,Hideaki Takizawa,Not Given,2020,TV-PG,2021,8,139.0,,International Movies
MOVIE,Shiny_Flakes: The Teenage Drug Lord,"Eva Müller, Michael Schmitt",Not Given,2021,TV-MA,2021,8,97.0,,Documentaries
MOVIE,I missed you: Director's Cut,"Mag Hsu, Hsu Chih-yen",Not Given,2021,TV-14,2021,8,96.0,,Dramas
MOVIE,The Unknown Saint,Alaa Eddine Aljem,Not Given,2019,TV-14,2021,7,100.0,,Comedies
MOVIE,Private Network: Who Killed Manuel Buendía?,Manuel Alcalá,Not Given,2021,TV-MA,2021,7,100.0,,Documentaries
MOVIE,The Guide to the Perfect Family,Ricardo Trogi,Not Given,2021,TV-MA,2021,7,102.0,,Comedies
MOVIE,Day of Destiny,"Akay Mason, Abosi Ogba",Not Given,2021,TV-PG,2021,7,110.0,,Children & Family Movies
MOVIE,The Stand-Up,Daniel Růžička,Not Given,2019,TV-MA,2021,7,93.0,,Stand-Up Comedy
MOVIE,The Tour,Juraj Šajmovič,Not Given,2016,TV-MA,2021,7,93.0,,Comedies
MOVIE,Clash,Pascal Atuma,Not Given,2020,TV-MA,2021,7,87.0,,Dramas
MOVIE,Major Grom: Plague Doctor,Oleg Trofim,Not Given,2021,TV-MA,2021,7,138.0,,Action & Adventure
MOVIE,Therapy,"Anurin Nwunembom, Musing Derrick",Not Given,2020,TV-PG,2021,7,85.0,,Dramas
MOVIE,Three Thieves,Udoka Oyeka,Not Given,2019,TV-14,2021,7,108.0,,Comedies
MOVIE,Har Kisse Ke Hisse: Kaamyaab,Hardik Mehta,India,2020,TV-14,2021,7,105.0,,Dramas
MOVIE,Rehmataan,"Rajveer Singh Maan, Harpeet Singh",India,2012,TV-14,2021,7,116.0,,Dramas
MOVIE,Return of the Prodigal Son,Youssef Chahine,Egypt,1976,TV-MA,2021,7,124.0,,Dramas
MOVIE,Rise: Ini Kalilah,"Saw Teong Hin, Nik Amir Mustapha, M.S. Prem Nath",Malaysia,2018,TV-PG,2021,7,101.0,,Dramas
MOVIE,Si Doel the Movie 2,Rano Karno,Indonesia,2019,TV-G,2021,7,95.0,,Dramas
MOVIE,Truckbhar Swapna,Pramod Pawar,India,2018,TV-14,2021,7,128.0,,Comedies
MOVIE,Ujala,Naresh Saigal,India,1959,TV-14,2021,7,143.0,,Dramas
MOVIE,Fear Street Part 1: 1994,Leigh Janiak,Not Given,2021,R,2021,7,107.0,,Horror Movies
MOVIE,Holiday on Mars,Neri Parenti,Not Given,2020,TV-MA,2021,7,94.0,,Comedies
MOVIE,Haseen Dillruba,Vinil Mathew,India,2021,TV-MA,2021,7,136.0,,International Movies
MOVIE,Audible,Matt Ogens,Not Given,2021,PG-13,2021,7,39.0,,Documentaries
MOVIE,RattleSnake - The Ahanna Story,Ramsey Nouah,Nigeria,2020,TV-MA,2021,7,136.0,,Dramas
MOVIE,Snowpiercer,Bong Joon Ho,South Korea,2013,R,2021,7,126.0,,Action & Adventure
MOVIE,The 8th Night,Kim Tae-hyung,South Korea,2021,TV-14,2021,7,116.0,,Horror Movies
MOVIE,Winchester,"Michael Spierig, Peter Spierig",Australia,2018,PG-13,2021,7,100.0,,Horror Movies
MOVIE,6 Bullets,Ernie Barbarash,United States,2012,R,2021,7,115.0,,Action & Adventure
MOVIE,Air Force One,Wolfgang Petersen,United States,1997,R,2021,7,125.0,,Action & Adventure
MOVIE,Austin Powers in Goldmember,Jay Roach,United States,2002,PG-13,2021,7,94.0,,Action & Adventure
MOVIE,Austin Powers: International Man of Mystery,Jay Roach,United States,1997,PG-13,2021,7,90.0,,Comedies
MOVIE,Austin Powers: The Spy Who Shagged Me,Jay Roach,United States,1999,PG-13,2021,7,95.0,,Action & Adventure
MOVIE,Boogie Nights,Paul Thomas Anderson,United States,1997,R,2021,7,155.0,,Comedies
MOVIE,Dynasty Warriors,Chow Hin Yeung Roy,Not Given,2021,TV-14,2021,7,118.0,,Action & Adventure
MOVIE,Charlie's Angels,McG,United States,2000,PG-13,2021,7,98.0,,Action & Adventure
MOVIE,Congo,Frank Marshall,United States,1995,PG-13,2021,7,108.0,,Action & Adventure
MOVIE,Dennis the Menace,Nick Castle,United States,1993,PG,2021,7,96.0,,Children & Family Movies
MOVIE,Dreamy Eyes,Victor Vu,Vietnam,2019,TV-14,2021,7,117.0,,Dramas
TV SHOW,Masameer County,Malik Nejer,Saudi Arabia,2021,TV-MA,2021,7,,1.0,International Tv Shows
MOVIE,Hampstead,Joel Hopkins,United Kingdom,2019,PG-13,2021,7,103.0,,Comedies
MOVIE,Kung Fu Panda,"John Stevenson, Mark Osborne",United States,2008,PG,2021,7,94.0,,Children & Family Movies
MOVIE,Kung Fu Panda 2,Jennifer Yuh Nelson,United States,2011,PG,2021,7,93.0,,Children & Family Movies
MOVIE,Life as We Know It,Greg Berlanti,United States,2010,PG-13,2021,7,115.0,,Comedies
MOVIE,Mary Magdalene,Garth Davis,United Kingdom,2019,R,2021,7,120.0,,Dramas
MOVIE,Memoirs of a Geisha,Rob Marshall,France,2005,PG-13,2021,7,145.0,,Dramas
MOVIE,Midnight Run,Martin Brest,United States,1988,R,2021,7,126.0,,Action & Adventure
MOVIE,Mortal Kombat,Paul W.S. Anderson,United States,1995,PG-13,2021,7,101.0,,Action & Adventure
MOVIE,Mother's Day,Garry Marshall,United States,2016,PG-13,2021,7,118.0,,Comedies
MOVIE,No Strings Attached,Ivan Reitman,United States,2011,R,2021,7,109.0,,Comedies
MOVIE,Not Another Teen Movie,Joel Gallen,United States,2001,R,2021,7,89.0,,Comedies
MOVIE,Ophelia,Claire McCarthy,United Kingdom,2018,PG-13,2021,7,106.0,,Dramas
MOVIE,Mobile Suit Gundam Hathaway,Shuko Murase,Not Given,2021,TV-14,2021,7,96.0,,Action & Adventure
MOVIE,Pet Sematary 2,Mary Lambert,Not Given,1992,R,2021,7,101.0,,Horror Movies
TV SHOW,Quarantine Tales,"Sidharta Tata, Aco Tenriyagelli, Dian Sastrowardoyo, Ifa Isfansyah, Jason Iskandar",Not Given,2020,TV-MA,2021,7,,1.0,International Tv Shows
MOVIE,Fireplace 4K: Crackling Birchwood from Fireplace for Your Home,George Ford,Not Given,2015,TV-G,2021,6,60.0,,Movies
MOVIE,Red Joan,Trevor Nunn,United Kingdom,2019,R,2021,7,101.0,,Dramas
MOVIE,Seven Pounds,Gabriele Muccino,United States,2008,PG-13,2021,7,123.0,,Dramas
MOVIE,She's Out of My League,Jim Field Smith,United States,2010,R,2021,7,106.0,,Comedies
MOVIE,Snow Day,Chris Koch,United States,2000,PG,2021,7,89.0,,Children & Family Movies
MOVIE,Star Trek,J.J. Abrams,United States,2009,PG-13,2021,7,128.0,,Action & Adventure
MOVIE,Stuart Little,Rob Minkoff,Germany,1999,PG,2021,7,85.0,,Children & Family Movies
MOVIE,Sword of Trust,Lynn Shelton,United States,2019,R,2021,7,89.0,,Comedies
MOVIE,Talladega Nights: The Ballad of Ricky Bobby,Adam McKay,United States,2006,PG-13,2021,7,108.0,,Action & Adventure
MOVIE,The American,Anton Corbijn,United States,2010,R,2021,7,105.0,,Dramas
MOVIE,The Best of Enemies,Robin Bissell,United States,2019,PG-13,2021,7,133.0,,Dramas
MOVIE,The Game,David Fincher,United States,1997,R,2021,7,129.0,,Thrillers
MOVIE,The Karate Kid,John G. Avildsen,United States,1984,PG,2021,7,127.0,,Action & Adventure
MOVIE,The Karate Kid Part II,John G. Avildsen,United States,1986,PG,2021,7,113.0,,Action & Adventure
MOVIE,The Karate Kid Part III,John G. Avildsen,United States,1989,PG,2021,7,112.0,,Children & Family Movies
MOVIE,The Life of David Gale,Alan Parker,United Kingdom,2003,R,2021,7,130.0,,Dramas
MOVIE,The Long Riders,Walter Hill,United States,1980,R,2021,7,100.0,,Action & Adventure
MOVIE,The Queen,Stephen Frears,United Kingdom,2006,PG-13,2021,7,103.0,,Dramas
MOVIE,The Strangers,Bryan Bertino,United States,2008,R,2021,7,85.0,,Horror Movies
MOVIE,The Sum of All Fears,Phil Alden Robinson,United States,2002,PG-13,2021,7,124.0,,Action & Adventure
MOVIE,The Tourist,Florian Henckel von Donnersmarck,United States,2010,PG-13,2021,7,103.0,,Action & Adventure
MOVIE,Underworld,Len Wiseman,United States,2003,R,2021,7,121.0,,Action & Adventure
MOVIE,Underworld: Awakening,"Måns Mårlind, Björn Stein",United States,2012,R,2021,7,89.0,,Action & Adventure
MOVIE,Underworld: Rise of the Lycans,Patrick Tatopoulos,United States,2009,R,2021,7,92.0,,Action & Adventure
MOVIE,Voiceless,Robert O. Peters,Nigeria,2020,TV-MA,2021,7,112.0,,Dramas
MOVIE,What Dreams May Come,Vincent Ward,United States,1998,PG-13,2021,7,114.0,,Dramas
MOVIE,Why Do Fools Fall in Love,Gregory Nava,United States,1998,R,2021,7,116.0,,Dramas
MOVIE,Working Title,Mary Harron,United States,2019,R,2021,7,110.0,,Dramas
MOVIE,America: The Motion Picture,Matt Thompson,United States,2021,TV-MA,2021,6,98.0,,Action & Adventure
MOVIE,Deranged,Jameel Buari,Not Given,2020,TV-14,2021,6,98.0,,Dramas
MOVIE,Lying and Stealing,Matt Aselton,United States,2019,R,2021,6,100.0,,Thrillers
TV SHOW,Legend of Exorcism,Shen Leping,Not Given,2020,TV-14,2021,6,,1.0,Anime Series
MOVIE,Mommy Issues,Jose Javier Reyes,Not Given,2021,TV-MA,2021,6,90.0,,Comedies
MOVIE,Prime Time,Jakub Piątek,Not Given,2021,TV-MA,2021,6,92.0,,Dramas
TV SHOW,Sophie: A Murder in West Cork,John Dower,United Kingdom,2021,TV-MA,2021,6,,1.0,British Tv Shows
MOVIE,A Way Back Home,B. T Thomas,Not Given,2020,TV-14,2021,6,82.0,,Dramas
MOVIE,Wanted,Nibal Arakji,Not Given,2019,TV-14,2021,6,90.0,,Comedies
MOVIE,Killing Them Softly,Andrew Dominik,United States,2012,R,2021,6,97.0,,Dramas
MOVIE,Into the Wind,Sofie Šustková,Not Given,2018,TV-MA,2021,6,76.0,,Dramas
MOVIE,Wonder Boy,Anissa Bonnefont,France,2019,TV-14,2021,6,83.0,,Documentaries
MOVIE,Here Comes the Rain,Bahij Hojeij,Lebanon,2010,TV-MA,2021,6,101.0,,Dramas
MOVIE,The Ice Road,Jonathan Hensleigh,United States,2021,PG-13,2021,6,109.0,,Action & Adventure
TV SHOW,Ray,"Srijit Mukherji, Vasan Bala, Abhishek Chaubey",Not Given,2021,TV-MA,2021,6,,1.0,International Tv Shows
MOVIE,The Seventh Day,Justin P. Lange,United States,2021,R,2021,6,87.0,,Horror Movies
MOVIE,Osuofia in London II,Kingsley Ogoro,Nigeria,2004,TV-14,2021,6,70.0,,Comedies
MOVIE,O Vendedor de Sonhos,Jayme Monjardim,Brazil,2016,TV-14,2021,6,96.0,,Dramas
MOVIE,Osuofia in London,Kingsley Ogoro,Nigeria,2003,TV-MA,2021,6,84.0,,Comedies
MOVIE,The House of Flowers: The Movie,Manolo Caro,Mexico,2021,TV-MA,2021,6,88.0,,Comedies
MOVIE,#Selfie,Cristina Jacob,Romania,2014,TV-MA,2021,6,125.0,,Comedies
MOVIE,#Selfie 69,Cristina Jacob,Romania,2016,TV-MA,2021,6,119.0,,Comedies
MOVIE,Love Is a Story,Cristina Jacob,Romania,2015,TV-MA,2021,6,105.0,,International Movies
MOVIE,Good on Paper,Kimmy Gatewood,Not Given,2021,TV-MA,2021,6,94.0,,Comedies
MOVIE,Murder by the Coast,Tània Balló,Not Given,2021,TV-14,2021,6,89.0,,Documentaries
MOVIE,Broken,Anurin Nwunembom,Not Given,2019,TV-14,2021,6,108.0,,Dramas
TV SHOW,Cleo & Cuquin,Fernando Moro,Spain,2020,TV-Y,2021,6,,2.0,Kids' Tv
TV SHOW,Riverdale,Rob Seidenglanz,United States,2019,TV-14,2021,6,,4.0,Crime Tv Shows
TV SHOW,Gameboys Level-Up Edition,Ivan Andrew Payawal,Not Given,2020,TV-14,2021,6,,1.0,International Tv Shows
MOVIE,Mobile Suit Gundam: Char's Counterattack,Yoshiyuki Tomino,Not Given,1988,TV-14,2021,6,120.0,,Action & Adventure
MOVIE,Mobile Suit Gundam II: Soldiers of Sorrow,"Yoshiyuki Tomino, Yoshikazu Yasuhiko",Not Given,1981,TV-14,2021,6,133.0,,Action & Adventure
MOVIE,Mobile Suit Gundam III: Encounters in Space,"Yoshiyuki Tomino, Yoshikazu Yasuhiko",Not Given,1982,TV-MA,2021,6,140.0,,Action & Adventure
TV SHOW,They've Gotta Have Us,Simon Frederick,United Kingdom,2018,TV-MA,2021,6,,1.0,British Tv Shows
MOVIE,Jagame Thandhiram,Karthik Subbaraj,India,2021,TV-MA,2021,6,159.0,,Action & Adventure
MOVIE,Fatherhood,Paul Weitz,United States,2021,PG-13,2021,6,111.0,,Dramas
MOVIE,Kambili: The Whole 30 Yards,Kayode Kasum,Nigeria,2020,TV-14,2021,6,119.0,,Comedies
TV SHOW,The Rational Life,Hsu Fu-chun,Taiwan,2021,TV-14,2021,6,,1.0,International Tv Shows
MOVIE,Aziza,Soudade Kaadan,Lebanon,2019,TV-PG,2021,6,,,Comedies
MOVIE,Ali & Ratu Ratu Queens,Lucky Kuswandi,Indonesia,2021,TV-14,2021,6,101.0,,Comedies
MOVIE,Besieged Bread,Soudade Kaadan,Syria,2015,TV-14,2021,6,,,Dramas
MOVIE,Fan Girl,Antoinette Jadaone,Philippines,2020,TV-MA,2021,6,101.0,,Dramas
MOVIE,Sweet & Sour,Lee Kae-byeok,South Korea,2021,TV-14,2021,6,103.0,,Comedies
MOVIE,A Family,Michihito Fujii,Not Given,2021,TV-MA,2021,6,135.0,,Dramas
MOVIE,Mobile Suit Gundam I,"Yoshiyuki Tomino, Yoshikazu Yasuhiko",Not Given,1981,TV-14,2021,6,139.0,,Action & Adventure
MOVIE,Rurouni Kenshin: The Final,Keishi Otomo,Not Given,2021,TV-14,2021,6,137.0,,Action & Adventure
MOVIE,A Man For The Week End,Achille Brice,Not Given,2018,TV-14,2021,6,95.0,,Comedies
MOVIE,Red Snow,Marie Clements,Canada,2019,TV-MA,2021,6,96.0,,Dramas
MOVIE,Silver Linings Playbook,David O. Russell,United States,2012,R,2021,6,122.0,,Comedies
TV SHOW,Let's Eat,Sarawut Wichiensarn,Not Given,2021,TV-14,2021,6,,1.0,International Tv Shows
MOVIE,Biking Borders,Max Jabs,Germany,2019,TV-14,2021,6,89.0,,Documentaries
MOVIE,Silver Skates,Michael Lockshin,Not Given,2020,TV-MA,2021,6,138.0,,Action & Adventure
MOVIE,Lowriders,Ricardo de Montreuil,United States,2016,PG-13,2021,6,98.0,,Dramas
MOVIE,Security,Peter Chelsom,Italy,2021,TV-MA,2021,6,119.0,,Dramas
MOVIE,FTA,Francine Parker,United States,1972,TV-MA,2021,6,104.0,,Documentaries
MOVIE,Life of Crime,Daniel Schechter,United States,2013,R,2021,6,101.0,,Comedies
MOVIE,Black Holes | The Edge of All We Know,Peter Galison,Not Given,2021,TV-14,2021,6,99.0,,Documentaries
MOVIE,Rogue Warfare: Death of a Nation,Mike Gunther,United States,2020,R,2021,6,99.0,,Action & Adventure
MOVIE,Sir! No Sir!,David Zeiger,United States,2005,TV-MA,2021,6,84.0,,Documentaries
TV SHOW,The American Bible Challenge,Michael Simon,United States,2014,TV-G,2021,6,,1.0,Reality Tv
MOVIE,The Reason I Jump,Jerry Rothwell,United States,2021,TV-14,2021,6,82.0,,Documentaries
TV SHOW,Metallica: Some Kind of Monster,"Joe Berlinger, Bruce Sinofsky",United States,2014,TV-MA,2021,6,,1.0,Tv Shows
MOVIE,Picture a Scientist,"Ian Cheney, Sharon Shattuck",United States,2020,TV-MA,2021,6,97.0,,Documentaries
MOVIE,The Devil Below,Bradley Parker,United States,2021,TV-MA,2021,6,89.0,,Horror Movies
MOVIE,Sarbath,Prabhakaran,India,2021,TV-PG,2021,6,113.0,,Comedies
MOVIE,Skater Girl,Manjari Makijany,United States,2021,PG,2021,6,110.0,,Children & Family Movies
TV SHOW,Trese,Jay Oliva,Philippines,2021,TV-MA,2021,6,,1.0,Anime Series
MOVIE,Wish Dragon,Chris Appelhans,China,2021,PG,2021,6,102.0,,Children & Family Movies
TV SHOW,Power Rangers Dino Fury,Not Given,United States,2021,TV-G,2021,6,,1.0,Kids' Tv
MOVIE,A Haunted House 2,Michael Tiddes,United States,2014,R,2021,6,86.0,,Comedies
MOVIE,Blind Intersections,Lara Saba,Lebanon,2012,TV-MA,2021,6,91.0,,Dramas
MOVIE,Camellia Sisters,"Bao Nhan, Namcito",Vietnam,2021,TV-MA,2021,6,117.0,,Dramas
MOVIE,Copenhagen,Mark Raso,Canada,2014,TV-MA,2021,6,99.0,,Dramas
MOVIE,Fireplace 4K: Classic Crackling Fireplace from Fireplace for Your Home,George Ford,Not Given,2015,TV-G,2021,6,60.0,,Movies
MOVIE,Until Midnight,Tariq Alkazim,United Arab Emirates,2019,TV-14,2021,6,77.0,,International Movies
MOVIE,Awake,Mark Raso,United States,2021,TV-MA,2021,6,97.0,,Dramas
MOVIE,Confusion Na Wa,Kenneth Gyang,Nigeria,2013,TV-MA,2021,6,106.0,,Comedies
MOVIE,Tragic Jungle,Yulene Olaizola,Mexico,2021,TV-MA,2021,6,97.0,,Dramas
MOVIE,Vampire Academy,Mark Waters,United States,2014,PG-13,2021,6,104.0,,Action & Adventure
MOVIE,A Private War,Matthew Heineman,United Kingdom,2018,R,2021,6,110.0,,Dramas
MOVIE,Small Chops,Robert Peters,Nigeria,2020,TV-MA,2021,6,98.0,,Dramas
MOVIE,Breaking Boundaries: The Science Of Our Planet,Jonathan Clay,United States,2021,TV-PG,2021,6,74.0,,Documentaries
TV SHOW,Feel Good,Ally Pankiw,United Kingdom,2021,TV-MA,2021,6,,2.0,Romantic Tv Shows
TV SHOW,Pretty Guardian Sailor Moon Eternal The Movie,Chiaki Kon,Not Given,2021,TV-14,2021,6,,1.0,Tv Shows
MOVIE,Trippin' with the Kandasamys,Jayan Moodley,South Africa,2021,TV-14,2021,6,94.0,,Comedies
MOVIE,Xtreme,Daniel Benmayor,Spain,2021,TV-MA,2021,6,112.0,,Action & Adventure
MOVIE,Alan Saldaña: Locked Up,Alex Díaz,Mexico,2021,TV-MA,2021,6,49.0,,Stand-Up Comedy
MOVIE,Dancing Queens,Helena Bergström,Sweden,2021,TV-MA,2021,6,111.0,,Comedies
MOVIE,From Stress to Happiness,"Alejandro De Grazia, Juan Stadler",Argentina,2020,TV-G,2021,6,58.0,,Documentaries
MOVIE,Myriam Fares: The Journey,Myriam Fares,United Arab Emirates,2021,TV-14,2021,6,72.0,,Documentaries
MOVIE,The Girl and the Gun,Rae Red,Philippines,2019,TV-MA,2021,6,78.0,,Dramas
MOVIE,2 Hearts,Lance Hool,United States,2020,PG-13,2021,6,101.0,,Dramas
MOVIE,A Perfect Ending,Nicole Conn,United States,2012,TV-MA,2021,6,110.0,,Dramas
MOVIE,American Outlaws,Les Mayfield,United States,2001,PG-13,2021,6,94.0,,Action & Adventure
MOVIE,And Then Came Lola,"Ellen Seidler, Megan Siler",United States,2009,TV-MA,2021,6,70.0,,Comedies
MOVIE,Battlefield Earth,Roger Christian,United States,2000,PG-13,2021,6,118.0,,Action & Adventure
MOVIE,Bliss,Lance Young,Canada,1997,R,2021,6,103.0,,Dramas
MOVIE,Carnaval,Leandro Neri,Brazil,2021,TV-MA,2021,6,95.0,,Comedies
MOVIE,Cloudburst,Thom Fitzgerald,United States,2011,TV-MA,2021,6,93.0,,Comedies
MOVIE,Company of Heroes,Don Michael Paul,United States,2013,R,2021,6,101.0,,Action & Adventure
MOVIE,Cradle 2 the Grave,Andrzej Bartkowiak,United States,2003,R,2021,6,101.0,,Action & Adventure
MOVIE,Domestic Disturbance,Harold Becker,United States,2001,PG-13,2021,6,89.0,,Thrillers
MOVIE,Dream/Killer,Andrew Jenks,United States,2015,TV-MA,2021,6,109.0,,Documentaries
MOVIE,Felon,Ric Roman Waugh,United States,2008,R,2021,6,104.0,,Action & Adventure
MOVIE,Flipped,Rob Reiner,United States,2010,PG,2021,6,90.0,,Comedies
MOVIE,Fools Rush In,Andy Tennant,United States,1997,PG-13,2021,6,109.0,,Comedies
MOVIE,Gold Statue,Tade Ogidan,Nigeria,2019,TV-14,2021,6,145.0,,Comedies
MOVIE,Hostel: Part III,Scott Spiegel,United States,2011,R,2021,6,88.0,,Cult Movies
MOVIE,I Am Sam,Jessie Nelson,United States,2001,PG-13,2021,6,132.0,,Dramas
MOVIE,Love Jones,Theodore Witcher,United States,1997,R,2021,6,109.0,,Comedies
MOVIE,Million Dollar Baby,Clint Eastwood,United States,2004,PG-13,2021,6,133.0,,Dramas
MOVIE,Mosquita y Mari,Aurora Guerrero,United States,2012,TV-14,2021,6,85.0,,Dramas
MOVIE,Never Back Down 2: The Beatdown,Michael Jai White,United States,2011,R,2021,6,104.0,,Action & Adventure
MOVIE,Ninja Assassin,James McTeigue,Germany,2009,R,2021,6,99.0,,Action & Adventure
TV SHOW,Ouran High School Host Club,Takuya Igarashi,Japan,2006,TV-PG,2021,6,,1.0,Anime Series
MOVIE,Population 436,Michelle MacLaren,Canada,2006,R,2021,6,93.0,,Horror Movies
MOVIE,The Girl King,Mika Kaurismäki,Not Given,2015,TV-MA,2021,6,106.0,,Dramas
MOVIE,Sniper: Legacy,Don Michael Paul,United States,2014,R,2021,6,98.0,,Action & Adventure
MOVIE,Starsky & Hutch,Todd Phillips,United States,2004,PG-13,2021,6,101.0,,Action & Adventure
MOVIE,Streets of Fire,Walter Hill,United States,1984,PG,2021,6,94.0,,Action & Adventure
MOVIE,Swordfish,Dominic Sena,United States,2001,R,2021,6,99.0,,Action & Adventure
MOVIE,Seven Souls in the Skull Castle: Season Moon Jogen,Hidenori Inoue,Not Given,2017,TV-14,2021,6,204.0,,Action & Adventure
MOVIE,The Four Seasons,Alan Alda,United States,1981,PG,2021,6,108.0,,Comedies
MOVIE,The Interpreter,Sydney Pollack,United Kingdom,2005,PG-13,2021,6,128.0,,Thrillers
MOVIE,The Meddler,Lorene Scafaria,United States,2015,PG-13,2021,6,104.0,,Comedies
MOVIE,Super Monsters: Once Upon a Rhyme,Steve Ball,United States,2021,TV-Y,2021,6,,,Children & Family Movies
MOVIE,Seven Souls in the Skull Castle: Season Moon Kagen,Hidenori Inoue,Not Given,2017,TV-PG,2021,6,212.0,,Action & Adventure
MOVIE,The Mirror Has Two Faces,Barbra Streisand,United States,1996,PG-13,2021,6,127.0,,Comedies
MOVIE,The Outlaw Josey Wales,Clint Eastwood,United States,1976,PG,2021,6,136.0,,Action & Adventure
MOVIE,One Lagos Night,Ekene Som Mekwunye,Nigeria,2021,TV-14,2021,5,103.0,,Comedies
MOVIE,The Wedding Guest,Michael Winterbottom,United Kingdom,2018,R,2021,6,97.0,,Dramas
MOVIE,The Wind,Emma Tammi,United States,2019,R,2021,6,88.0,,Horror Movies
MOVIE,Then Came You,Peter Hutchings,United States,2019,TV-MA,2021,6,97.0,,Comedies
MOVIE,Welcome Home,George Ratliff,United States,2018,R,2021,6,97.0,,Thrillers
MOVIE,Dog Gone Trouble,Kevin Johnson,Not Given,2021,TV-Y7,2021,5,88.0,,Children & Family Movies
MOVIE,Bo Burnham: Inside,Bo Burnham,United States,2021,TV-MA,2021,5,88.0,,Stand-Up Comedy
MOVIE,Collateral Beauty,David Frankel,United States,2016,PG-13,2021,5,97.0,,Dramas
TV SHOW,The Least Expected Day: Inside the Movistar Team 2019,"José Larraza, Marc Pons",Not Given,2021,TV-MA,2021,5,,2.0,Docuseries
TV SHOW,Word of Honor,Gary Sing,Not Given,2021,TV-14,2021,5,,1.0,International Tv Shows
MOVIE,Blue Miracle,Julio Quintana,United States,2021,TV-PG,2021,5,97.0,,Children & Family Movies
MOVIE,Ghost Lab,Paween Purijitpanya,Thailand,2021,TV-MA,2021,5,118.0,,Horror Movies
MOVIE,A Place in the Stars,Steve Gukas,Nigeria,2014,TV-14,2021,5,110.0,,Dramas
MOVIE,Soy Rada: Serendipity,Pablo Faro,Argentina,2021,TV-MA,2021,5,70.0,,Stand-Up Comedy
MOVIE,The Day I lost My Shadow,Soudade Kaadan,Syria,2018,TV-MA,2021,5,91.0,,Dramas
MOVIE,Baggio: The Divine Ponytail,Letizia Lamartire,Italy,2021,TV-MA,2021,5,92.0,,Dramas
MOVIE,Gatao - The Last Stray,Ray Jiang,Not Given,2021,TV-MA,2021,5,120.0,,Action & Adventure
MOVIE,Nail Bomber: Manhunt,Daniel Vernon,Not Given,2021,TV-MA,2021,5,73.0,,Documentaries
MOVIE,Home,Tim Johnson,United States,2015,PG,2021,5,94.0,,Children & Family Movies
MOVIE,99 Songs,Vishwesh Krishnamoorthy,India,2021,TV-14,2021,5,131.0,,Dramas
MOVIE,Army of the Dead,Zack Snyder,United States,2021,R,2021,5,148.0,,Action & Adventure
MOVIE,Oxygen,Alexandre Aja,France,2021,TV-14,2021,5,102.0,,Dramas
MOVIE,678,Mohamed Diab,Egypt,2009,TV-14,2021,5,99.0,,Dramas
MOVIE,Asmaa,Amr Salama,Egypt,2011,TV-14,2021,5,92.0,,Dramas
MOVIE,Hating Peter Tatchell,Christopher Amos,Australia,2020,TV-MA,2021,5,91.0,,Documentaries
MOVIE,Spy Kids: All the Time in the World,Robert Rodriguez,United States,2011,PG,2021,5,88.0,,Children & Family Movies
MOVIE,Sabotage,David Ayer,United States,2014,R,2021,5,109.0,,Action & Adventure
MOVIE,Small Town Crime,"Eshom Nelms, Ian Nelms",United States,2017,R,2021,5,92.0,,Thrillers
MOVIE,The Last Days,James Moll,United States,1998,PG-13,2021,5,87.0,,Documentaries
MOVIE,Taxi No. 9211,Milan Luthria,India,2006,TV-14,2021,5,116.0,,Dramas
MOVIE,Love or Money,Mae Czarina Cruz,Philippines,2020,TV-MA,2021,5,116.0,,Dramas
MOVIE,Amy Tan: Unintended Memoir,James Redford,United States,2021,TV-14,2021,5,101.0,,Documentaries
MOVIE,Sardar Ka Grandson,Kaashvie Nair,India,2021,TV-14,2021,5,140.0,,Comedies
MOVIE,Sleight,J.D. Dillard,United States,2016,R,2021,5,89.0,,Dramas
MOVIE,Ahaan,Nikhil Pherwani,India,2021,TV-MA,2021,5,81.0,,Dramas
MOVIE,Strain,Uduak-Obong Patrick,Not Given,2020,TV-MA,2021,5,107.0,,Dramas
MOVIE,Little Singham Future mein Satakli,Prakash Satam,Not Given,2021,TV-Y7,2021,5,47.0,,Children & Family Movies
MOVIE,Cinema Bandi,Praveen Kandregula,India,2021,TV-MA,2021,5,99.0,,Comedies
MOVIE,Ferry,Cecilia Verheyden,Belgium,2021,TV-MA,2021,5,107.0,,Dramas
TV SHOW,Halston,Daniel Minahan,United States,2021,TV-MA,2021,5,,1.0,Tv Dramas
TV SHOW,The Mystic River,Uzodinma Okpechi,Not Given,2020,TV-14,2021,5,,1.0,International Tv Shows
MOVIE,I Am All Girls,Donovan Marsh,South Africa,2021,TV-MA,2021,5,107.0,,Dramas
MOVIE,Jungle Beat: The Movie,Brent Dawes,Mauritius,2021,TV-Y7,2021,5,90.0,,Children & Family Movies
MOVIE,Wave of Cinema: Filosofi Kopi,Adriano Rudiman,Not Given,2020,TV-14,2021,5,64.0,,Documentaries
MOVIE,Table Manners,Leli Maki,Canada,2018,TV-MA,2021,5,104.0,,Comedies
MOVIE,The Strange House,Daniel Prochaska,Austria,2020,TV-MA,2021,5,100.0,,Horror Movies
MOVIE,The Woman in the Window,Joe Wright,United States,2021,R,2021,5,102.0,,Dramas
MOVIE,Layer Cake,Matthew Vaughn,United Kingdom,2004,R,2021,5,105.0,,Independent Movies
MOVIE,Tottaa Pataaka Item Maal,Aditya Kripalani,India,2018,TV-MA,2021,5,107.0,,Dramas
MOVIE,Dance of the Forty One,David Pablos,Mexico,2021,TV-MA,2021,5,99.0,,Dramas
TV SHOW,Use For My Talent,Cai Cong,Not Given,2021,TV-14,2021,5,,1.0,International Tv Shows
MOVIE,Illegal Woman,Ramon Térmens,Spain,2020,TV-MA,2021,5,119.0,,Dramas
MOVIE,Dear Affy,Samuel Olatunji,Not Given,2020,TV-14,2021,5,126.0,,Comedies
MOVIE,Deadly Switch,Svetlana Cvetko,United States,2019,TV-PG,2021,5,86.0,,Independent Movies
MOVIE,Nayattu,Martin Prakkat,India,2021,TV-MA,2021,5,122.0,,Dramas
MOVIE,Sleepless,Baran bo Odar,United States,2017,R,2021,5,95.0,,Action & Adventure
MOVIE,Super Me,Zhang Chong,China,2021,TV-14,2021,5,104.0,,Action & Adventure
MOVIE,Have You Ever Seen Fireflies? - Theatre Play,Yılmaz Erdoğan,Turkey,1999,TV-MA,2021,5,118.0,,Dramas
MOVIE,In Our Mothers' Gardens,Shantrelle P. Lewis,United States,2020,TV-MA,2021,5,85.0,,Documentaries
MOVIE,Milestone,Ivan Ayr,India,2021,TV-14,2021,5,98.0,,Dramas
MOVIE,Monster,Anthony Mandler,United States,2021,TV-MA,2021,5,99.0,,Dramas
TV SHOW,Sab Jholmaal Hai,Vijay Roche,India,2017,TV-Y7,2021,5,,2.0,Kids' Tv
MOVIE,Time to Dance,Stanley Menino D'Costa,India,2020,TV-PG,2021,5,107.0,,Dramas
MOVIE,Unrest,Jennifer Brea,United Kingdom,2017,TV-MA,2021,5,97.0,,Documentaries
MOVIE,And Tomorrow the Entire World,Julia von Heinz,Germany,2020,TV-MA,2021,5,112.0,,Dramas
TV SHOW,"Money, Explained",Not Given,United States,2021,TV-14,2021,5,,1.0,Docuseries
MOVIE,Dead Man Down,Niels Arden Oplev,United States,2013,R,2021,5,118.0,,Action & Adventure
MOVIE,Framing John DeLorean,"Don Argott, Sheena M. Joyce",United States,2019,TV-MA,2021,5,109.0,,Documentaries
MOVIE,Dead Again in Tombstone,Roel Reiné,Not Given,2017,R,2021,5,99.0,,Action & Adventure
TV SHOW,The Sons of Sam: A Descent into Darkness,Joshua Zeman,United States,2021,TV-MA,2021,5,,1.0,Crime Tv Shows
MOVIE,The Clovehitch Killer,Duncan Skiles,United States,2018,TV-MA,2021,5,109.0,,Dramas
MOVIE,Aliens Stole My Body,Sean McNamara,United States,2020,PG,2021,5,88.0,,Children & Family Movies
MOVIE,Au coeur des gangs,Vondie Curtis-Hall,United States,2006,R,2021,5,97.0,,Action & Adventure
MOVIE,Best of the Best,Robert Radler,United States,1989,PG-13,2021,5,97.0,,Action & Adventure
MOVIE,Due Date,Todd Phillips,United States,2010,R,2021,5,95.0,,Action & Adventure
MOVIE,Fun with Dick & Jane,Dean Parisot,United States,2005,PG-13,2021,5,91.0,,Comedies
MOVIE,Green Zone,Paul Greengrass,United Kingdom,2010,R,2021,5,115.0,,Action & Adventure
MOVIE,Hachi: A Dog's Tale,Lasse Hallström,United Kingdom,2009,G,2021,5,93.0,,Children & Family Movies
MOVIE,JT LeRoy,Justin Kelly,United Kingdom,2018,R,2021,5,109.0,,Dramas
MOVIE,Madagascar 3: Europe's Most Wanted,"Eric Darnell, Tom McGrath, Conrad Vernon",United States,2012,PG,2021,5,96.0,,Children & Family Movies
MOVIE,Mystic River,Clint Eastwood,United States,2003,R,2021,5,138.0,,Dramas
MOVIE,Never Back Down,Jeff Wadlow,United States,2008,PG-13,2021,5,113.0,,Action & Adventure
MOVIE,S.M.A.R.T Chase,Charles Martin,China,2018,TV-MA,2021,5,94.0,,Action & Adventure
MOVIE,Sitting in Limbo,Stella Corradi,United Kingdom,2020,TV-MA,2021,5,89.0,,Dramas
MOVIE,Stargate,Roland Emmerich,United States,1994,PG-13,2021,5,121.0,,Action & Adventure
MOVIE,State of Play,Kevin Macdonald,United States,2009,PG-13,2021,5,127.0,,Dramas
MOVIE,Swiped,Ann Deborah Fishman,United States,2018,TV-14,2021,5,94.0,,Comedies
MOVIE,The Darkest Hour,Chris Gorak,United States,2011,PG-13,2021,5,89.0,,Action & Adventure
MOVIE,The Lovely Bones,Peter Jackson,United States,2009,PG-13,2021,5,136.0,,Dramas
MOVIE,The Sweetest Thing,Roger Kumble,United States,2002,R,2021,5,89.0,,Comedies
MOVIE,The Whole Nine Yards,Jonathan Lynn,United States,2000,R,2021,5,99.0,,Action & Adventure
MOVIE,The Whole Truth,Courtney Hunt,United States,2016,R,2021,5,93.0,,Dramas
MOVIE,The Yeti Adventures,"Pierre Greco, Nancy Florence Savard",Canada,2018,TV-PG,2021,5,85.0,,Children & Family Movies
MOVIE,Under Siege,Andrew Davis,France,1992,R,2021,5,102.0,,Action & Adventure
MOVIE,Motu Patlu in Dragon's World,Suhas Kadav,India,2017,TV-Y7,2021,5,78.0,,Children & Family Movies
MOVIE,Zack and Miri Make a Porno,Kevin Smith,United States,2008,R,2021,5,101.0,,Comedies
MOVIE,The Disciple,Chaitanya Tamhane,India,2021,TV-MA,2021,4,128.0,,Dramas
MOVIE,The Strangers: Prey at Night,Johannes Roberts,United States,2018,R,2021,4,85.0,,Horror Movies
TV SHOW,The Innocent,Oriol Paulo,Spain,2021,TV-MA,2021,4,,1.0,Crime Tv Shows
MOVIE,Get the Grift,Pedro Antonio,Brazil,2021,TV-MA,2021,4,95.0,,Comedies
MOVIE,August: Osage County,John Wells,United States,2014,R,2021,4,121.0,,Dramas
MOVIE,Battle: Los Angeles,Jonathan Liebesman,United States,2011,PG-13,2021,4,116.0,,Action & Adventure
MOVIE,Between Worlds,Maria Pulera,Spain,2018,R,2021,4,91.0,,Thrillers
MOVIE,One,Santhosh Viswanath,India,2020,TV-PG,2021,4,149.0,,Dramas
MOVIE,The Mitchells vs. The Machines,"Mike Rianda, Jeff Rowe",Not Given,2021,PG,2021,4,114.0,,Children & Family Movies
MOVIE,Things Heard & Seen,"Robert Pulcini, Shari Springer Berman",Not Given,2021,TV-MA,2021,4,121.0,,Horror Movies
MOVIE,Seven,Tosin Igho,Not Given,2019,TV-14,2021,4,113.0,,Dramas
MOVIE,Ram Prasad Ki Tehrvi,Seema Pahwa,India,2019,TV-14,2021,4,113.0,,Dramas
MOVIE,Legal Hash,Rindala Kodeih,Not Given,2019,TV-MA,2021,4,103.0,,Comedies
MOVIE,Among Family,Ozan Açıktan,Turkey,2017,TV-14,2021,4,127.0,,Comedies
MOVIE,Dedemin Fisi,Meltem Bozoflu,Turkey,2016,TV-14,2021,4,101.0,,Comedies
MOVIE,Deliha,Hakan Algül,Turkey,2014,TV-MA,2021,4,102.0,,Comedies
MOVIE,Düğün Dernek,"Selçuk Aydemir, Birkan Pusa",Turkey,2013,TV-MA,2021,4,102.0,,Comedies
MOVIE,Dügün Dernek 2: Sünnet,Selçuk Aydemir,Turkey,2015,TV-MA,2021,4,107.0,,Comedies
MOVIE,G.O.R.A,Ömer Faruk Sorak,Turkey,2004,TV-MA,2021,4,123.0,,Action & Adventure
MOVIE,Hayat Öpücügü,Şenol Sönmez,Turkey,2015,TV-14,2021,4,98.0,,Comedies
MOVIE,Heroes: Silence and Rock & Roll,Alexis Morante,Spain,2021,TV-MA,2021,4,95.0,,Documentaries
MOVIE,Kara Bela,Burak Aksak,Turkey,2015,TV-MA,2021,4,101.0,,Comedies
MOVIE,Kocan Kadar Konus,Kıvanç Baruönü,Turkey,2015,TV-MA,2021,4,104.0,,Comedies
MOVIE,Kocan Kadar Konus 2: Dirilis,Kıvanç Baruönü,Turkey,2016,TV-14,2021,4,104.0,,Comedies
TV SHOW,Let's Fight Ghost,Kongkiat Khomsiri,Thailand,2021,TV-14,2021,4,,1.0,International Tv Shows
MOVIE,My Travel Buddy,Bedran Güzel,Turkey,2017,TV-MA,2021,4,111.0,,Comedies
MOVIE,Niyazi Gül Dörtnala,Hakan Algül,Turkey,2015,TV-MA,2021,4,102.0,,Comedies
MOVIE,One Like It,Marwan Nabil,Egypt,2020,TV-G,2021,4,,,Dramas
MOVIE,Perfume Imaginary Museum “Time Warp”,"MIKIKO, Daito Manabe",Not Given,2020,TV-G,2021,4,54.0,,International Movies
MOVIE,Wild Dog,Ahishor Solomon,India,2020,TV-MA,2021,4,126.0,,Action & Adventure
MOVIE,This Lady Called Life,Kayode Kasum,Nigeria,2020,TV-14,2021,4,120.0,,Dramas
MOVIE,Vizontele,"Yılmaz Erdoğan, Ömer Faruk Sorak",Turkey,2001,TV-MA,2021,4,106.0,,Comedies
MOVIE,HOMUNCULUS,Takashi Shimizu,Japan,2021,TV-MA,2021,4,116.0,,Horror Movies
MOVIE,Motu Patlu Dino Invasion,Suhas Kadav,India,2018,TV-Y7,2021,4,80.0,,Children & Family Movies
MOVIE,Motu Patlu in Octupus World,Suhas Kadav,India,2017,TV-Y,2021,4,81.0,,Children & Family Movies
MOVIE,Stowaway,Joe Penna,Germany,2021,TV-MA,2021,4,116.0,,Dramas
MOVIE,Oloibiri,Curtis Graham,Canada,2015,TV-14,2021,4,86.0,,Dramas
MOVIE,Tell Me When,Gerardo Gatica,Mexico,2021,TV-MA,2021,4,97.0,,Comedies
MOVIE,Motu Patlu VS Robo Kids,Suhas Kadav,India,2019,TV-Y,2021,4,84.0,,Children & Family Movies
MOVIE,Rudra: Secret of the Black Moon,"Akshay Sanjeev Chavan, Sumit Das",Not Given,2020,TV-Y7,2021,4,87.0,,Children & Family Movies
MOVIE,Miss Sloane,John Madden,France,2016,R,2021,4,132.0,,Thrillers
MOVIE,Searching For Sheela,Not Given,India,2021,TV-14,2021,4,58.0,,Documentaries
MOVIE,American Me,Edward James Olmos,United States,1992,R,2021,4,126.0,,Dramas
MOVIE,Delhi Belly,Abhinay Deo,India,2011,TV-MA,2021,4,101.0,,Action & Adventure
MOVIE,Dhobi Ghat (Mumbai Diaries),Kiran Rao,India,2010,TV-MA,2021,4,102.0,,Dramas
MOVIE,Jaane Tu... Ya Jaane Na,Abbas Tyrewala,India,2008,TV-14,2021,4,147.0,,Comedies
MOVIE,Lagaan,Ashutosh Gowariker,India,2001,PG,2021,4,224.0,,Dramas
MOVIE,Madness in the Desert,Satyajit Bhatkal,India,2004,TV-14,2021,4,141.0,,Documentaries
MOVIE,Peepli Live,"Anusha Rizvi, Mahmood Farooqui",India,2010,TV-MA,2021,4,109.0,,Comedies
MOVIE,Taare Zameen Par,Aamir Khan,India,2007,PG,2021,4,162.0,,Dramas
MOVIE,Ajeeb Daastaans,"Shashank Khaitan, Raj Mehta, Neeraj Ghaywan, Kayoze Irani",India,2021,TV-MA,2021,4,142.0,,Dramas
MOVIE,Arlo the Alligator Boy,Ryan Crego,United States,2021,TV-Y7,2021,4,93.0,,Children & Family Movies
MOVIE,Barbie & Chelsea: The Lost Birthday,Cassi Simonds,United States,2021,TV-Y,2021,4,60.0,,Children & Family Movies
MOVIE,Crimson Peak,Guillermo del Toro,Canada,2015,R,2021,4,119.0,,Horror Movies
MOVIE,Doctor Bello,Tony Abulu,United States,2013,TV-MA,2021,4,96.0,,Dramas
MOVIE,Four Sisters Before the Wedding,Mae Czarina Cruz,Philippines,2020,TV-MA,2021,4,116.0,,Children & Family Movies
MOVIE,Into the Beat,Stefan Westerwelle,Germany,2020,TV-14,2021,4,102.0,,Dramas
MOVIE,Rush,Ron Howard,United Kingdom,2013,R,2021,4,123.0,,Action & Adventure
MOVIE,Synchronic,"Justin Benson, Aaron Moorhead",United States,2020,R,2021,4,102.0,,Thrillers
MOVIE,The Zookeeper's Wife,Niki Caro,Czech Republic,2017,PG-13,2021,4,127.0,,Dramas
MOVIE,Time Trap,"Mark Dennis, Ben Foster",United States,2017,TV-14,2021,4,88.0,,Action & Adventure
MOVIE,Tuesdays & Fridays,Taranveer Singh,India,2021,TV-14,2021,4,106.0,,Comedies
MOVIE,Dark City Beneath the Beat,TT The Artist,United States,2020,TV-MA,2021,4,65.0,,Documentaries
MOVIE,GANTZ:O,"Keiichi Sato, Yasushi Kawamura",Japan,2016,TV-MA,2021,4,96.0,,Action & Adventure
TV SHOW,Garth Brooks: The Road I’m On,Glenn Weiss,United States,2019,TV-PG,2021,4,,1.0,Docuseries
MOVIE,Only Mine,Michael Civille,United States,2019,TV-14,2021,4,88.0,,Thrillers
MOVIE,Ride or Die,Ryuichi Hiroki,Japan,2021,TV-MA,2021,4,143.0,,Dramas
MOVIE,The Master,Paul Thomas Anderson,United States,2012,R,2021,4,137.0,,Dramas
MOVIE,Time Is Illmatic,One9,United States,2014,TV-MA,2021,4,75.0,,Documentaries
MOVIE,Zoot Suit,Luis Valdez,United States,1981,R,2021,4,103.0,,Cult Movies
MOVIE,The Soul,Cheng Wei-hao,China,2021,TV-MA,2021,4,130.0,,Dramas
TV SHOW,The Underclass,Pass Patthanakumjon,Thailand,2020,TV-MA,2021,4,,1.0,International Tv Shows
MOVIE,Wave of Cinema: One Day We'll Talk About Today,Adriano Rudiman,Not Given,2020,TV-14,2021,4,71.0,,Documentaries
MOVIE,Uppena,Buchi Babu Sana,India,2020,TV-14,2021,4,145.0,,Dramas
TV SHOW,My Love: Six Stories of True Love,"Moyoung Jin, Caroline Sá, Deepti Kakkar, Fahad Mustafa, Hikaru Toda, Chico Pereira, Elaine McMillion Sheldon",United States,2021,TV-PG,2021,4,,1.0,Docuseries
MOVIE,Motu Patlu in Hong Kong: Kung Fu Kings 3,Suhas Kadav,India,2017,TV-Y7,2021,4,84.0,,Children & Family Movies
MOVIE,New Gods: Nezha Reborn,Zhao Ji,China,2021,TV-14,2021,4,118.0,,Action & Adventure
MOVIE,Motu Patlu in the City of Gold,Suhas Kadav,India,2018,TV-Y7,2021,4,77.0,,Children & Family Movies
MOVIE,Motu Patlu Kung Fu Kings 4 The Challenge of Kung Fu Brothers,Suhas Kadav,India,2018,TV-Y7,2021,4,86.0,,Children & Family Movies
MOVIE,The Stand-In,Jamie Babbit,United States,2020,R,2021,4,102.0,,Comedies
MOVIE,Motu Patlu the Superheroes – Super Villains from Mars,Suhas Kadav,India,2019,TV-Y7,2021,4,79.0,,Children & Family Movies
MOVIE,Night in Paradise,Park Hoon-jung,South Korea,2021,TV-MA,2021,4,132.0,,Dramas
MOVIE,Ojukokoro: Greed,Dare Olaitan,Nigeria,2016,TV-MA,2021,4,108.0,,Dramas
MOVIE,Roohi,Hardik Mehta,India,2021,TV-14,2021,4,133.0,,Comedies
MOVIE,Thunder Force,Ben Falcone,United States,2021,PG-13,2021,4,107.0,,Action & Adventure
MOVIE,Two Distant Strangers,"Travon Free, Martin Desmond Roe",United States,2021,TV-MA,2021,4,32.0,,Dramas
MOVIE,Story of Kale: When Someone's in Love,Angga Dwimas Sasongko,Indonesia,2020,TV-PG,2021,4,78.0,,Dramas
MOVIE,Shiva VS Autobots,Suhas Kadav,India,2018,TV-Y7,2021,4,80.0,,Children & Family Movies
MOVIE,Shiva: Journey to Plunotaria,Suhas Kadav,India,2019,TV-Y7,2021,4,81.0,,Children & Family Movies
MOVIE,Shiva: The Secret World Of Vedas City,Suhas Kadav,India,2017,TV-Y,2021,4,78.0,,Children & Family Movies
MOVIE,The Last Kids on Earth: Happy Apocalypse to You,Steve Rolston,Not Given,2021,TV-Y7,2021,4,92.0,,Children & Family Movies
MOVIE,Coded Bias,Shalini Kantayya,United States,2020,TV-MA,2021,4,86.0,,Documentaries
MOVIE,Mandela,Madonne Ashwin,India,2021,TV-14,2021,4,140.0,,Comedies
MOVIE,The Fisherman's Diary,Enah Johnscott,Cameroon,2020,TV-MA,2021,4,143.0,,Dramas
MOVIE,What Lies Below,Braden R. Duemmler,United States,2020,TV-MA,2021,4,88.0,,Horror Movies
MOVIE,Escape from Planet Earth,Cal Brunker,United States,2013,PG,2021,4,89.0,,Children & Family Movies
MOVIE,Accepted,Steve Pink,United States,2006,PG-13,2021,4,93.0,,Comedies
MOVIE,Air Strike,Xiao Feng,China,2018,R,2021,4,97.0,,Action & Adventure
MOVIE,An American Girl: McKenna Shoots for the Stars,Vince Marcello,United States,2012,TV-Y,2021,4,94.0,,Children & Family Movies
MOVIE,Concrete Cowboy,Ricky Staub,United Kingdom,2021,R,2021,4,112.0,,Dramas
MOVIE,Cross: Rise of the Villains,"Patrick Durham, Paul G. Volk",United States,2019,R,2021,4,100.0,,Action & Adventure
MOVIE,God Calling,BB Sasore,Nigeria,2018,TV-MA,2021,4,120.0,,Dramas
MOVIE,Irul,Naseef Yusuf Izuddin,India,2021,TV-MA,2021,4,91.0,,International Movies
MOVIE,Just Say Yes,"Appie Boudellah, Aram van de Rest",Netherlands,2021,TV-MA,2021,4,98.0,,Comedies
MOVIE,Madame Claude,Sylvie Verheyde,France,2021,TV-MA,2021,4,113.0,,Dramas
MOVIE,Wild Child,Nick Moore,United States,2008,PG-13,2021,4,98.0,,Comedies
MOVIE,Woody Woodpecker,Alex Zamm,United States,2017,PG,2021,4,91.0,,Children & Family Movies
MOVIE,2012,Roland Emmerich,United States,2009,PG-13,2021,4,158.0,,Action & Adventure
MOVIE,3 Idiots,Rajkumar Hirani,India,2009,PG-13,2021,4,164.0,,Comedies
MOVIE,Ferrari Ki Sawaari,Rajesh Mapuskar,India,2012,TV-PG,2021,4,133.0,,Comedies
MOVIE,Ibrahim a Fate to Define,Lina Al Abed,Lebanon,2019,TV-PG,2021,4,75.0,,Documentaries
MOVIE,Insidious,James Wan,United States,2010,PG-13,2021,4,103.0,,Horror Movies
MOVIE,Into the Grizzly Maze,David Hackl,United States,2015,R,2021,4,90.0,,Action & Adventure
MOVIE,Kingsglaive: Final Fantasy XV,Takeshi Nozue,Japan,2016,PG-13,2021,4,116.0,,Action & Adventure
MOVIE,Legally Blonde,Robert Luketic,United States,2001,PG-13,2021,4,96.0,,Comedies
MOVIE,Madam Chief Minister,Subhash Kapoor,India,2020,TV-14,2021,4,121.0,,Dramas
MOVIE,Maximum Risk,Ringo Lam,United States,1996,R,2021,4,101.0,,Action & Adventure
MOVIE,My Fair Lady,George Cukor,United States,1964,G,2021,4,173.0,,Classic Movies
MOVIE,S.W.A.T.: Under Siege,Tony Giglio,United States,2017,R,2021,4,89.0,,Action & Adventure
MOVIE,Seven Souls in the Skull Castle: Season Bird,Hidenori Inoue,Not Given,2017,TV-14,2021,4,182.0,,Action & Adventure
MOVIE,Seven Souls in the Skull Castle: Season Flower,Hidenori Inoue,Japan,2017,TV-14,2021,4,181.0,,Action & Adventure
MOVIE,Seven Souls in the Skull Castle: Season Wind,Hidenori Inoue,Not Given,2017,TV-14,2021,4,185.0,,Action & Adventure
MOVIE,Sniper: Ghost Shooter,Don Michael Paul,United States,2016,R,2021,4,99.0,,Action & Adventure
MOVIE,Starship Troopers: Traitor of Mars,"Shinji Aramaki, Masaru Matsumoto",United States,2017,R,2021,4,88.0,,Action & Adventure
MOVIE,Takers,John Luessenhop,United States,2010,PG-13,2021,4,107.0,,Action & Adventure
MOVIE,Tersanjung the Movie,"Hanung Bramantyo, Pandu Adjisurya",Indonesia,2021,TV-14,2021,4,114.0,,Dramas
MOVIE,The Knight and the Princess,Bashir El Deek,Egypt,2019,TV-PG,2021,4,96.0,,Action & Adventure
MOVIE,The Pianist,Roman Polański,United Kingdom,2002,R,2021,4,149.0,,Dramas
MOVIE,The Stepfather,Nelson McCormick,United States,2009,PG-13,2021,4,102.0,,Horror Movies
MOVIE,Universal Soldier: The Return,Mic Rodgers,United States,1999,R,2021,4,83.0,,Action & Adventure
MOVIE,Wazir,Bejoy Nambiar,India,2016,TV-14,2021,4,98.0,,Dramas
MOVIE,White Boy,Shawn Rech,United States,2017,TV-MA,2021,4,83.0,,Documentaries
MOVIE,Yes Man,Peyton Reed,United States,2008,PG-13,2021,4,104.0,,Comedies
MOVIE,At Eternity's Gate,Julian Schnabel,Ireland,2018,PG-13,2021,3,111.0,,Dramas
TV SHOW,Haunted: Latin America,Adrián García Bogliano,United States,2021,TV-14,2021,3,,1.0,International Tv Shows
MOVIE,Not a Game,Jose Gomez,United Kingdom,2020,TV-MA,2021,3,98.0,,Documentaries
MOVIE,7 Yards: The Chris Norton Story,Jonathon Link,United States,2021,TV-PG,2021,3,93.0,,Documentaries
MOVIE,Octonauts & the Ring of Fire,Blair Simmons,China,2021,TV-Y,2021,3,73.0,,Children & Family Movies
MOVIE,Black Is Beltza,Fermín Muguruza,Not Given,2018,TV-MA,2021,3,87.0,,Dramas
MOVIE,Mandela: Long Walk to Freedom,Justin Chadwick,United Kingdom,2013,PG-13,2021,3,141.0,,Dramas
MOVIE,Lawless,John Hillcoat,United States,2012,R,2021,3,116.0,,Dramas
MOVIE,Marked,Nadine Ibrahim,Nigeria,2021,TV-PG,2021,3,,,Documentaries
MOVIE,A Week Away,Roman White,United States,2021,TV-PG,2021,3,98.0,,Children & Family Movies
MOVIE,Croupier,Mike Hodges,Ireland,1998,TV-MA,2021,3,95.0,,Dramas
MOVIE,Keeping the Bees,Eylem Kaftan,Turkey,2020,TV-14,2021,3,93.0,,Dramas
MOVIE,Ni de coña,Fernando Ayllón,Spain,2020,TV-MA,2021,3,97.0,,Comedies
MOVIE,Pagglait,Umesh Bist,India,2021,TV-PG,2021,3,114.0,,Comedies
MOVIE,Caught by a Wave,Massimiliano Camaiti,Italy,2021,TV-14,2021,3,100.0,,Dramas
MOVIE,Secret Magic Control Agency,Aleksey Tsitsilin,Russia,2021,TV-Y7,2021,3,105.0,,Children & Family Movies
MOVIE,Seaspiracy,Ali Tabrizi,United States,2021,TV-14,2021,3,90.0,,Documentaries
MOVIE,Loyiso Gola: Unlearning,Kagiso Lediga,South Africa,2021,TV-MA,2021,3,60.0,,Stand-Up Comedy
TV SHOW,Men on a Mission,Jung-ah Im,South Korea,2021,TV-14,2021,3,,6.0,International Tv Shows
MOVIE,Reframe THEATER EXPERIENCE with you,Taketoshi Sado,Not Given,2020,TV-G,2021,3,84.0,,International Movies
MOVIE,Philomena,Stephen Frears,United Kingdom,2013,PG-13,2021,3,98.0,,Dramas
MOVIE,Any Crybabies Around?,Takuma Sato,Japan,2020,TV-MA,2021,3,108.0,,Dramas
MOVIE,Hospital,Brody Chu,Taiwan,2020,TV-MA,2021,3,90.0,,Horror Movies
MOVIE,Jiu Jitsu,Dimitri Logothetis,United States,2020,R,2021,3,102.0,,Action & Adventure
MOVIE,The Yin Yang Master,Li Weiran,China,2021,TV-14,2021,3,120.0,,Action & Adventure
MOVIE,Who's the Boss,Chinaza Onuzo,Nigeria,2020,TV-MA,2021,3,106.0,,Comedies
MOVIE,Deadly Illusions,Anna Elizabeth James,United States,2021,R,2021,3,115.0,,Thrillers
MOVIE,Get the Goat,Vitor Brandt,Brazil,2021,TV-14,2021,3,98.0,,Action & Adventure
MOVIE,Nate Bargatze: The Greatest Average American,Troy Miller,United States,2021,TV-G,2021,3,60.0,,Stand-Up Comedy
MOVIE,Skylines,Liam O'Donnell,United Kingdom,2020,R,2021,3,113.0,,Action & Adventure
MOVIE,The Fluffy Movie,"Manny Rodriguez, Jay Lavender",United States,2014,PG-13,2021,3,101.0,,Stand-Up Comedy
MOVIE,The Present,Farah Nabulsi,United Kingdom,2020,TV-MA,2021,3,,,Dramas
MOVIE,Catch.er,Walter Taylaur,Nigeria,2017,TV-14,2021,3,80.0,,Dramas
MOVIE,Operation Varsity Blues: The College Admissions Scandal,Chris Smith,United States,2021,R,2021,3,100.0,,Documentaries
TV SHOW,Under Suspicion: Uncovering the Wesphael Case,Alain Brunard,Belgium,2021,TV-14,2021,3,,1.0,Crime Tv Shows
MOVIE,Get on Up,Tate Taylor,United Kingdom,2014,PG-13,2021,3,139.0,,Dramas
MOVIE,RebellComedy: Straight Outta the Zoo,Ladislaus Kiraly,Germany,2021,TV-MA,2021,3,74.0,,Stand-Up Comedy
MOVIE,Savages,Oliver Stone,United States,2012,R,2021,3,131.0,,Dramas
MOVIE,C/O Kaadhal,Hemambar Jasti,India,2021,TV-14,2021,3,131.0,,Dramas
MOVIE,The BFG,Steven Spielberg,United States,2016,PG,2021,3,118.0,,Children & Family Movies
MOVIE,The Last Blockbuster,Taylor Morden,United States,2020,TV-14,2021,3,87.0,,Documentaries
MOVIE,Çarsi Pazar,Muharrem Gülmez,Turkey,2015,TV-MA,2021,3,97.0,,Comedies
MOVIE,Just In Time,Dolapo Adeleke,Kenya,2020,TV-G,2021,3,92.0,,Comedies
MOVIE,Mucize,Mahsun Kırmızıgül,Turkey,2015,TV-14,2021,3,136.0,,Dramas
MOVIE,Audrey,Helena Coan,Not Given,2020,TV-14,2021,3,101.0,,Documentaries
MOVIE,Wave of Cinema: 90's Generation,Adriano Rudiman,Not Given,2020,TV-PG,2021,3,51.0,,Documentaries
MOVIE,Paper Lives,Can Ulkay,Turkey,2021,TV-MA,2021,3,97.0,,Dramas
MOVIE,Quiet,Luis Alejandro Pérez,Not Given,2020,TV-MA,2021,3,103.0,,Dramas
MOVIE,Romantik Komedi,Ketche,Turkey,2010,TV-MA,2021,3,110.0,,Comedies
MOVIE,Romantik Komedi 2: Bekarlığa Veda,Erol Özlevi,Turkey,2013,TV-MA,2021,3,105.0,,Comedies
MOVIE,YES DAY,Miguel Arteta,United States,2021,PG,2021,3,90.0,,Children & Family Movies
MOVIE,You're Everything To Me,Tolga Örnek,Turkey,2016,TV-PG,2021,3,107.0,,Comedies
MOVIE,Coven of Sisters,Pablo Agüero,Spain,2021,TV-MA,2021,3,92.0,,Dramas
MOVIE,Generasi 90an: Melankolia,Mohammad Irfan Ramly,Indonesia,2020,TV-14,2021,3,94.0,,Dramas
MOVIE,The Block Island Sound,"Kevin McManus, Matthew McManus",United States,2020,TV-MA,2021,3,99.0,,Horror Movies
TV SHOW,Dealer,"Ange Basterga, Nicolas Lopez",France,2021,TV-MA,2021,3,,1.0,Crime Tv Shows
MOVIE,Bombay Rose,Gitanjali Rao,India,2021,PG-13,2021,3,97.0,,Dramas
MOVIE,Aelay,Halitha Shameem,India,2021,TV-14,2021,3,151.0,,Comedies
MOVIE,Dogwashers,Carlos Moreno,Colombia,2021,TV-MA,2021,3,108.0,,Comedies
MOVIE,Fate of Alakada,Kayode Kasum,Nigeria,2020,TV-14,2021,3,113.0,,Comedies
TV SHOW,Nevenka: Breaking the Silence,Maribel Sánchez-Maroto,Spain,2021,TV-MA,2021,3,,1.0,Docuseries
MOVIE,Sentinelle,Julien Leclercq,France,2021,TV-MA,2021,3,81.0,,Action & Adventure
MOVIE,Mariposa,Fajar Bustomi,Indonesia,2020,TV-14,2021,3,116.0,,Comedies
MOVIE,Parker,Taylor Hackford,United States,2013,R,2021,3,119.0,,Action & Adventure
MOVIE,Safe Haven,Lasse Hallström,United States,2013,PG-13,2021,3,116.0,,Dramas
MOVIE,Moxie,Amy Poehler,United States,2021,PG-13,2021,3,112.0,,Comedies
TV SHOW,Murder Among the Mormons,"Jared Hess, Tyler Measom",United States,2021,TV-14,2021,3,,1.0,Crime Tv Shows
MOVIE,Black or White,Mike Binder,United States,2014,PG-13,2021,3,121.0,,Dramas
MOVIE,Indoo Ki Jawani,Abir Sengupta,India,2020,TV-14,2021,3,115.0,,Action & Adventure
MOVIE,Biggie: I Got a Story to Tell,Emmett Malloy,United States,2021,R,2021,3,98.0,,Documentaries
TV SHOW,A Perfect Day For Arsenide,Sunny Lau,Not Given,2019,TV-MA,2021,3,,1.0,Classic & Cult Tv
MOVIE,Blanche Gardin: The All-Nighter,"Xavier Maingon, Marc-Antoine Hélard",Not Given,2021,TV-MA,2021,3,96.0,,Stand-Up Comedy
MOVIE,Connected,Milton Kremer,Not Given,2021,TV-G,2021,3,42.0,,Documentaries
MOVIE,Banyuki,Hidenori Inoue,Not Given,2009,TV-PG,2021,3,182.0,,Action & Adventure
MOVIE,Dances with Wolves,Kevin Costner,United States,1990,PG-13,2021,3,181.0,,Action & Adventure
MOVIE,How to Be Really Bad,Marco Petry,Germany,2018,TV-14,2021,3,100.0,,Comedies
MOVIE,LEGO Marvel Spider-Man: Vexed by Venom,"Andrew Duncan, Ken Cunningham",United States,2019,TV-Y,2021,3,,,Children & Family Movies
MOVIE,Rain Man,Barry Levinson,United States,1988,R,2021,3,134.0,,Classic Movies
MOVIE,Tenacious D in The Pick of Destiny,Liam Lynch,United States,2006,R,2021,3,94.0,,Comedies
MOVIE,Seven Souls in the Skull Castle 2011,Hidenori Inoue,Not Given,2011,TV-14,2021,3,177.0,,Action & Adventure
MOVIE,Bigfoot Family,"Jérémie Degruson, Ben Stassen",Belgium,2021,TV-Y7,2021,2,88.0,,Children & Family Movies
MOVIE,Captain Fantastic,Matt Ross,United States,2016,R,2021,2,119.0,,Comedies
MOVIE,Crazy About Her,Dani de la Orden,Spain,2021,TV-MA,2021,2,107.0,,Comedies
MOVIE,Fuga,Pablo Larraín,Argentina,2006,TV-MA,2021,2,112.0,,Dramas
MOVIE,No Escape,John Erick Dowdle,United States,2015,R,2021,2,103.0,,Action & Adventure
MOVIE,Our Idiot Brother,Jesse Peretz,United States,2011,R,2021,2,90.0,,Comedies
MOVIE,The Girl on the Train,Ribhu Dasgupta,India,2021,TV-MA,2021,2,120.0,,International Movies
MOVIE,Tony Manero,Pablo Larraín,Chile,2008,TV-MA,2021,2,97.0,,Dramas
MOVIE,Who Am I,Baran bo Odar,Germany,2014,TV-MA,2021,2,102.0,,International Movies
MOVIE,Geez & Ann,Rizki Balki,Indonesia,2021,TV-PG,2021,2,106.0,,Dramas
MOVIE,M8 - When Death Rescues Life,Jeferson De,Not Given,2019,TV-MA,2021,2,84.0,,Dramas
MOVIE,"Blue, Painful, Fragile",Shunsuke Kariyama,Japan,2020,TV-14,2021,2,119.0,,International Movies
MOVIE,Brian Regan: On the Rocks,Troy Miller,United States,2021,TV-G,2021,2,58.0,,Stand-Up Comedy
MOVIE,Made You Look: A True Story About Fake Art,Barry Avrich,Canada,2020,TV-14,2021,2,90.0,,Documentaries
MOVIE,Pelé,"David Tryhorn, Ben Nicholas",United Kingdom,2021,TV-14,2021,2,109.0,,Documentaries
MOVIE,Red,Tirumala Kishore,India,2021,TV-14,2021,2,143.0,,Dramas
MOVIE,The Conjuring,James Wan,United States,2013,R,2021,2,112.0,,Horror Movies
MOVIE,The Conjuring 2,James Wan,Canada,2016,R,2021,2,134.0,,Horror Movies
MOVIE,Classmates Minus,Huang Hsin-Yao,Taiwan,2020,TV-MA,2021,2,123.0,,Comedies
MOVIE,Operation Finale,Chris Weitz,United States,2018,PG-13,2021,2,123.0,,Dramas
MOVIE,I Care a Lot,J Blakeson,United Kingdom,2021,R,2021,2,118.0,,Comedies
MOVIE,Love,Khalid Rahman,India,2020,TV-14,2021,2,91.0,,Dramas
MOVIE,Perú: Tesoro escondido,Luis Ara,Uruguay,2017,TV-PG,2021,2,76.0,,Documentaries
TV SHOW,Pitta Kathalu,"Tharun Bhascker Dhaassyam, B. V. Nandini Reddy, Nag Ashwin, Sankalp Reddy",India,2021,TV-MA,2021,2,,1.0,International Tv Shows
MOVIE,Wave of Cinema: Surat dari Timur,Saron Sakina,Not Given,2020,TV-G,2021,2,58.0,,Documentaries
MOVIE,Eeb Allay Ooo!,Prateek Vats,India,2019,TV-MA,2021,2,97.0,,Comedies
MOVIE,No Escape Room,Alex Merkin,United States,2018,TV-14,2021,2,85.0,,Horror Movies
MOVIE,The Most Unknown,Ian Cheney,United States,2018,TV-PG,2021,2,92.0,,Documentaries
MOVIE,Animals on the Loose: A You vs. Wild Movie,Ben Simms,United States,2021,TV-PG,2021,2,139.0,,Children & Family Movies
MOVIE,Awara Paagal Deewana,Vikram Bhatt,India,2002,TV-14,2021,2,162.0,,Action & Adventure
MOVIE,The Resurrection of Gavin Stone,Dallas Jenkins,United States,2017,PG,2021,2,92.0,,Children & Family Movies
MOVIE,"My Teacher, My Obsession",Damián Romay,United States,2018,TV-14,2021,2,86.0,,Thrillers
MOVIE,Namaste Wahala,Hamisha Daryani Ahuja,Nigeria,2021,TV-14,2021,2,107.0,,Comedies
MOVIE,Monsoon,Hong Khaou,United Kingdom,2020,TV-MA,2021,2,85.0,,Dramas
MOVIE,Hate by Dani Rovira,Mario Briongos,Spain,2021,TV-MA,2021,2,83.0,,Stand-Up Comedy
MOVIE,Mundina Nildana,Vinay Bharadwaj,India,2019,TV-MA,2021,2,104.0,,Dramas
MOVIE,To All The Boys: Always And Forever,Michael Fimognari,United States,2021,TV-14,2021,2,116.0,,Comedies
MOVIE,Xico's Journey,Eric D. Cabello Díaz,Mexico,2021,TV-Y7,2021,2,87.0,,Children & Family Movies
MOVIE,Growing up and other problems,Clara Martínez-Lázaro,Spain,2018,TV-14,2021,2,91.0,,Comedies
MOVIE,Layla Majnun,Monty Tiwa,Indonesia,2020,TV-14,2021,2,119.0,,Dramas
MOVIE,Middle of Nowhere,Ava DuVernay,United States,2012,R,2021,2,102.0,,Dramas
MOVIE,Red Dot,Alain Darborg,Sweden,2021,TV-MA,2021,2,86.0,,International Movies
MOVIE,Squared Love,Filip Zylber,Poland,2021,TV-14,2021,2,102.0,,Comedies
TV SHOW,Booba,Not Given,United Kingdom,2021,TV-Y7,2021,2,,4.0,Kids' Tv
MOVIE,This Is the Life,Ava DuVernay,United States,2008,TV-MA,2021,2,98.0,,Documentaries
TV SHOW,Crime Scene: The Vanishing at the Cecil Hotel,Joe Berlinger,United States,2021,TV-MA,2021,2,,1.0,Crime Tv Shows
MOVIE,The Misadventures of Hedi and Cokeman,Julien Royal,France,2021,TV-MA,2021,2,99.0,,Comedies
MOVIE,The World We Make,Brian Baugh,United States,2019,PG,2021,2,108.0,,Dramas
MOVIE,War Dogs,Todd Phillips,United States,2016,R,2021,2,114.0,,Comedies
MOVIE,Monster Run,Henri Wong,China,2020,TV-14,2021,2,104.0,,Action & Adventure
MOVIE,Blanche Gardin: I talk to myself,Maïa Sandoz,France,2017,TV-MA,2021,2,88.0,,Stand-Up Comedy
MOVIE,Doob: No Bed of Roses,Mostofa Sarwar Farooki,Bangladesh,2017,TV-PG,2021,2,104.0,,Dramas
MOVIE,Little Big Women,Joseph Hsu,Taiwan,2020,TV-14,2021,2,123.0,,Dramas
MOVIE,Malcolm & Marie,Sam Levinson,United States,2021,R,2021,2,106.0,,Dramas
MOVIE,Space Sweepers,Jo Sung-hee,South Korea,2021,TV-MA,2021,2,138.0,,Action & Adventure
MOVIE,"Strip Down, Rise Up",Michèle Ohayon,United States,2021,R,2021,2,113.0,,Documentaries
MOVIE,The Last Paradiso,Rocco Ricciardulli,Italy,2020,TV-MA,2021,2,107.0,,Dramas
MOVIE,The Yin-Yang Master: Dream Of Eternity,Guo Jingming,China,2021,TV-14,2021,2,133.0,,Action & Adventure
MOVIE,All My Friends Are Dead,Jan Belcl,Poland,2020,TV-MA,2021,2,97.0,,Comedies
MOVIE,Black Beach,Esteban Crespo,Spain,2020,TV-MA,2021,2,116.0,,Action & Adventure
MOVIE,"Our Lady of San Juan, Four Centuries of Miracles",Noé González,Mexico,2020,TV-PG,2021,2,123.0,,Dramas
MOVIE,Beverly Hills Ninja,Dennis Dugan,United States,1997,PG-13,2021,2,89.0,,Action & Adventure
MOVIE,Rocks,Sarah Gavron,United Kingdom,2019,TV-MA,2021,2,93.0,,Dramas
MOVIE,Shutter Island,Martin Scorsese,United States,2010,R,2021,2,139.0,,Thrillers
MOVIE,The Bank Job,Roger Donaldson,United Kingdom,2008,R,2021,2,112.0,,Dramas
TV SHOW,The House Arrest of Us,Richard Arellano,Philippines,2020,TV-MA,2021,2,,1.0,International Tv Shows
MOVIE,Zathura,Jon Favreau,United States,2005,PG,2021,2,101.0,,Children & Family Movies
MOVIE,Fatima,Marco Pontecorvo,Portugal,2020,PG-13,2021,1,113.0,,Dramas
MOVIE,Hell Fest,Gregory Plotkin,United States,2018,R,2021,1,89.0,,Horror Movies
MOVIE,Below Zero,Lluís Quílez,Spain,2021,TV-MA,2021,1,107.0,,Action & Adventure
MOVIE,Finding ‘Ohana,Jude Weng,United States,2021,PG,2021,1,123.0,,Children & Family Movies
MOVIE,The Dig,Simon Stone,United Kingdom,2021,PG-13,2021,1,113.0,,Dramas
MOVIE,Hire a Woman,Ifeanyi Ikpoenyi,Not Given,2019,TV-14,2021,1,108.0,,Comedies
MOVIE,June & Kopi,Noviandra Santosa,Indonesia,2021,TV-PG,2021,1,90.0,,Children & Family Movies
MOVIE,She Is,Chris Eneng Enaji,Not Given,2019,TV-PG,2021,1,102.0,,Dramas
MOVIE,Accomplice,Jeremy Grant,United States,2021,TV-14,2021,1,52.0,,Documentaries
MOVIE,Kilometers and Kilometers,Jeo Baby,India,2020,TV-MA,2021,1,127.0,,Comedies
MOVIE,Penguin Bloom,Glendyn Ivin,Australia,2021,TV-14,2021,1,95.0,,Children & Family Movies
MOVIE,Black Rose,Okey Oku,Nigeria,2018,TV-14,2021,1,121.0,,Dramas
MOVIE,So My Grandma’s a Lesbian!,Ángeles Reiné,Portugal,2020,TV-MA,2021,1,95.0,,Comedies
MOVIE,The Next Three Days,Paul Haggis,United States,2010,PG-13,2021,1,133.0,,Dramas
MOVIE,The White Tiger,Ramin Bahrani,India,2021,R,2021,1,127.0,,Dramas
MOVIE,Friendsgiving,Nicol Paone,United States,2020,R,2021,1,95.0,,Comedies
MOVIE,The Shadow of Violence,Nick Rowland,United Kingdom,2020,R,2021,1,101.0,,Dramas
MOVIE,Cut Throat City,RZA,United States,2020,R,2021,1,123.0,,Dramas
MOVIE,Sightless,Cooper Karl,United States,2020,TV-14,2021,1,89.0,,Thrillers
MOVIE,Homefront,Gary Fleder,United States,2013,R,2021,1,100.0,,Action & Adventure
MOVIE,A Monster Calls,J.A. Bayona,United Kingdom,2016,PG-13,2021,1,108.0,,Dramas
MOVIE,Death of Me,Darren Lynn Bousman,United States,2020,R,2021,1,94.0,,Horror Movies
MOVIE,Radium Girls,"Lydia Dean Pilcher, Ginny Mohler",United States,2018,TV-14,2021,1,103.0,,Dramas
MOVIE,Double Dad,Cris D'Amato,Brazil,2020,TV-G,2021,1,105.0,,Children & Family Movies
MOVIE,Outside the Wire,Mikael Håfström,Hungary,2021,R,2021,1,116.0,,Action & Adventure
MOVIE,Penguins of Madagascar: The Movie,"Eric Darnell, Simon J. Smith",United States,2014,PG,2021,1,92.0,,Children & Family Movies
MOVIE,Pinkfong & Baby Shark's Space Adventure,Byeon Hee-sun,United States,2019,TV-Y,2021,1,65.0,,Children & Family Movies
MOVIE,Chris Rock Total Blackout: The Tamborine Extended Cut,Chris Rock,Not Given,2021,TV-MA,2021,1,98.0,,Stand-Up Comedy
MOVIE,The Vanished,Peter Facinelli,United States,2020,R,2021,1,115.0,,Thrillers
MOVIE,Tribhanga - Tedhi Medhi Crazy,Renuka Shahane,India,2021,TV-MA,2021,1,96.0,,Dramas
MOVIE,What Would Sophia Loren Do?,Ross Kauffman,United States,2021,TV-14,2021,1,32.0,,Documentaries
MOVIE,Wish You,Sung Do-jun,South Korea,2021,TV-PG,2021,1,102.0,,Dramas
MOVIE,Tanda Tanya,Hanung Bramantyo,Indonesia,2011,TV-MA,2021,1,102.0,,Dramas
MOVIE,The Heartbreak Club,"Charles Gozali, Bagus Bramanti",Indonesia,2020,TV-14,2021,1,101.0,,Comedies
MOVIE,An Imperfect Murder,James Toback,United States,2017,R,2021,1,71.0,,Dramas
TV SHOW,Night Stalker: The Hunt for a Serial Killer,Tiller Russell,United States,2021,TV-MA,2021,1,,1.0,Crime Tv Shows
MOVIE,Al acecho,Francisco D'Eufemia,Argentina,2019,TV-MA,2021,1,81.0,,International Movies
TV SHOW,Last Tango in Halifax,Juliet May,United Kingdom,2020,TV-MA,2021,1,,4.0,British Tv Shows
MOVIE,"Crack: Cocaine, Corruption & Conspiracy",Stanley Nelson,United States,2021,TV-MA,2021,1,90.0,,Documentaries
MOVIE,The Intouchables,"Olivier Nakache, Éric Toledano",France,2011,R,2021,1,112.0,,Comedies
MOVIE,Apaharan,Prakash Jha,India,2005,TV-14,2021,1,161.0,,Dramas
MOVIE,BluffMaster!,Rohan Sippy,India,2005,TV-14,2021,1,129.0,,Comedies
MOVIE,Charming,Ross Venokur,Canada,2021,TV-Y7,2021,1,85.0,,Children & Family Movies
MOVIE,Gangaajal,Prakash Jha,India,2003,TV-MA,2021,1,148.0,,Dramas
MOVIE,Ratones Paranoicos: The Band that Rocked Argentina,"Alejandro Ruax, Ramiro Martínez",Not Given,2021,TV-MA,2021,1,76.0,,Documentaries
MOVIE,Is Love Enough? Sir,Rohena Gera,India,2018,TV-MA,2021,1,99.0,,Dramas
TV SHOW,The Idhun Chronicles,Maite Ruiz De Austri,Spain,2021,TV-14,2021,1,,2.0,Anime Series
MOVIE,100% Halal,Jastis Arimba,Indonesia,2020,TV-14,2021,1,101.0,,Dramas
MOVIE,Leap!,"Eric Summer, Éric Warin",France,2016,PG,2021,1,89.0,,Children & Family Movies
MOVIE,Pieces of a Woman,Kornél Mundruczó,Canada,2020,R,2021,1,128.0,,Dramas
MOVIE,Tony Parker: The Final Shot,Florent Bodin,France,2020,TV-14,2021,1,99.0,,Documentaries
MOVIE,Hello Brother,Sohail Khan,India,1999,TV-14,2021,1,126.0,,Action & Adventure
MOVIE,Playing for Keeps,Gabriele Muccino,United States,2012,PG-13,2021,1,106.0,,Comedies
MOVIE,Asphalt Burning,Hallvard Bræin,Norway,2020,TV-14,2021,1,101.0,,Action & Adventure
MOVIE,Bad Grandpa .5,Jeff Tremaine,United States,2014,TV-MA,2021,1,87.0,,Comedies
MOVIE,Case 39,Christian Alvart,United States,2009,R,2021,1,111.0,,Horror Movies
MOVIE,Eddie Murphy: Raw,Robert Townsend,United States,1987,R,2021,1,90.0,,Stand-Up Comedy
MOVIE,Full Out 2: You Got This!,Jeff Deverett,United States,2020,TV-Y,2021,1,91.0,,Children & Family Movies
MOVIE,Gimme Shelter,Ron Krauss,United States,2013,PG-13,2021,1,101.0,,Dramas
MOVIE,Good Burger,Brian Robbins,United States,1997,PG,2021,1,96.0,,Children & Family Movies
MOVIE,Good Hair,Jeff Stilson,United States,2009,PG-13,2021,1,96.0,,Documentaries
MOVIE,Into the Wild,Sean Penn,United States,2007,R,2021,1,148.0,,Action & Adventure
MOVIE,London Heist,Mark McQueen,United Kingdom,2017,R,2021,1,96.0,,Action & Adventure
MOVIE,Mean Girls 2,Melanie Mayron,United States,2011,PG-13,2021,1,98.0,,Comedies
MOVIE,Mystic Pizza,Donald Petrie,United States,1988,R,2021,1,104.0,,Comedies
TV SHOW,The Cat in the Hat Knows a Lot About That!,Tony Collingwood,Canada,2014,TV-Y,2021,1,,1.0,Kids' Tv
MOVIE,The Creative Brain,"Jennifer Beamish, Toby Trackman",United States,2019,TV-14,2021,1,53.0,,Documentaries
MOVIE,Unknown,Jaume Collet-Serra,United Kingdom,2011,PG-13,2021,1,113.0,,Action & Adventure
MOVIE,What Happened to Mr. Cha?,Kim Dong-kyu,South Korea,2021,TV-MA,2021,1,102.0,,Comedies
MOVIE,What's Eating Gilbert Grape,Lasse Hallström,United States,1993,PG-13,2021,1,118.0,,Classic Movies
MOVIE,Alaska Is a Drag,Shaz Bennett,United States,2017,TV-MA,2020,12,83.0,,Dramas
MOVIE,Bobby Jasoos,Samar Shaikh,India,2014,TV-14,2020,12,116.0,,Comedies
MOVIE,Tarung Sarung,Archie Hekagery,Indonesia,2020,TV-PG,2020,12,116.0,,Action & Adventure
MOVIE,Too Handsome to Handle,Sabrina Rochelle Kalangie,Indonesia,2019,TV-14,2020,12,106.0,,Comedies
TV SHOW,SanPa: Sins of the Savior,Cosima Spender,Italy,2020,TV-MA,2020,12,,1.0,Crime Tv Shows
MOVIE,The Rope Curse 2,Liao Shih-han,Taiwan,2020,TV-MA,2020,12,105.0,,Horror Movies
MOVIE,Cops and Robbers,"Arnon Manor, Timothy Ware-Hill",United States,2020,PG-13,2020,12,,,Dramas
MOVIE,Rango,Gore Verbinski,United States,2011,PG,2020,12,110.0,,Children & Family Movies
MOVIE,Death to 2020,"Al Campbell, Alice Mathias",United States,2020,TV-MA,2020,12,71.0,,Comedies
MOVIE,DNA,Maïwenn,France,2020,TV-MA,2020,12,91.0,,Dramas
MOVIE,The Magic School Bus Rides Again In the Zone,Richard Weston,Canada,2020,TV-Y,2020,12,46.0,,Children & Family Movies
MOVIE,AK vs AK,Vikramaditya Motwane,India,2020,TV-MA,2020,12,109.0,,Comedies
MOVIE,Isa Pa with Feelings,Prime Cruz,Philippines,2019,TV-G,2020,12,102.0,,International Movies
MOVIE,We Can Be Heroes,Robert Rodriguez,United States,2020,PG,2020,12,101.0,,Children & Family Movies
MOVIE,Bridezilla,Andibachtiar Yusuf,Indonesia,2019,TV-MA,2020,12,94.0,,Comedies
MOVIE,Cemara's Family,Yandy Laurens,Indonesia,2018,TV-G,2020,12,110.0,,Children & Family Movies
MOVIE,"Hello, Love, Goodbye",Cathy Garcia-Molina,Philippines,2019,TV-14,2020,12,117.0,,Dramas
MOVIE,The History of Future Folk,"John Mitchell, Jeremy Kipp Walker",United States,2012,TV-14,2020,12,85.0,,Action & Adventure
MOVIE,The Midnight Sky,George Clooney,United States,2020,PG-13,2020,12,119.0,,Dramas
MOVIE,Your Name Engraved Herein,Liu Kuang-hui,Taiwan,2020,TV-MA,2020,12,115.0,,Dramas
MOVIE,After We Collided,Roger Kumble,United States,2020,R,2020,12,105.0,,Dramas
MOVIE,London Hughes: To Catch a D*ck,Kristian Mercado,United States,2020,TV-MA,2020,12,68.0,,Stand-Up Comedy
MOVIE,QLIMAX THE SOURCE,"Daan Jansen, Stijn Verlinde",Netherlands,2020,TV-14,2020,12,57.0,,Music & Musicals
MOVIE,Shaun the Sheep: The Farmer’s Llamas,Jay Grace,United Kingdom,2020,TV-Y,2020,12,,,Children & Family Movies
MOVIE,"Ariana grande: excuse me, i love you",Paul Dugdale,United States,2020,TV-MA,2020,12,98.0,,Documentaries
MOVIE,The Con Is On,James Haslam,United States,2018,R,2020,12,95.0,,Comedies
MOVIE,Mohamed Hussein,Muhammad Ali,Egypt,2019,TV-14,2020,12,96.0,,Comedies
MOVIE,Rhys Nicholson Live at the Athenaeum,Thomas Toby Parkinson,United Kingdom,2020,TV-MA,2020,12,66.0,,Stand-Up Comedy
MOVIE,Atlas Shrugged: Part II,John Putch,United States,2012,PG-13,2020,12,112.0,,Dramas
MOVIE,Guest House,Sam Macaroni,United States,2020,R,2020,12,84.0,,Comedies
MOVIE,Ma Rainey's Black Bottom,George C. Wolfe,United States,2020,R,2020,12,94.0,,Dramas
MOVIE,Mukhsin,Yasmin Ahmad,Malaysia,2006,TV-PG,2020,12,98.0,,Children & Family Movies
TV SHOW,Paava Kadhaigal,"Sudha Kongara, Vignesh Shivan, Gautham Vasudev Menon, Vetri Maaran",India,2020,TV-MA,2020,12,,1.0,International Tv Shows
MOVIE,Rabun,Yasmin Ahmad,Malaysia,2004,TV-PG,2020,12,85.0,,Dramas
MOVIE,Talentime,Yasmin Ahmad,Malaysia,2009,TV-14,2020,12,120.0,,Dramas
MOVIE,An Unremarkable Christmas,Juan Camilo Pinzon,Colombia,2020,TV-14,2020,12,83.0,,Comedies
MOVIE,Braven,Lin Oeding,Canada,2018,R,2020,12,94.0,,Action & Adventure
MOVIE,Eggnoid: Love & Time Portal,Naya Anindita,Indonesia,2019,TV-14,2020,12,102.0,,Dramas
MOVIE,Love You to the Stars and Back,Antoinette Jadaone,Philippines,2017,TV-14,2020,12,111.0,,Comedies
MOVIE,The Wedding Shaman,Farishad I. Latjuba,Not Given,2019,TV-PG,2020,12,111.0,,Dramas
TV SHOW,BREAK IT ALL: The History of Rock in Latin America,Picky Talarico,Not Given,2020,TV-MA,2020,12,,1.0,Docuseries
MOVIE,Sakaling Maging Tayo,JP Habac,Philippines,2019,TV-14,2020,12,90.0,,International Movies
TV SHOW,Schulz Saves America,Alexx Media,United States,2020,TV-MA,2020,12,,1.0,Stand-Up Comedy & Talk Shows
TV SHOW,Anitta: Made In Honório,"Andrucha Waddington, Pedro Waddington",Brazil,2020,TV-MA,2020,12,,1.0,Docuseries
MOVIE,Bwakaw,Jun Lana,Philippines,2012,TV-MA,2020,12,110.0,,Dramas
MOVIE,Incarnate,Brad Peyton,United States,2016,PG-13,2020,12,87.0,,Horror Movies
MOVIE,Lee Daniels' The Butler,Lee Daniels,United States,2013,PG-13,2020,12,132.0,,Dramas
MOVIE,Nocturnal Animals,Tom Ford,United States,2016,R,2020,12,117.0,,Dramas
TV SHOW,The Ripper,"Ellena Wood, Jesse Vile",United Kingdom,2020,TV-MA,2020,12,,1.0,British Tv Shows
MOVIE,Vir Das: Outside In - The Lockdown Special,Vir Das,India,2020,TV-MA,2020,12,50.0,,Stand-Up Comedy
MOVIE,A Trash Truck Christmas,Eddie Rosas,Not Given,2020,TV-Y,2020,12,,,Children & Family Movies
MOVIE,Grizzlies,Miranda de Pencier,Canada,2018,R,2020,12,106.0,,Dramas
MOVIE,The Professor and the Madman,Farhad Safinia,Ireland,2019,TV-14,2020,12,125.0,,Dramas
MOVIE,A California Christmas,Shaun Paul Piccinino,United States,2020,PG-13,2020,12,107.0,,Comedies
MOVIE,Canvas,Frank E. Abney III,United States,2020,G,2020,12,,,Children & Family Movies
MOVIE,Giving Voice,"James D. Stern, Fernando Villena",United States,2020,PG-13,2020,12,91.0,,Documentaries
MOVIE,The Prom,Ryan Murphy,United States,2020,PG-13,2020,12,132.0,,Comedies
MOVIE,Torbaaz,Girish Malik,India,2020,TV-MA,2020,12,133.0,,Dramas
MOVIE,Life's Speed Bump,Wael Ehsan,Egypt,2006,TV-14,2020,6,109.0,,Comedies
TV SHOW,Song Exploder,Not Given,United States,2020,TV-MA,2020,12,,2.0,Docuseries
TV SHOW,Futmalls.com,Lai Chun-yu,Not Given,2020,TV-14,2020,12,,1.0,Crime Tv Shows
MOVIE,Funny Boy,Deepa Mehta,Canada,2020,TV-MA,2020,12,109.0,,Dramas
MOVIE,Just The Way You Are,Theodore Boborol,Philippines,2016,TV-G,2020,12,107.0,,International Movies
MOVIE,She's the One,Mae Czarina Cruz,Philippines,2013,TV-14,2020,12,111.0,,Dramas
MOVIE,The Panti Sisters,Jun Lana,Philippines,2019,TV-MA,2020,12,108.0,,Comedies
MOVIE,"Kalel, 15",Jun Lana,Philippines,2019,TV-MA,2020,12,105.0,,Dramas
MOVIE,Chico Bon Bon and the Very Berry Holiday,Darragh O'Connell,Not Given,2020,TV-Y,2020,12,,,Children & Family Movies
MOVIE,Rose Island,Sydney Sibilia,Italy,2020,TV-14,2020,12,119.0,,Comedies
MOVIE,André & his olive tree,Josiah Ng,Singapore,2020,TV-PG,2020,12,104.0,,Documentaries
MOVIE,Bobbleheads The Movie,Kirk Wise,United States,2020,PG,2020,12,83.0,,Children & Family Movies
MOVIE,Spirit Riding Free: Ride Along Adventure,"Beth Sleven, Allan Jacobsen, Kevin Wotton",United States,2020,TV-Y7,2020,12,79.0,,Children & Family Movies
MOVIE,Triple 9,John Hillcoat,United States,2016,R,2020,12,115.0,,Dramas
MOVIE,Super Monsters: Santa’s Super Monster Helpers,Steve Ball,United States,2020,TV-Y,2020,12,,,Children & Family Movies
MOVIE,Ava,Tate Taylor,United States,2020,R,2020,12,97.0,,Action & Adventure
TV SHOW,Room 2806: The Accusation,Jalil Lespert,France,2020,TV-MA,2020,12,,1.0,Crime Tv Shows
TV SHOW,Detention,"Su I-Hsuan, Chuang Shiang-an, Liu Yi",Taiwan,2020,TV-MA,2020,12,,1.0,International Tv Shows
MOVIE,Mighty Express: A Mighty Christmas,Clint Butler,Canada,2020,TV-Y,2020,12,,,Children & Family Movies
MOVIE,Captain Underpants Mega Blissmas,"Erik Kling, Kevin Peaty",United States,2020,TV-Y7,2020,12,46.0,,Children & Family Movies
MOVIE,Christmas Crossfire,Detlev Buck,Germany,2020,TV-MA,2020,12,106.0,,Comedies
MOVIE,MANK,David Fincher,United States,2020,R,2020,12,133.0,,Dramas
MOVIE,You Are My Home,Amanda Raymond,United States,2020,TV-PG,2020,12,93.0,,Children & Family Movies
MOVIE,Between Maybes,Jason Paul Laxamana,Philippines,2019,TV-14,2020,12,108.0,,Dramas
MOVIE,Break,Marc Fouchard,France,2018,TV-MA,2020,12,96.0,,Comedies
MOVIE,Just Another Christmas,Roberto Santucci,Brazil,2020,TV-MA,2020,12,101.0,,Comedies
MOVIE,Must Be... Love,Dado C. Lumibao,Philippines,2013,TV-14,2020,12,106.0,,Comedies
MOVIE,Ari Eldjárn: Pardon My Icelandic,August Jakobsson,Iceland,2020,TV-MA,2020,12,54.0,,Stand-Up Comedy
MOVIE,Fierce,Anna Wieczur-Bluszcz,Poland,2020,TV-MA,2020,12,118.0,,Comedies
MOVIE,3 Days to Kill,McG,United States,2014,PG-13,2020,12,117.0,,Action & Adventure
MOVIE,Angela's Christmas Wish,Damien O’Connor,United States,2020,TV-Y,2020,12,48.0,,Children & Family Movies
MOVIE,Angels & Demons,Ron Howard,United States,2009,PG-13,2020,12,139.0,,Thrillers
MOVIE,Chef,Jon Favreau,United States,2014,R,2020,12,115.0,,Comedies
MOVIE,Effie Gray,Richard Laxton,United Kingdom,2014,PG-13,2020,12,109.0,,Dramas
MOVIE,Monster House,Gil Kenan,United States,2006,PG,2020,12,91.0,,Children & Family Movies
MOVIE,Natalie Palamides: Nate - A One Man Show,Phil Burgers,United States,2020,TV-MA,2020,12,60.0,,Comedies
MOVIE,Peppermint,Pierre Morel,Hong Kong,2018,R,2020,12,102.0,,Action & Adventure
MOVIE,Hazel Brugger: Tropical,Not Given,Germany,2020,TV-MA,2020,12,58.0,,Stand-Up Comedy
MOVIE,Quigley Down Under,Simon Wincer,Australia,1990,PG-13,2020,12,120.0,,Action & Adventure
MOVIE,The Da Vinci Code,Ron Howard,United States,2006,PG-13,2020,12,149.0,,Thrillers
MOVIE,The Happytime Murders,Brian Henson,United States,2018,R,2020,12,91.0,,Action & Adventure
MOVIE,U-Turn,Derick Cabrido,Philippines,2020,TV-MA,2020,12,99.0,,Horror Movies
MOVIE,Finding Agnes,Marla M. Ancheta,Philippines,2020,TV-PG,2020,11,106.0,,Dramas
MOVIE,Rust Creek,Jen McGowan,United States,2018,R,2020,11,108.0,,Thrillers
MOVIE,Spookley and the Christmas Kittens,Bernie Denk,United States,2019,TV-Y,2020,11,45.0,,Children & Family Movies
MOVIE,The 2nd,Brian Skiba,United States,2020,TV-MA,2020,11,93.0,,Action & Adventure
MOVIE,A Go! Go! Cory Carson Christmas,"Stanley Moore, Alex Woo",United States,2020,TV-Y,2020,11,,,Children & Family Movies
MOVIE,Dance Dreams: Hot Chocolate Nutcracker,Oliver Bokelberg,United States,2020,TV-PG,2020,11,81.0,,Children & Family Movies
MOVIE,Don’t Listen,Ángel Gómez Hernández,Spain,2020,TV-MA,2020,11,98.0,,Horror Movies
MOVIE,Notes for My Son,Carlos Sorín,Argentina,2020,TV-MA,2020,11,84.0,,Dramas
MOVIE,Andhaghaaram,V Vignarajan,India,2020,TV-14,2020,11,171.0,,Horror Movies
MOVIE,The Beast,Ludovico Di Martino,Italy,2020,TV-MA,2020,11,100.0,,Action & Adventure
MOVIE,The Call,Lee Chung-hyun,South Korea,2020,TV-MA,2020,11,112.0,,International Movies
MOVIE,Fantastica,Barry Gonzalez,Philippines,2018,TV-PG,2020,11,114.0,,Comedies
MOVIE,Larry the Cable Guy: Remain Seated,Brian Volk-Weiss,United States,2020,TV-14,2020,11,68.0,,Stand-Up Comedy
MOVIE,Mosul,Matthew Michael Carnahan,United States,2020,TV-MA,2020,11,103.0,,Action & Adventure
MOVIE,Unexpectedly Yours,Cathy Garcia-Molina,Philippines,2017,TV-14,2020,11,121.0,,Comedies
MOVIE,Ghosts of War,Eric Bress,United Kingdom,2020,R,2020,11,95.0,,Horror Movies
MOVIE,Shawn Mendes: Live in Concert,Paul Dugdale,United Kingdom,2020,TV-PG,2020,11,87.0,,Music & Musicals
MOVIE,The Christmas Chronicles: Part Two,Chris Columbus,Canada,2020,PG,2020,11,115.0,,Children & Family Movies
MOVIE,Andhakaaram,V Vignarajan,India,2020,TV-14,2020,11,171.0,,Horror Movies
TV SHOW,Before 30,BB Sasore,Nigeria,2015,TV-MA,2020,11,,1.0,International Tv Shows
MOVIE,Dragons: Rescue Riders: Huttsgalor Holiday,"Greg Rankin, TJ Sullivan",United States,2020,TV-Y,2020,11,46.0,,Children & Family Movies
MOVIE,Hillbilly Elegy,Ron Howard,United States,2020,R,2020,11,117.0,,Dramas
MOVIE,Hard Kill,Matt Eskandari,United States,2020,R,2020,11,98.0,,Action & Adventure
MOVIE,Shawn Mendes: In Wonder,Grant Singer,United States,2020,TV-MA,2020,11,83.0,,Documentaries
MOVIE,The Suit,Mohammad Adel,Egypt,2018,TV-14,2020,11,97.0,,Action & Adventure
MOVIE,Dolly Parton’s Christmas on the Square,Debbie Allen,United States,2020,TV-PG,2020,11,99.0,,Children & Family Movies
MOVIE,Machete Kills,Robert Rodriguez,United States,2013,R,2020,11,108.0,,Action & Adventure
MOVIE,40 Sticks,Victor Gatonye,Kenya,2019,TV-14,2020,11,93.0,,International Movies
MOVIE,Alien Xmas,Stephen Chiodo,United States,2020,TV-Y,2020,11,42.0,,Children & Family Movies
MOVIE,If Anything Happens I Love You,"Will McCormack, Michael Govier",United States,2020,PG,2020,11,,,Dramas
MOVIE,The App That Stole Christmas,Monica Floyd,United States,2020,TV-PG,2020,11,64.0,,Children & Family Movies
MOVIE,Black Friday,Anurag Kashyap,India,2004,TV-MA,2020,11,162.0,,Dramas
MOVIE,Bodyguard,Siddique,India,2011,TV-14,2020,11,130.0,,Action & Adventure
MOVIE,Break Ke Baad,Danish Aslam,India,2010,TV-14,2020,11,108.0,,Comedies
MOVIE,Hawaizaada,Vibhu Virender Puri,India,2015,TV-14,2020,11,129.0,,Dramas
MOVIE,My Amnesia Girl,Cathy Garcia-Molina,Philippines,2010,TV-14,2020,11,105.0,,International Movies
MOVIE,Raman Raghav 2.0,Anurag Kashyap,India,2016,TV-MA,2020,11,133.0,,International Movies
MOVIE,Singham,Rohit Shetty,India,2011,TV-14,2020,11,142.0,,Action & Adventure
MOVIE,TE3N,Ribhu Dasgupta,India,2016,TV-14,2020,11,128.0,,Dramas
MOVIE,The Princess Switch: Switched Again,Mike Rohl,United States,2020,TV-G,2020,11,97.0,,Children & Family Movies
MOVIE,Three Words to Forever,Cathy Garcia-Molina,Philippines,2018,TV-G,2020,11,107.0,,Comedies
MOVIE,Well Done Abba,Shyam Benegal,India,2009,TV-14,2020,11,135.0,,Comedies
MOVIE,Ainu Mosir,Takeshi Fukunaga,United States,2020,TV-PG,2020,11,84.0,,Dramas
MOVIE,Kevin Hart: Zero F**ks Given,Leslie Small,United States,2020,TV-MA,2020,11,70.0,,Stand-Up Comedy
MOVIE,Loving,Jeff Nichols,United Kingdom,2016,PG-13,2020,11,124.0,,Dramas
MOVIE,Whose Streets?,"Sabaah Folayan, Damon Davis",United States,2017,R,2020,11,102.0,,Documentaries
MOVIE,A Very Country Christmas,Justin G. Dyck,United States,2017,TV-G,2020,11,84.0,,Music & Musicals
MOVIE,Cloudy with a Chance of Meatballs 2,"Cody Cameron, Kris Pearn",United States,2013,PG,2020,11,95.0,,Children & Family Movies
MOVIE,Hometown Holiday,Justin G. Dyck,Canada,2018,TV-G,2020,11,84.0,,Romantic Movies
TV SHOW,A Queen Is Born,Carla Barros,Brazil,2020,TV-14,2020,11,,1.0,International Tv Shows
MOVIE,White Christmas,Michael Curtiz,United States,1954,TV-G,2020,11,120.0,,Children & Family Movies
MOVIE,Killer Cove,Damián Romay,United States,2019,TV-14,2020,11,87.0,,Thrillers
MOVIE,Fukrey Boyzzz: Space Mein Fukrapanti,Avinash Walzade,India,2020,TV-Y7,2020,11,75.0,,Children & Family Movies
MOVIE,Jingle Jangle: A Christmas Journey,David E. Talbert,United States,2020,PG,2020,11,124.0,,Children & Family Movies
MOVIE,The Beginning of Life 2: Outside,Renata Terra,Brazil,2020,TV-PG,2020,11,92.0,,Documentaries
MOVIE,The Life Ahead,Edoardo Ponti,Italy,2020,PG-13,2020,11,95.0,,Dramas
TV SHOW,The Minions of Midas,Mateo Gil,Spain,2020,TV-MA,2020,11,,1.0,Crime Tv Shows
MOVIE,A Very Special Love,Cathy Garcia-Molina,Philippines,2008,TV-G,2020,11,107.0,,International Movies
MOVIE,First Love,Paul Soriano,Philippines,2018,TV-MA,2020,11,123.0,,Dramas
MOVIE,Fruitvale Station,Ryan Coogler,United States,2013,R,2020,11,85.0,,Dramas
MOVIE,Ludo,Anurag Basu,India,2020,TV-MA,2020,11,150.0,,Comedies
MOVIE,Memories of a Teenager,Lucas Santa Ana,Argentina,2019,TV-MA,2020,11,97.0,,Dramas
MOVIE,Prom Night,Nelson McCormick,United States,2008,PG-13,2020,11,88.0,,Horror Movies
MOVIE,What We Wanted,Ulrike Kofler,Austria,2020,TV-MA,2020,11,93.0,,Dramas
TV SHOW,A Lion in the House,"Steven Bognar, Julia Reichert",United States,2006,TV-14,2020,11,,1.0,Tv Shows
MOVIE,Citation,Kunle Afolayan,Nigeria,2020,TV-MA,2020,11,151.0,,Dramas
MOVIE,Girl's Revenge,Weica Wang,Taiwan,2020,TV-MA,2020,11,82.0,,Dramas
MOVIE,The Endless Trench,"Aitor Arregi, Jon Garaño, Jose Mari Goenaga",Spain,2019,TV-MA,2020,11,148.0,,Dramas
MOVIE,The Late Bloomer,Kevin Pollak,United States,2016,R,2020,11,95.0,,Comedies
MOVIE,A New York Christmas Wedding,Otoja Abit,United States,2020,TV-MA,2020,11,90.0,,Dramas
MOVIE,Alone/Together,Antoinette Jadaone,Philippines,2019,TV-14,2020,11,103.0,,Dramas
TV SHOW,Carmel: Who Killed Maria Marta?,Alejandro Hartmann,Argentina,2020,TV-14,2020,11,,1.0,Crime Tv Shows
MOVIE,Midnight at the Magnolia,Maxwell McGuire,Canada,2020,TV-G,2020,11,87.0,,Comedies
MOVIE,One More Try,Ruel S. Bayani,Philippines,2012,TV-14,2020,11,102.0,,Dramas
MOVIE,Operation Christmas Drop,Martin Wood,United States,2020,TV-G,2020,11,96.0,,Children & Family Movies
MOVIE,The Beginning of Life,Estela Renner,Brazil,2016,TV-PG,2020,11,96.0,,Documentaries
MOVIE,Christmas with a Prince,Justin G. Dyck,Canada,2018,TV-PG,2020,11,86.0,,Comedies
MOVIE,Miss India,Narendra Nath,India,2020,TV-PG,2020,11,136.0,,Dramas
MOVIE,Felix Lobrecht: Hype,Jan-Peter Horns,Germany,2020,TV-MA,2020,11,60.0,,Stand-Up Comedy
MOVIE,MOTHER,Tatsushi Omori,Japan,2020,TV-14,2020,11,127.0,,Dramas
MOVIE,Prospect,"Zeek Earl, Christopher Caldwell",Canada,2018,R,2020,11,100.0,,Sci-Fi & Fantasy
MOVIE,Christmas Break-In,Michael Kampa,United States,2019,TV-PG,2020,11,87.0,,Children & Family Movies
MOVIE,Elf Pets: A Fox Cub’s Christmas Tale,Chanda Bell,United States,2020,TV-Y,2020,11,,,Children & Family Movies
MOVIE,Elf Pets: Santa’s Reindeer Rescue,Chanda Bell,United States,2020,TV-Y,2020,11,,,Children & Family Movies
MOVIE,Elliot the Littlest Reindeer,Jennifer Westcott,Canada,2018,PG,2020,11,90.0,,Children & Family Movies
MOVIE,Little Monsters,Richard Greenberg,United States,1989,PG,2020,11,102.0,,Children & Family Movies
MOVIE,Mile 22,Peter Berg,United States,2018,R,2020,11,94.0,,Action & Adventure
MOVIE,Piercing,Nicolas Pesce,United States,2018,R,2020,11,81.0,,Dramas
MOVIE,Snowden,Oliver Stone,United Kingdom,2016,R,2020,11,134.0,,Dramas
MOVIE,The Impossible,J.A. Bayona,Spain,2012,PG-13,2020,11,114.0,,Dramas
MOVIE,The Next Karate Kid,Christopher Cain,United States,1994,PG,2020,11,107.0,,Action & Adventure
MOVIE,Wheels of Fortune,Shaun Paul Piccinino,United States,2020,R,2020,11,107.0,,Comedies
TV SHOW,Afronta! Facing It!,Juliana Vicente,Brazil,2017,TV-PG,2020,10,,1.0,Docuseries
MOVIE,The 12th Man,Harald Zwart,Norway,2018,TV-MA,2020,10,130.0,,Action & Adventure
MOVIE,Hidden in Plain Sight,Stacia Crawford,United States,2019,TV-14,2020,10,87.0,,Dramas
MOVIE,His House,Remi Weekes,United Kingdom,2020,TV-14,2020,10,93.0,,Horror Movies
MOVIE,In Line,Tope Oshin,Nigeria,2017,TV-14,2020,10,114.0,,Dramas
MOVIE,Kaali Khuhi,Terrie Samundra,India,2020,TV-14,2020,10,91.0,,Horror Movies
MOVIE,La Gran Ilusión,Antonio Díaz,Not Given,2016,TV-14,2020,10,50.0,,International Movies
MOVIE,Rogue City,Olivier Marchal,France,2020,TV-MA,2020,10,116.0,,Dramas
MOVIE,The Day of the Lord,Santiago Alvarado Ilarri,Mexico,2020,TV-MA,2020,10,93.0,,Horror Movies
MOVIE,Pagpag: Nine Lives,Frasco Mortiz,Philippines,2013,TV-14,2020,10,106.0,,Horror Movies
MOVIE,Holidate,John Whitesell,United States,2020,TV-MA,2020,10,105.0,,Comedies
MOVIE,Metallica Through The Never,Nimród Antal,United States,2013,R,2020,10,93.0,,Music & Musicals
MOVIE,Nobody Sleeps in the Woods Tonight,Bartosz M. Kowalski,Poland,2020,TV-MA,2020,10,103.0,,Horror Movies
MOVIE,Secrets of the Saqqara Tomb,James Tovell,United States,2020,TV-PG,2020,10,114.0,,Documentaries
MOVIE,Guillermo Vilas: Settling the Score,Matías Gueilburt,Argentina,2020,TV-14,2020,10,95.0,,Documentaries
MOVIE,Sarah Cooper: Everything's Fine,Natasha Lyonne,United States,2020,TV-MA,2020,10,50.0,,Comedies
TV SHOW,The Devil Punisher,"Chang Chin-jung, Chen Rong-hui",Taiwan,2020,TV-14,2020,10,,1.0,International Tv Shows
MOVIE,Ajab Prem Ki Ghazab Kahani,Rajkumar Santoshi,India,2009,TV-14,2020,10,150.0,,Comedies
MOVIE,Black '47,Lance Daly,Ireland,2018,R,2020,10,100.0,,Action & Adventure
MOVIE,I Am Woman,Unjoo Moon,Australia,2019,TV-MA,2020,10,117.0,,Dramas
MOVIE,Alice Junior,Gil Baroni,Brazil,2019,TV-MA,2020,10,87.0,,Comedies
TV SHOW,Move,"Thierry Demaizière, Alban Teurlai",United States,2020,TV-MA,2020,10,,1.0,Docuseries
MOVIE,Over the Moon,Glen Keane,China,2020,PG,2020,10,100.0,,Children & Family Movies
MOVIE,Shattered Memories,Chris Sivertson,United States,2018,TV-14,2020,10,86.0,,Dramas
MOVIE,Bending the Arc,"Kief Davidson, Pedro Kos",United States,2017,TV-MA,2020,10,102.0,,Documentaries
MOVIE,Cadaver,Jarand Herdal,Norway,2020,TV-MA,2020,10,87.0,,Horror Movies
MOVIE,Exes Baggage,Dan Villegas,Philippines,2018,TV-MA,2020,10,103.0,,Dramas
MOVIE,Fisherman's Friends,Chris Foggin,United Kingdom,2019,PG-13,2020,10,112.0,,Comedies
MOVIE,The Hows of Us,Cathy Garcia-Molina,Philippines,2018,TV-14,2020,10,120.0,,Dramas
MOVIE,The Hummingbird Project,Kim Nguyen,Canada,2018,R,2020,10,111.0,,Dramas
MOVIE,"Yes, God, Yes",Karen Maine,United States,2020,R,2020,10,78.0,,Comedies
MOVIE,Brave Blue World: Racing to Solve Our Water Crisis,Tim Neeves,Canada,2020,TV-PG,2020,10,51.0,,Documentaries
MOVIE,Rebecca,Ben Wheatley,United Kingdom,2020,PG-13,2020,10,123.0,,Dramas
MOVIE,The Magic School Bus Rides Again The Frizz Connection,Richard Weston,Canada,2020,TV-Y,2020,10,46.0,,Children & Family Movies
MOVIE,Tremors: Shrieker Island,Don Michael Paul,United States,2020,PG-13,2020,10,102.0,,Action & Adventure
MOVIE,Beirut Oh Beirut,Maroun Baghdadi,Lebanon,1975,TV-14,2020,10,106.0,,Classic Movies
MOVIE,Bosta,Philippe Aractingi,Lebanon,2005,TV-14,2020,10,112.0,,Dramas
MOVIE,Ghadi,Amin Dora,Lebanon,2013,TV-MA,2020,10,101.0,,Comedies
MOVIE,Heritages,Philippe Aractingi,Lebanon,2014,TV-14,2020,10,96.0,,Documentaries
MOVIE,Listen,Philippe Aractingi,Lebanon,2017,TV-MA,2020,10,103.0,,Dramas
MOVIE,Out of Life,Maroun Baghdadi,France,1991,TV-MA,2020,10,94.0,,Classic Movies
MOVIE,Panoptic,Rana Eid,Lebanon,2017,TV-MA,2020,10,69.0,,Documentaries
MOVIE,Taxi Ballad,Daniel Joseph,Lebanon,2012,TV-MA,2020,10,81.0,,Dramas
MOVIE,The Kite,Randa Chahal Sabbag,Lebanon,2003,TV-MA,2020,10,76.0,,Dramas
MOVIE,The Little Wars,Maroun Baghdadi,France,1982,TV-14,2020,10,108.0,,Dramas
MOVIE,Under the Bombs,Philippe Aractingi,France,2007,TV-MA,2020,10,94.0,,Dramas
MOVIE,West Beirut,Ziad Doueiri,France,1999,TV-MA,2020,10,106.0,,Dramas
MOVIE,What Did I Mess,Shady Hanna,Lebanon,2018,TV-14,2020,10,98.0,,Comedies
MOVIE,Whispers,Maroun Baghdadi,Lebanon,1980,TV-14,2020,10,93.0,,Documentaries
MOVIE,Zozo,Josef Fares,Sweden,2005,TV-MA,2020,10,99.0,,Dramas
MOVIE,ParaNorman,"Sam Fell, Chris Butler",United States,2012,PG,2020,10,93.0,,Children & Family Movies
MOVIE,Rooting for Roona,"Pavitra Chalam, Akshay Shankar",India,2020,TV-PG,2020,10,42.0,,Documentaries
MOVIE,I Am Vengeance: Retaliation,Ross Boyask,United Kingdom,2020,R,2020,10,82.0,,Action & Adventure
MOVIE,Disconnect,"David 'Tosh' Gitonga, Michael Jones",Kenya,2018,TV-MA,2020,10,107.0,,Comedies
MOVIE,In a Valley of Violence,Ti West,United States,2016,R,2020,10,104.0,,Action & Adventure
TV SHOW,Someone Has to Die,Manolo Caro,Mexico,2020,TV-MA,2020,10,,1.0,Crime Tv Shows
MOVIE,The Trial of the Chicago 7,Aaron Sorkin,United States,2020,R,2020,10,130.0,,Dramas
MOVIE,Unfriended,Levan Gabriadze,United States,2014,R,2020,10,83.0,,Horror Movies
MOVIE,A Babysitter's Guide to Monster Hunting,Rachel Talalay,United States,2020,TV-PG,2020,10,99.0,,Children & Family Movies
MOVIE,Batman: The Killing Joke,Sam Liu,United States,2016,R,2020,10,77.0,,Action & Adventure
MOVIE,El-Khawaga's Dilemma,Peter Mimi,Egypt,2018,TV-14,2020,10,94.0,,Action & Adventure
MOVIE,Kartini: Princess of Java,Hanung Bramantyo,Indonesia,2017,TV-PG,2020,10,118.0,,Dramas
MOVIE,Love Like the Falling Rain,Lasja Fauzia Susatyo,Indonesia,2020,TV-14,2020,10,87.0,,Dramas
MOVIE,A Choo,"Kevin Ko, Peter Tsi",Taiwan,2020,TV-14,2020,10,101.0,,Action & Adventure
MOVIE,BLACKPINK: Light Up the Sky,Caroline Suh,United States,2020,TV-14,2020,10,80.0,,Documentaries
MOVIE,The Three Deaths of Marisela Escobedo,Carlos Pérez Osorio,Mexico,2020,TV-MA,2020,10,110.0,,Documentaries
MOVIE,Fida,Ken Ghosh,India,2004,TV-14,2020,10,117.0,,International Movies
MOVIE,Octonauts & the Great Barrier Reef,Blair Simmons,United Kingdom,2020,TV-Y,2020,10,47.0,,Children & Family Movies
MOVIE,Dil,Indra Kumar,India,1990,TV-14,2020,10,165.0,,Comedies
MOVIE,Disco Dancer,B. Subhash,India,1982,TV-14,2020,10,134.0,,Cult Movies
MOVIE,Hunterrr,Harshavardhan Kulkarni,India,2015,TV-MA,2020,10,140.0,,Comedies
MOVIE,Phir Hera Pheri,Neeraj Vora,India,2006,TV-14,2020,10,150.0,,Comedies
MOVIE,The Legend of Bhagat Singh,Rajkumar Santoshi,India,2002,TV-14,2020,10,156.0,,Dramas
MOVIE,House of the Witch,Alex Merkin,United States,2017,TV-MA,2020,10,86.0,,Horror Movies
MOVIE,Ginny Weds Sunny,Puneet Khanna,India,2020,TV-MA,2020,10,126.0,,Comedies
MOVIE,My Step Dad: The Hippie,Meltem Bozoflu,Turkey,2018,TV-MA,2020,10,100.0,,Comedies
MOVIE,The Forty-Year-Old Version,Radha Blank,United States,2020,R,2020,10,124.0,,Comedies
MOVIE,Bigflo & Oli: Hip Hop Frenzy,"Bigflo & Oli, Jérémie Levypon",France,2020,TV-MA,2020,10,100.0,,Documentaries
MOVIE,Palermo Hollywood,Eduardo Pinto,Argentina,2004,TV-MA,2020,10,106.0,,Dramas
MOVIE,Hubie Halloween,Steve Brill,United States,2020,PG-13,2020,10,104.0,,Comedies
TV SHOW,To the Lake,Pavel Kostomarov,Russia,2020,TV-MA,2020,10,,1.0,International Tv Shows
MOVIE,American Pie 9: Girls' Rules,Mike Elliott,United States,2020,R,2020,10,96.0,,Comedies
MOVIE,Dolly Parton: Here I Am,Francis Whately,United Kingdom,2019,TV-14,2020,10,90.0,,Documentaries
MOVIE,StarBeam: Halloween Hero,Jon Izen,Canada,2020,TV-Y,2020,10,33.0,,Children & Family Movies
MOVIE,Walk Away from Love,Christopher Nolen,United States,2017,TV-14,2020,10,81.0,,Dramas
MOVIE,David Attenborough: A Life on Our Planet,"Alastair Fothergill, Jonnie Hughes, Keith Scholey",United Kingdom,2020,PG,2020,10,84.0,,Documentaries
MOVIE,"Best Wishes, Warmest Regards: A Schitt's Creek Farewell",Amy Segal,Canada,2020,TV-MA,2020,10,44.0,,Documentaries
MOVIE,Good Game: The Beginning,Umut Aral,Turkey,2018,TV-14,2020,10,115.0,,Dramas
MOVIE,A Chaster Marriage,Umut Kirca,Turkey,2016,TV-14,2020,10,94.0,,Comedies
MOVIE,Poacher,Tom Whitworth,United Kingdom,2018,TV-MA,2020,9,,,Dramas
MOVIE,A Go! Go! Cory Carson Halloween,"Alex Woo, Stanley Moore",United States,2020,TV-Y,2020,10,,,Children & Family Movies
MOVIE,Òlòtūré,Kenneth Gyang,Nigeria,2020,TV-MA,2020,10,107.0,,Dramas
MOVIE,Serious Men,Sudhir Mishra,India,2020,TV-MA,2020,10,115.0,,Comedies
MOVIE,The Binding,Domenico de Feudis,Italy,2020,TV-MA,2020,10,93.0,,Horror Movies
MOVIE,Turkish Dance School,Burak Aksak,Turkey,2017,TV-MA,2020,10,107.0,,Comedies
MOVIE,Vampires vs. the Bronx,Oz Rodriguez,United States,2020,PG-13,2020,10,86.0,,Comedies
MOVIE,You've Got This,Salvador Espinosa,Mexico,2020,TV-MA,2020,10,112.0,,Comedies
MOVIE,All Because of You,Adrian Teh,Malaysia,2020,TV-PG,2020,10,102.0,,Action & Adventure
MOVIE,An Ordinary Man,Brad Silberling,Serbia,2017,R,2020,10,91.0,,Dramas
MOVIE,Carlos Almaraz: Playing with Fire,"Elsa Flores Almaraz, Richard J Montoya",United States,2019,TV-14,2020,10,83.0,,Documentaries
MOVIE,Cold Harbour,Carey McKenzie,South Africa,2013,TV-MA,2020,10,73.0,,Action & Adventure
MOVIE,Free State of Jones,Gary Ross,United States,2016,R,2020,10,139.0,,Action & Adventure
MOVIE,The American Game,Mostafa Abu Seif,Not Given,2019,TV-PG,2020,10,91.0,,Comedies
MOVIE,Human Nature,Adam Bolt,United States,2019,TV-14,2020,10,95.0,,Documentaries
MOVIE,Hunt for the Wilderpeople,Taika Waititi,New Zealand,2016,PG-13,2020,10,101.0,,Action & Adventure
MOVIE,I'm Leaving Now,"Lindsey Cordero, Armando Croda",United States,2019,TV-MA,2020,10,75.0,,Documentaries
MOVIE,Rize,David LaChapelle,United States,2005,PG-13,2020,10,87.0,,Documentaries
MOVIE,The Book of Sun,Faris Godus,Saudi Arabia,2020,TV-14,2020,10,120.0,,Comedies
MOVIE,The Outpost,Rod Lurie,United States,2020,R,2020,10,123.0,,Action & Adventure
MOVIE,We Have Always Lived in the Castle,Stacie Passon,United States,2018,TV-14,2020,10,95.0,,Dramas
MOVIE,American Murder: The Family Next Door,Jenny Popplewell,United States,2020,TV-MA,2020,9,84.0,,Documentaries
MOVIE,Baxu and the Giants,Florian Schott,Namibia,2019,TV-PG,2020,9,,,Dramas
MOVIE,The Boys in the Band,Joe Mantello,United States,2020,R,2020,9,122.0,,Dramas
MOVIE,Bully,Lee Hirsch,United States,2012,PG-13,2020,9,98.0,,Documentaries
MOVIE,Michelle Buteau: Welcome to Buteaupia,Page Hurwitz,United States,2020,TV-MA,2020,9,59.0,,Stand-Up Comedy
MOVIE,Welcome to Sudden Death,Dallas Jackson,United States,2020,R,2020,9,80.0,,Action & Adventure
MOVIE,Amandla! A Revolution in Four Part Harmony,Lee Hirsch,South Africa,2002,PG-13,2020,9,103.0,,Documentaries
MOVIE,Ankhon Dekhi,Rajat Kapoor,India,2013,TV-PG,2020,9,104.0,,Dramas
MOVIE,Dedh Ishqiya,Abhishek Chaubey,India,2014,TV-14,2020,9,146.0,,Comedies
MOVIE,Golmaal Returns,Rohit Shetty,India,2008,TV-MA,2020,9,135.0,,Comedies
MOVIE,Ishq Vishk,Ken Ghosh,India,2003,TV-PG,2020,9,129.0,,Comedies
MOVIE,Ishqiya,Abhishek Chaubey,India,2009,TV-14,2020,9,115.0,,Comedies
MOVIE,Jab We Met,Imtiaz Ali,India,2007,TV-14,2020,9,143.0,,Comedies
MOVIE,Mann,Indra Kumar,India,1999,TV-14,2020,9,173.0,,Dramas
MOVIE,Manorama Six Feet Under,Navdeep Singh,India,2007,TV-14,2020,9,129.0,,Dramas
MOVIE,Welcome,Anees Bazmee,India,2007,TV-PG,2020,9,149.0,,Comedies
MOVIE,Time Out,Rikhil Bahadur,India,2015,TV-14,2020,9,98.0,,Dramas
MOVIE,My Mother's Wound,Ozan Açıktan,Turkey,2016,TV-MA,2020,9,115.0,,Dramas
MOVIE,High & Low The Worst,Shigeaki Kubo,Japan,2019,TV-MA,2020,9,125.0,,Action & Adventure
MOVIE,Real Steel,Shawn Levy,United States,2011,PG-13,2020,9,127.0,,Action & Adventure
MOVIE,Enola Holmes,Harry Bradbeer,United Kingdom,2020,PG-13,2020,9,124.0,,Action & Adventure
MOVIE,Kiss the Ground,"Joshua Tickell, Rebecca Harrell Tickell",United States,2020,TV-G,2020,9,85.0,,Documentaries
MOVIE,A Love Song for Latasha,Sophia Nahli Allison,United States,2020,TV-PG,2020,9,,,Documentaries
MOVIE,DTC Yukemuri Junjo Hen From High & Low,Norihisa Hiranuma,Japan,2018,TV-PG,2020,9,102.0,,Dramas
MOVIE,High & Low The Movie,Shigeaki Kubo,Japan,2016,TV-MA,2020,9,129.0,,Action & Adventure
MOVIE,High & Low The Movie 2 / End of Sky,"Shigeaki Kubo, Tsuyoshi Nakakuki",Japan,2017,TV-MA,2020,9,124.0,,Action & Adventure
MOVIE,High & Low The Movie 3 / Final Mission,"Shigeaki Kubo, Tsuyoshi Nakakuki",Japan,2017,TV-MA,2020,9,118.0,,Action & Adventure
MOVIE,High & Low The Red Rain,Yudai Yamaguchi,Japan,2016,TV-MA,2020,9,111.0,,Action & Adventure
MOVIE,PhotoCopy,Vijay Maurya,India,2016,TV-14,2020,9,138.0,,Comedies
MOVIE,Road To High & Low,Shigeaki Kubo,Japan,2016,TV-MA,2020,9,94.0,,Action & Adventure
MOVIE,The Blue Elephant 2,Marwan Hamed,Egypt,2019,TV-MA,2020,9,130.0,,Horror Movies
MOVIE,Bhaji In Problem,Smeep Kang,India,2013,TV-14,2020,9,117.0,,Comedies
MOVIE,Black,Raja Chanda,India,2015,TV-14,2020,9,137.0,,Action & Adventure
MOVIE,Nee Enge En Anbe,Sekhar Kammula,India,2014,TV-14,2020,9,137.0,,International Movies
MOVIE,Saheb Biwi Aur Gangster Returns,Tigmanshu Dhulia,India,2013,TV-MA,2020,9,139.0,,Dramas
MOVIE,Santa Banta Pvt Ltd,Akashdeep,India,2016,TV-14,2020,9,111.0,,Comedies
MOVIE,The Royal Bengal Tiger,Rajesh Ganguly,India,2014,TV-MA,2020,9,103.0,,Dramas
MOVIE,Dolly Kitty Aur Woh Chamakte Sitare,Alankrita Shrivastava,India,2020,TV-MA,2020,9,120.0,,Dramas
MOVIE,Whipped,Chandra Liow,Indonesia,2020,TV-14,2020,9,98.0,,Comedies
MOVIE,Anaamika,Sekhar Kammula,India,2014,TV-14,2020,9,130.0,,International Movies
MOVIE,GIMS: On the Record,Florent Bodin,France,2020,TV-MA,2020,9,96.0,,Documentaries
MOVIE,Horrid Henry's Gross Day Out,Gary Andrews,United Kingdom,2020,TV-Y,2020,9,61.0,,Children & Family Movies
MOVIE,Residue,Merawi Gerima,United States,2020,TV-MA,2020,9,90.0,,Dramas
MOVIE,Dr Jason Leong Hashtag Blessed,Kubhaer T. Jethwani,Not Given,2018,TV-MA,2020,9,69.0,,Stand-Up Comedy
MOVIE,Wish Upon a Unicorn,Steve Bencich,Not Given,2020,PG,2020,9,93.0,,Children & Family Movies
MOVIE,The Devil All The Time,Antonio Campos,United States,2020,R,2020,9,139.0,,Dramas
MOVIE,The Paramedic,Carles Torras,Spain,2020,TV-MA,2020,9,94.0,,Dramas
MOVIE,The Take,James Watkins,United Kingdom,2016,R,2020,9,92.0,,Action & Adventure
TV SHOW,Call the Midwife,Philippa Lowthorpe,United Kingdom,2020,TV-MA,2020,9,,9.0,British Tv Shows
MOVIE,Hope Frozen: A Quest to Live Twice,Pailin Wedel,Thailand,2020,TV-PG,2020,9,80.0,,Documentaries
MOVIE,Michael McIntyre: Showman,Chris Howe,United Kingdom,2020,TV-MA,2020,9,63.0,,Stand-Up Comedy
MOVIE,Raising Victor Vargas,Peter Sollett,France,2002,R,2020,9,88.0,,Dramas
MOVIE,The Smurfs 2,Raja Gosnell,United States,2013,PG,2020,9,105.0,,Children & Family Movies
MOVIE,Lara and the Beat,Tosin Coker,Nigeria,2018,TV-MA,2020,9,140.0,,Dramas
MOVIE,Dad Wanted,Javier Colinas,Mexico,2020,TV-14,2020,9,103.0,,Children & Family Movies
MOVIE,Wonho Chung: Live in New York,Shaun Mir,Not Given,2014,TV-14,2020,9,69.0,,Stand-Up Comedy
MOVIE,How to Train Your Dragon 2,Dean DeBlois,United States,2014,PG,2020,9,102.0,,Children & Family Movies
MOVIE,Pets United,Reinhard Klooss,Germany,2020,TV-Y7,2020,9,93.0,,Children & Family Movies
MOVIE,Aapla Manus,Satish Rajwade,India,2018,TV-14,2020,9,133.0,,Dramas
MOVIE,Ani... Dr. Kashinath Ghanekar,Abhijeet Deshpande,India,2018,TV-14,2020,9,157.0,,Dramas
MOVIE,Bhai: Vyakti Ki Valli - Poorvardha,Mahesh Manjrekar,India,2019,TV-14,2020,9,116.0,,Dramas
MOVIE,Bhai: Vyakti Ki Valli - Uttarardh,Mahesh Manjrekar,India,2019,TV-PG,2020,9,112.0,,Dramas
MOVIE,Cycle,Prakash Kunte,India,2018,TV-PG,2020,9,96.0,,Comedies
MOVIE,Dhh,Manish Saini,India,2017,TV-G,2020,9,127.0,,Children & Family Movies
TV SHOW,Julie and the Phantoms,Kenny Ortega,United States,2020,TV-G,2020,9,,1.0,Kids' Tv
MOVIE,Kaagar,Makarand Mane,India,2019,TV-MA,2020,9,130.0,,Dramas
MOVIE,Night of Knots,Hakan Algül,Turkey,2018,TV-MA,2020,9,93.0,,Comedies
MOVIE,Poshter Girl,Sameer Patil,India,2016,TV-14,2020,9,138.0,,Comedies
MOVIE,Satria Heroes: Revenge of the Darkness,"Kenzo Maihara, Amandha Wyanto",Indonesia,2017,TV-G,2020,9,92.0,,Children & Family Movies
MOVIE,Son Of Adam,Ahmed Nader Galal,Egypt,2018,TV-14,2020,9,110.0,,Dramas
MOVIE,The Babysitter: Killer Queen,McG,United States,2020,TV-MA,2020,9,102.0,,Comedies
MOVIE,Cargo,Arati Kadav,India,2020,TV-14,2020,9,113.0,,Comedies
MOVIE,Cuties,Maïmouna Doucouré,France,2020,TV-MA,2020,9,96.0,,Dramas
TV SHOW,La Línea: Shadow of Narco,Pepe Mora,Spain,2020,TV-MA,2020,9,,1.0,Crime Tv Shows
MOVIE,So Much Love to Give,Marcos Carnevale,Argentina,2020,TV-14,2020,9,108.0,,Comedies
MOVIE,The Social Dilemma,Jeff Orlowski,United States,2020,PG-13,2020,9,94.0,,Documentaries
MOVIE,#Alive,Cho Il,South Korea,2020,TV-MA,2020,9,99.0,,Horror Movies
MOVIE,My Octopus Teacher,"Pippa Ehrlich, James Reed",South Africa,2020,TV-G,2020,9,86.0,,Children & Family Movies
MOVIE,Toll Booth,Tolga Karaçelik,Turkey,2010,TV-MA,2020,9,98.0,,Dramas
MOVIE,Waiting for Superman,Davis Guggenheim,United States,2010,PG,2020,9,111.0,,Documentaries
MOVIE,Villain,Philip Barantini,United Kingdom,2020,R,2020,9,97.0,,Dramas
MOVIE,I'm Thinking of Ending Things,Charlie Kaufman,United States,2020,R,2020,9,135.0,,Dramas
MOVIE,Bittersweet,Khaled Marei,Egypt,2010,TV-MA,2020,4,132.0,,Comedies
MOVIE,Kandasamys: The Wedding,Jayan Moodley,South Africa,2019,TV-14,2020,9,93.0,,Comedies
MOVIE,The Lost Okoroshi,Abba T. Makama,Nigeria,2019,TV-MA,2020,9,94.0,,Comedies
MOVIE,You're My Boss,Antoinette Jadaone,Philippines,2015,TV-14,2020,9,117.0,,Comedies
MOVIE,Afonso Padilha: Classless,"Junior Carelli, Rudge Campos",Brazil,2020,TV-MA,2020,9,63.0,,Stand-Up Comedy
MOVIE,Ave Maryam,Ertanto Robby Soediskam,Indonesia,2018,TV-PG,2020,9,73.0,,Dramas
MOVIE,"Love, Guaranteed",Mark Steven Johnson,United States,2020,TV-PG,2020,9,91.0,,Comedies
MOVIE,Freaks – You're One of Us,Felix Binder,Germany,2020,TV-MA,2020,9,93.0,,Dramas
MOVIE,Hotel for Dogs,Thor Freudenthal,Germany,2009,PG,2020,9,101.0,,Children & Family Movies
MOVIE,Sky Tour: The Movie,Nguyen Thanh Tung,Vietnam,2020,TV-G,2020,9,93.0,,Documentaries
MOVIE,Adrift,Baltasar Kormákur,Hong Kong,2018,PG-13,2020,9,96.0,,Action & Adventure
MOVIE,Always Be My Maybe,Dan Villegas,Philippines,2016,TV-14,2020,9,112.0,,International Movies
MOVIE,Barbie Princess Adventure,Conrad Helten,Netherlands,2020,TV-Y,2020,9,72.0,,Children & Family Movies
MOVIE,Maniyarayile Ashokan,Shamzu Zayba,India,2020,TV-14,2020,8,110.0,,Comedies
MOVIE,Children of the Sea,Ayumu Watanabe,Japan,2019,TV-PG,2020,9,112.0,,Anime Features
MOVIE,Fate/Grand Order -First Order-,Hitoshi Namba,Japan,2016,TV-14,2020,9,72.0,,Action & Adventure
MOVIE,Puss in Boots,Chris Miller,United States,2011,PG,2020,9,92.0,,Children & Family Movies
MOVIE,Sex Drive,Sean Anders,United States,2008,R,2020,9,109.0,,Comedies
MOVIE,Soldier,Abbas Mustan,India,1998,TV-14,2020,9,155.0,,Comedies
MOVIE,"Take the Ball, Pass the Ball",Duncan McMath,Spain,2018,TV-MA,2020,9,109.0,,Documentaries
MOVIE,The Boss Baby: Get That Baby!,"Dan Forgione, Pete Jacobs, Matt Whitlock",United States,2020,TV-Y7,2020,9,115.0,,Children & Family Movies
MOVIE,The Match,Francesco Carnesecchi,Italy,2020,TV-MA,2020,9,97.0,,Dramas
MOVIE,The Smurfs,Raja Gosnell,United States,2011,PG,2020,9,103.0,,Children & Family Movies
TV SHOW,Thomas and Friends,Greg Tiernan,United Kingdom,2020,TV-Y,2020,9,,2.0,British Tv Shows
MOVIE,True: Friendship Day,"Mark Thornton, Todd Kauffman",Canada,2020,TV-Y,2020,9,,,Children & Family Movies
MOVIE,The Debt Collector 2,Jesse V. Johnson,United States,2020,TV-MA,2020,8,97.0,,Action & Adventure
MOVIE,All Together Now,Brett Haley,United States,2020,PG,2020,8,94.0,,Dramas
MOVIE,Santana,"Chris Roland, Maradona Dias Dos Santos",South Africa,2020,TV-MA,2020,8,107.0,,Action & Adventure
MOVIE,Unknown Origins,David Galán Galindo,Spain,2020,TV-MA,2020,8,97.0,,International Movies
MOVIE,Edge of Seventeen,David Moreton,United States,1998,TV-MA,2020,8,103.0,,Comedies
MOVIE,The Bridge Curse,Lester Hsi,Taiwan,2020,TV-MA,2020,8,88.0,,Horror Movies
MOVIE,The Young Messiah,Cyrus Nowrasteh,United States,2016,PG-13,2020,8,111.0,,Dramas
MOVIE,Lingua Franca,Isabel Sandoval,United States,2019,TV-MA,2020,8,94.0,,Dramas
MOVIE,Making The Witcher,Nathan Wiley,United States,2020,TV-MA,2020,8,33.0,,Documentaries
MOVIE,Septembers of Shiraz,Wayne Blair,United States,2016,PG-13,2020,8,110.0,,Dramas
MOVIE,Class of '83,Atul Sabharwal,India,2020,TV-14,2020,8,98.0,,Dramas
MOVIE,Dark Forces,Bernardo Arellano,Mexico,2020,TV-MA,2020,8,81.0,,Horror Movies
MOVIE,The Sleepover,Trish Sie,United States,2020,TV-PG,2020,8,104.0,,Action & Adventure
TV SHOW,Goedam,Hong Won-ki,South Korea,2020,TV-MA,2020,8,,1.0,International Tv Shows
MOVIE,Scarecrow,Khaled Marei,Egypt,2019,TV-MA,2020,8,121.0,,Comedies
MOVIE,The Crimes That Bind,Sebastián Schindel,Argentina,2020,TV-14,2020,8,100.0,,Dramas
MOVIE,Drunk Parents,Fred Wolf,United States,2019,R,2020,8,97.0,,Comedies
MOVIE,Meet the In-Laws,Niyi Akinmolayan,Nigeria,2017,TV-PG,2020,8,75.0,,Comedies
MOVIE,Crazy Awesome Teachers,Sammaria Sari Simanjuntak,Indonesia,2020,TV-PG,2020,8,102.0,,Comedies
MOVIE,Islands of Faith,Chairun Nissa,Indonesia,2018,TV-PG,2020,8,88.0,,Documentaries
MOVIE,Les Misérables,Tom Hooper,United Kingdom,2012,PG-13,2020,8,158.0,,Dramas
MOVIE,Seventh Son,Sergei Bodrov,United States,2014,PG-13,2020,8,102.0,,Action & Adventure
MOVIE,Little Singham: Kaal Ka Badla,Prakash Satam,Not Given,2020,TV-Y7,2020,8,70.0,,Children & Family Movies
MOVIE,Beyond the Boundary: ICC Women's T20 World Cup Australia 2020,Anna Stone,Not Given,2020,TV-G,2020,8,59.0,,Documentaries
MOVIE,What's Your Raashee?,Ashutosh Gowariker,India,2009,TV-PG,2020,8,203.0,,Comedies
MOVIE,Fearless,Cory Edwards,Canada,2020,TV-Y7,2020,8,92.0,,Children & Family Movies
MOVIE,Nigerian Prince,Faraday Okoro,United States,2018,TV-MA,2020,8,104.0,,Dramas
MOVIE,Octonauts & the Caves of Sac Actun,Blair Simmons,United Kingdom,2020,TV-Y,2020,8,72.0,,Children & Family Movies
MOVIE,Project Power,"Henry Joost, Ariel Schulman",United States,2020,R,2020,8,113.0,,Action & Adventure
MOVIE,An Easy Girl,Rebecca Zlotowski,France,2019,TV-MA,2020,8,93.0,,Comedies
MOVIE,Christine,Antonio Campos,United Kingdom,2016,R,2020,8,119.0,,Dramas
MOVIE,Simon Killer,Antonio Campos,United States,2012,TV-MA,2020,8,105.0,,Dramas
MOVIE,Diamonds in the Sky,Kunle Afolayan,Nigeria,2018,TV-14,2020,8,113.0,,Dramas
MOVIE,Gunjan Saxena: The Kargil Girl,Sharan Sharma,India,2020,TV-14,2020,8,113.0,,Action & Adventure
MOVIE,Mr. Peabody & Sherman,Rob Minkoff,United States,2014,PG,2020,8,93.0,,Children & Family Movies
MOVIE,"Rob Schneider: Asian Momma, Mexican Kids",Tyler Spindel,United States,2020,TV-MA,2020,8,44.0,,Stand-Up Comedy
MOVIE,The Lost Husband,Vicky Wight,United States,2020,PG-13,2020,8,110.0,,Dramas
MOVIE,We Summon the Darkness,Marc Meyers,United States,2020,R,2020,8,90.0,,Horror Movies
MOVIE,"Berlin, Berlin: Lolle on the Run",Franziska Meyer Price,Germany,2020,TV-MA,2020,8,82.0,,Comedies
MOVIE,Stars in the Sky: A Hunting Story,Steven Rinella,United States,2018,TV-14,2020,8,69.0,,Documentaries
MOVIE,The Magic School Bus Rides Again Kids In Space,Richard Weston,United States,2020,TV-Y,2020,8,46.0,,Children & Family Movies
MOVIE,Work It,Laura Terruso,United States,2020,TV-14,2020,8,94.0,,Comedies
MOVIE,Nasha Natasha,Martín Sastre,Uruguay,2020,TV-PG,2020,8,72.0,,Documentaries
MOVIE,A Go! Go! Cory Carson Summer Camp,"Stanley Moore, Alex Woo",United States,2020,TV-Y,2020,8,,,Children & Family Movies
MOVIE,Anelka: Misunderstood,Franck Nataf,France,2020,TV-14,2020,8,95.0,,Documentaries
MOVIE,Malibu Rescue: The Next Wave,Savage Steve Holland,United States,2020,TV-G,2020,8,71.0,,Children & Family Movies
MOVIE,Sam Jay: 3 In The Morning,Kristian Mercado,United States,2020,TV-MA,2020,8,64.0,,Stand-Up Comedy
MOVIE,Almost Love,Mike Doyle,United States,2020,TV-MA,2020,8,92.0,,Comedies
MOVIE,Killing Hasselhoff,Darren Grant,United States,2017,R,2020,8,80.0,,Comedies
MOVIE,Rogue Warfare: The Hunt,Mike Gunther,United States,2020,R,2020,8,104.0,,Action & Adventure
MOVIE,Super Monsters: The New Class,Steve Ball,Canada,2020,TV-Y,2020,8,,,Children & Family Movies
MOVIE,Shine Your Eyes,Matias Mariani,Brazil,2020,TV-MA,2020,7,103.0,,Dramas
MOVIE,Sin City,Pascal Amanfo,Not Given,2019,TV-14,2020,8,101.0,,International Movies
MOVIE,Tumi or not Tumi,Mfanelo Ngoma,Not Given,2020,TV-MA,2020,8,72.0,,Stand-Up Comedy
MOVIE,The Ottoman Lieutenant,Joseph Ruben,Turkey,2017,R,2020,8,111.0,,Dramas
TV SHOW,Unlucky Ploy,Nopparoj Chotmunkongsit,Not Given,2020,TV-MA,2020,7,,1.0,International Tv Shows
MOVIE,What Keeps You Alive,Colin Minihan,Canada,2018,R,2020,8,99.0,,Lgbtq Movies
MOVIE,Latte and the Magic Waterstone,"Regina Welker, Nina Wels",Germany,2020,TV-Y,2020,7,83.0,,Children & Family Movies
MOVIE,Raat Akeli Hai,Honey Trehan,India,2020,TV-MA,2020,7,150.0,,Dramas
MOVIE,Seriously Single,"Katleho Ramaphakela, Rethabile Ramaphakela",South Africa,2020,TV-MA,2020,7,108.0,,Comedies
MOVIE,Sugar High,Ariel Boles,United States,2020,TV-G,2020,7,44.0,,Children & Family Movies
MOVIE,Retablo,Álvaro Delgado-Aparicio L.,Peru,2017,TV-MA,2020,7,102.0,,Dramas
MOVIE,Uma Maheswara Ugra Roopasya,Venkatesh Maha,India,2020,TV-MA,2020,7,137.0,,Comedies
MOVIE,It's Her Day,Aniedi Anwah,Nigeria,2016,TV-MA,2020,7,112.0,,Comedies
MOVIE,Redemption,Mickey Fonseca,Mozambique,2019,TV-MA,2020,7,102.0,,Dramas
MOVIE,The Hater,Jan Komasa,Poland,2020,TV-MA,2020,7,136.0,,Dramas
MOVIE,The Speed Cubers,Sue Kim,United States,2020,TV-PG,2020,7,41.0,,Documentaries
MOVIE,Tread,Paul Solet,United States,2019,TV-MA,2020,7,88.0,,Documentaries
MOVIE,Banana Split,Ben Kasulke,United States,2020,TV-MA,2020,7,84.0,,Comedies
MOVIE,Door Ke Darshan,Gagan Puri,India,2020,TV-14,2020,7,114.0,,Comedies
MOVIE,Double World,Teddy Chan,China,2020,TV-14,2020,7,110.0,,Action & Adventure
MOVIE,Project Marathwada,Bhavin Wadia,India,2016,TV-MA,2020,7,103.0,,Dramas
MOVIE,Animal Crackers,"Tony Bancroft, Scott Christian Sava",China,2020,TV-Y7,2020,7,106.0,,Children & Family Movies
MOVIE,Dragons: Rescue Riders: Secrets of the Songwing,"Greg Rankin, TJ Sullivan",United States,2020,TV-Y,2020,7,46.0,,Children & Family Movies
MOVIE,Nimbe,Tope Alake,Nigeria,2019,TV-MA,2020,7,115.0,,Dramas
MOVIE,Offering to the Storm,Fernando González Molina,Spain,2020,TV-MA,2020,7,140.0,,International Movies
MOVIE,Romance Doll,Yuki Tanada,Japan,2020,TV-MA,2020,7,124.0,,Dramas
MOVIE,The Kissing Booth 2,Vince Marcello,United Kingdom,2020,TV-14,2020,7,133.0,,Comedies
TV SHOW,Sinatra: All or Nothing at All,Alex Gibney,United States,2015,TV-14,2020,7,,1.0,Docuseries
MOVIE,The Larva Island Movie,Ahn Byoung-wook,South Korea,2020,TV-Y7,2020,7,91.0,,Children & Family Movies
MOVIE,The Letter Reader,Sibusiso Khuzwayo,South Africa,2019,TV-PG,2020,7,,,Dramas
MOVIE,The Remix: Hip Hop X Fashion,"Lisa Cortés, Farah X",United States,2019,TV-MA,2020,7,67.0,,Documentaries
MOVIE,Ip Man 4: The Finale,Wilson Yip,Hong Kong,2019,TV-MA,2020,7,105.0,,Action & Adventure
MOVIE,Jack Whitehall: I'm Only Joking,"Dave Skinner, Freddie Waters",United Kingdom,2020,TV-MA,2020,7,58.0,,Stand-Up Comedy
MOVIE,Funan,Denis Do,France,2018,TV-14,2020,7,87.0,,Dramas
MOVIE,Father Soldier Son,"Leslye Davis, Catrin Einhorn",United States,2020,R,2020,7,100.0,,Documentaries
MOVIE,The Millions,"Toka McBaror, Tunde Apalowo",Nigeria,2019,TV-MA,2020,7,95.0,,Comedies
MOVIE,Fatal Affair,Peter Sullivan,United States,2020,TV-14,2020,7,90.0,,Thrillers
MOVIE,MILF,Axelle Laffont,France,2018,TV-MA,2020,7,102.0,,Comedies
MOVIE,Cold Feet,Moses Inwang,Nigeria,2019,TV-14,2020,7,98.0,,Dramas
MOVIE,Sylvia,Daniel Oriahi,Nigeria,2018,TV-14,2020,7,104.0,,Dramas
MOVIE,The Players,Stefano Mordini,Italy,2020,TV-MA,2020,7,89.0,,Comedies
MOVIE,Your Excellency,Funke Akindele,Not Given,2019,TV-G,2020,7,120.0,,Comedies
MOVIE,Urzila Carlson: Overqualified Loser,Hayden Guppy,Australia,2020,TV-MA,2020,7,62.0,,Stand-Up Comedy
MOVIE,We Are One,Stéphane de Freitas,France,2020,TV-MA,2020,7,86.0,,Documentaries
MOVIE,Hole in the Wall,"André Odendaal, Johan Vorster",South Africa,2016,TV-MA,2020,7,104.0,,Dramas
TV SHOW,Dating Around: Brazil,Cassia Dian,Brazil,2020,TV-14,2020,7,,1.0,International Tv Shows
MOVIE,Mama's Boy,Amro Salah,Egypt,2018,TV-14,2020,7,101.0,,Comedies
MOVIE,The Claudia Kishi Club,Sue Ding,United States,2020,TV-14,2020,7,,,Documentaries
MOVIE,The Old Guard,Gina Prince-Bythewood,United States,2020,R,2020,7,126.0,,Action & Adventure
TV SHOW,The Twelve,Wouter Bouvijn,Belgium,2019,TV-MA,2020,7,,1.0,Crime Tv Shows
MOVIE,Born Racer,Bryn Evans,New Zealand,2018,R,2020,7,89.0,,Documentaries
MOVIE,Mucho Mucho Amor: The Legend of Walter Mercado,"Cristina Costantini, Kareem Tabsch",United States,2020,TV-14,2020,7,96.0,,Documentaries
MOVIE,The Long Dumb Road,Hannah Fidell,United States,2018,R,2020,7,91.0,,Comedies
MOVIE,Dr. Seuss' The Lorax,"Chris Renaud, Kyle Balda",United States,2012,PG,2020,7,86.0,,Children & Family Movies
MOVIE,A Kid from Coney Island,"Coodie, Chike",United States,2019,TV-MA,2020,7,89.0,,Documentaries
MOVIE,Aiyyaa,Sachin Kundalkar,India,2012,TV-14,2020,7,151.0,,Comedies
MOVIE,Bbuddah Hoga Terra Baap,Puri Jagannadh,India,2011,TV-14,2020,7,116.0,,Action & Adventure
MOVIE,Blood Money,Vishal Mahadkar,India,2012,TV-14,2020,7,110.0,,Dramas
MOVIE,Bombay Talkies,"Anurag Kashyap, Dibakar Banerjee, Karan Johar, Zoya Akhtar",India,2013,TV-MA,2020,7,123.0,,Dramas
MOVIE,Boss,Anthony D'Souza,India,2013,TV-14,2020,7,139.0,,Action & Adventure
MOVIE,Budhia Singh: Born to Run,Soumendra Padhi,India,2016,TV-MA,2020,7,95.0,,Dramas
MOVIE,Chashme Baddoor,David Dhawan,India,2013,TV-14,2020,7,121.0,,Comedies
MOVIE,Dharam Sankat Mein,Fuwad Khan,India,2015,TV-PG,2020,7,127.0,,Comedies
MOVIE,Drishyam,Nishikant Kamat,India,2015,TV-14,2020,7,162.0,,Dramas
MOVIE,Gabbar Is Back,Krish,India,2015,TV-14,2020,7,128.0,,Action & Adventure
MOVIE,Gollu Aur Pappu,Kabir Sadanand,India,2014,TV-14,2020,7,112.0,,Action & Adventure
TV SHOW,Hook,Rachit Kusonkoonsiri,Thailand,2020,TV-MA,2020,7,,1.0,International Tv Shows
MOVIE,Inkaar,Sudhir Mishra,India,2013,TV-MA,2020,7,125.0,,Dramas
MOVIE,Madras Café,Shoojit Sircar,India,2013,TV-14,2020,7,128.0,,Dramas
MOVIE,Mary Kom,Omung Kumar,India,2014,TV-PG,2020,7,120.0,,Dramas
MOVIE,Jim Jefferies: Intolerant,Scott Zabielski,United States,2020,TV-MA,2020,7,67.0,,Stand-Up Comedy
MOVIE,PNL - Dans la légende tour,QLF,Not Given,2020,TV-MA,2020,7,65.0,,International Movies
MOVIE,Michael,Ribhu Dasgupta,India,2011,TV-MA,2020,7,86.0,,Dramas
MOVIE,Mumbai Delhi Mumbai,Satish Rajwade,India,2014,TV-MA,2020,7,107.0,,Comedies
MOVIE,Oh My God,Umesh Shukla,India,2012,TV-PG,2020,7,129.0,,Comedies
MOVIE,One by Two,Devika Bhagat,India,2014,TV-14,2020,7,135.0,,Comedies
MOVIE,Only,Takashi Doscher,United States,2019,TV-MA,2020,7,97.0,,Dramas
MOVIE,Penalty,Shubham Singh,India,2019,TV-14,2020,7,125.0,,Dramas
MOVIE,Players,"Abbas Alibhai Burmawalla, Mastan Alibhai Burmawalla",India,2012,TV-14,2020,7,162.0,,Action & Adventure
MOVIE,Pyaar Ka Punchnama 2,Luv Ranjan,India,2015,TV-MA,2020,7,136.0,,Comedies
MOVIE,Queen,Vikas Bahl,India,2014,TV-MA,2020,7,138.0,,Comedies
MOVIE,Shaitan,Bejoy Nambiar,India,2011,TV-MA,2020,7,126.0,,Action & Adventure
MOVIE,Special 26,Neeraj Pandey,India,2013,TV-PG,2020,7,137.0,,Dramas
MOVIE,Tanu Weds Manu,Aanand Rai,India,2011,TV-14,2020,7,114.0,,Comedies
MOVIE,What the Fish,Gurmmeet Singh,India,2013,TV-14,2020,7,96.0,,Comedies
MOVIE,Desperados,LP,United States,2020,TV-MA,2020,7,107.0,,Comedies
MOVIE,Hunter in the Blue Side of Manchester,Rako Prijanto,Indonesia,2020,TV-MA,2020,7,89.0,,Dramas
MOVIE,I Am Not Your Negro,Raoul Peck,Switzerland,2017,PG-13,2020,7,94.0,,Documentaries
MOVIE,Jo Koy: In His Elements,Michael McKay,United States,2020,TV-MA,2020,6,55.0,,Stand-Up Comedy
MOVIE,The Perfect Picture: Ten Years Later,Shirley Frimpong-Manso,Ghana,2019,TV-MA,2020,7,148.0,,Comedies
MOVIE,Thiago Ventura: POKAS,"Fabio Ock, Joana Mazzucchelli",Brazil,2020,TV-MA,2020,7,82.0,,Stand-Up Comedy
MOVIE,#AnneFrank - Parallel Stories,"Sabina Fedeli, Anna Migotto",Italy,2019,TV-14,2020,7,95.0,,Documentaries
TV SHOW,Abby Hatcher,Kyran Kelly,United States,2019,TV-Y,2020,7,,1.0,Kids' Tv
MOVIE,Adú,Salvador Calvo,Spain,2020,TV-MA,2020,7,120.0,,Dramas
MOVIE,Ali Baba ve 7 Cüceler,Cem Yılmaz,Turkey,2015,TV-MA,2020,7,115.0,,Action & Adventure
MOVIE,David Foster: Off the Record,Barry Avrich,Canada,2019,TV-MA,2020,7,107.0,,Documentaries
MOVIE,Double Jeopardy,Bruce Beresford,United States,1999,R,2020,7,105.0,,Thrillers
MOVIE,Pek Yakında,Cem Yılmaz,Turkey,2014,TV-MA,2020,7,134.0,,Comedies
MOVIE,Stardust,Matthew Vaughn,United Kingdom,2007,PG-13,2020,7,128.0,,Action & Adventure
MOVIE,The F**k-It List,Michael Duggan,United States,2019,TV-MA,2020,7,103.0,,Comedies
MOVIE,The Silence of Others,"Almudena Carracedo, Robert Bahar",Spain,2019,TV-14,2020,7,96.0,,Documentaries
MOVIE,Total Recall,Paul Verhoeven,United States,1990,R,2020,7,114.0,,Action & Adventure
MOVIE,Under the Riccione Sun,Younuts!,Italy,2020,TV-MA,2020,7,102.0,,Comedies
MOVIE,Thackeray (Marathi),Abhijit Panse,India,2019,TV-14,2020,6,135.0,,Dramas
MOVIE,George Lopez: We'll Do It For Half,Troy Miller,United States,2020,TV-MA,2020,6,52.0,,Stand-Up Comedy
MOVIE,The Mirror Boy,Obi Emelonye,United Kingdom,2011,TV-14,2020,6,86.0,,Action & Adventure
MOVIE,#FriendButMarried 2,Rako Prijanto,Indonesia,2020,TV-G,2020,6,104.0,,Dramas
MOVIE,Skin,Daniel Effiong,Nigeria,2019,TV-MA,2020,6,76.0,,Documentaries
MOVIE,Ride Like a Girl,Rachel Griffiths,Australia,2020,PG,2020,6,99.0,,Children & Family Movies
MOVIE,Eurovision Song Contest: The Story of Fire Saga,David Dobkin,United States,2020,PG-13,2020,6,124.0,,Comedies
MOVIE,Kasanova,Oluseyi Asurf,Nigeria,2019,TV-14,2020,6,117.0,,Comedies
MOVIE,Ordinary People,Eduardo Roy Jr.,Philippines,2016,TV-MA,2020,6,107.0,,Dramas
MOVIE,Thackeray (Hindi),Abhijit Panse,India,2019,TV-14,2020,6,135.0,,Dramas
MOVIE,Krishna and His Leela,Ravikanth Perepu,India,2020,TV-MA,2020,6,126.0,,International Movies
MOVIE,Prem Ratan Dhan Payo,Sooraj R. Barjatya,India,2015,TV-14,2020,6,164.0,,Action & Adventure
MOVIE,Vivah,Sooraj R. Barjatya,India,2006,TV-14,2020,6,166.0,,Dramas
MOVIE,Athlete A,"Bonni Cohen, Jon Shenk",United States,2020,PG-13,2020,6,104.0,,Documentaries
MOVIE,Bulbbul,Anvita Dutt,India,2020,TV-MA,2020,6,94.0,,Horror Movies
MOVIE,Nobody Knows I'm Here,Gaspar Antillo,Chile,2020,TV-MA,2020,6,92.0,,Dramas
MOVIE,Eric Andre: Legalize Everything,Eric Notarnicola,United States,2020,TV-MA,2020,6,52.0,,Stand-Up Comedy
MOVIE,Kappela,Musthafa,India,2020,TV-14,2020,6,112.0,,Dramas
MOVIE,The Royal Hibiscus Hotel,Ishaya Bako,Nigeria,2017,TV-PG,2020,6,90.0,,Comedies
MOVIE,Woodshock,"Kate Mulleavy, Laura Mulleavy",United States,2017,R,2020,6,101.0,,Dramas
MOVIE,Elevator Baby,Akhigbe Ilozobhie,Nigeria,2019,TV-MA,2020,6,84.0,,Dramas
MOVIE,Chaman Bahaar,Apurva Dhar Badgaiyann,India,2020,TV-MA,2020,6,112.0,,Comedies
MOVIE,Destiny,Youssef Chahine,Egypt,1997,TV-14,2020,6,136.0,,Dramas
MOVIE,Feel the Beat,Elissa Down,United States,2020,TV-G,2020,6,110.0,,Children & Family Movies
MOVIE,Lost Bullet,Guillaume Pierret,France,2020,TV-MA,2020,6,93.0,,Action & Adventure
MOVIE,El límite infinito,Pablo Aulita,Not Given,2020,TV-PG,2020,6,48.0,,Documentaries
MOVIE,One-Way to Tomorrow,Ozan Açıktan,Turkey,2020,TV-MA,2020,6,90.0,,Dramas
MOVIE,The Emigrant,Youssef Chahine,Egypt,1994,TV-14,2020,6,130.0,,Dramas
MOVIE,Wasp Network,Olivier Assayas,France,2020,TV-MA,2020,6,128.0,,Dramas
MOVIE,A Whisker Away,"Junichi Sato, Tomotaka Shibayama",Japan,2020,TV-PG,2020,6,104.0,,Anime Features
MOVIE,Alexandria ... Why?,Youssef Chahine,Egypt,1979,TV-MA,2020,6,131.0,,Classic Movies
MOVIE,Alexandria: Again and Forever,Youssef Chahine,Egypt,1989,TV-MA,2020,6,109.0,,Classic Movies
MOVIE,An Egyptian Story,Youssef Chahine,Egypt,1982,TV-MA,2020,6,129.0,,Classic Movies
MOVIE,Cairo Station,Youssef Chahine,Egypt,1958,TV-14,2020,6,73.0,,Classic Movies
MOVIE,Dark Waters,Youssef Chahine,Egypt,1956,TV-14,2020,6,104.0,,Classic Movies
MOVIE,Lola Igna,Eduardo Roy Jr.,Philippines,2019,TV-14,2020,6,114.0,,Comedies
MOVIE,One Take,Manatsanun Phanlerdwongsakul,Thailand,2020,TV-G,2020,6,86.0,,Documentaries
MOVIE,Saladin,Youssef Chahine,Egypt,1963,TV-MA,2020,6,194.0,,Action & Adventure
MOVIE,Stray Bullet,Georges Hachem,Lebanon,2010,TV-MA,2020,6,76.0,,Dramas
MOVIE,The Blazing Sun,Youssef Chahine,Egypt,1954,TV-14,2020,6,116.0,,Classic Movies
MOVIE,The Land,Youssef Chahine,Egypt,1970,TV-MA,2020,6,130.0,,Classic Movies
MOVIE,The Nut Job,Peter Lepeniotis,Canada,2014,PG,2020,6,85.0,,Children & Family Movies
MOVIE,City of Joy,Madeleine Gavin,United States,2018,TV-MA,2018,9,77.0,,Documentaries
MOVIE,An Evening with Beverly Luff Linn,Jim Hosking,United Kingdom,2018,R,2020,6,108.0,,Comedies
MOVIE,Riding Faith,Paco Aguilar,United States,2020,TV-PG,2020,6,81.0,,Children & Family Movies
MOVIE,Last Flight to Abuja,Obi Emelonye,Nigeria,2012,TV-14,2020,6,76.0,,Dramas
MOVIE,The Darkness,Greg McLean,United States,2016,PG-13,2020,6,92.0,,Horror Movies
MOVIE,Underdogs,Juan José Campanella,Argentina,2013,PG,2020,6,85.0,,Children & Family Movies
MOVIE,Wira,Adrian Teh,Malaysia,2019,TV-14,2020,6,108.0,,Action & Adventure
MOVIE,4th Republic,Ishaya Bako,Nigeria,2019,TV-MA,2020,6,120.0,,Dramas
MOVIE,Asura Guru,A. Raajdheep,India,2020,TV-14,2020,6,117.0,,Dramas
MOVIE,Milea,"Fajar Bustomi, Pidi Baiq",Indonesia,2020,TV-14,2020,6,100.0,,Dramas
MOVIE,Axone,Nicholas Kharkongor,India,2020,TV-MA,2020,6,101.0,,Comedies
MOVIE,Da 5 Bloods,Spike Lee,United States,2020,R,2020,6,156.0,,Action & Adventure
MOVIE,Okko's Inn,Kitaro Kosaka,Japan,2018,PG,2020,6,96.0,,Anime Features
MOVIE,From A to B,Ali F. Mostafa,United Arab Emirates,2014,TV-MA,2020,6,104.0,,Comedies
MOVIE,Menahi,Ayman Makram,Saudi Arabia,2008,TV-14,2020,6,101.0,,Comedies
TV SHOW,DC's Legends of Tomorrow,Rob Seidenglanz,United States,2020,TV-14,2020,6,,5.0,Tv Action & Adventure
MOVIE,Middle Men,George Gallo,United States,2009,R,2020,6,113.0,,Comedies
MOVIE,The Witch: Part 1 - The Subversion,Park Hoon-jung,South Korea,2018,TV-MA,2020,6,126.0,,Action & Adventure
MOVIE,Before I Fall,Ry Russo-Young,United States,2017,PG-13,2020,6,98.0,,Dramas
MOVIE,365 Days,"Barbara Białowąs, Tomasz Mandes",Poland,2020,TV-MA,2020,6,114.0,,Dramas
MOVIE,Forensic,"Akhil Paul, Anas Khan",India,2020,TV-14,2020,6,132.0,,International Movies
MOVIE,Project Papa,Kanika Batra,India,2018,TV-14,2020,6,92.0,,Dramas
MOVIE,The Night Clerk,Michael Cristofer,United States,2020,R,2020,6,90.0,,Dramas
MOVIE,Before the Summer Crowds,Mohamed Khan,Egypt,2016,TV-14,2020,6,86.0,,Dramas
MOVIE,Big Stone Gap,Adriana Trigiani,United States,2014,PG-13,2020,6,103.0,,Comedies
MOVIE,Choked: Paisa Bolta Hai,Anurag Kashyap,India,2020,TV-14,2020,6,114.0,,Dramas
MOVIE,Merry Men 2: Another Mission,Moses Inwang,Nigeria,2019,TV-MA,2020,6,115.0,,Comedies
TV SHOW,Supernatural,Phil Sgriccia,United States,2019,TV-14,2020,6,,15.0,Classic & Cult Tv
MOVIE,The Last Days of American Crime,Olivier Megaton,United States,2020,TV-MA,2020,6,149.0,,Action & Adventure
MOVIE,Hot Sweet Sour,Andaç Haznedaroğlu,Turkey,2017,TV-14,2020,6,102.0,,Dramas
MOVIE,Overnight Republic,Murat Kepez,Turkey,2017,TV-MA,2020,6,105.0,,Comedies
MOVIE,Can’t Complain,Ahmed Nader Galal,Egypt,2007,TV-MA,2020,6,114.0,,Comedies
MOVIE,Lady Bird,Greta Gerwig,United States,2017,R,2020,6,94.0,,Comedies
MOVIE,Spelling the Dream,Sam Rega,United States,2020,TV-G,2020,6,83.0,,Children & Family Movies
MOVIE,Andaleeb El Dokki,Wael Ehsan,Egypt,2008,TV-14,2020,6,106.0,,Comedies
MOVIE,Let's Dance,Inas El-Degheidy,Egypt,2006,TV-14,2020,6,116.0,,Comedies
MOVIE,My Horrible Grandma,Sameh Abdulaziz,Egypt,2012,TV-MA,2020,6,100.0,,Comedies
MOVIE,Sorry To Disturb,Khaled Marei,Egypt,2008,TV-14,2020,6,116.0,,Dramas
MOVIE,The Student Cop,Wael Ihsan,Egypt,2004,TV-14,2020,6,111.0,,Action & Adventure
MOVIE,What's Up?,Izidore K. Musallam,Saudi Arabia,2006,TV-PG,2020,6,95.0,,Comedies
MOVIE,X Large,Sherif Arafa,Egypt,2011,TV-14,2020,6,135.0,,Comedies
MOVIE,122,Yasir Al Yasiri,Egypt,2019,TV-MA,2020,6,95.0,,Horror Movies
MOVIE,Mr. Romantic,Ahmed Al-Badry,Egypt,2009,TV-14,2020,6,97.0,,Comedies
MOVIE,Chippa,Safdar Rahman,India,2020,TV-14,2020,6,92.0,,Comedies
MOVIE,Cook Off,Tomas Brickhill,Zimbabwe,2017,TV-G,2020,6,100.0,,Comedies
MOVIE,Kalek Shanab,Hani Al-Shaibani,United Arab Emirates,2019,TV-PG,2020,6,80.0,,Comedies
MOVIE,Mirai,Mamoru Hosoda,Japan,2018,PG,2020,6,98.0,,Action & Adventure
MOVIE,The Disaster Artist,James Franco,United States,2017,R,2020,6,104.0,,Comedies
TV SHOW,Dear My Friends,Not Given,South Korea,2016,TV-MA,2020,6,,1.0,International Tv Shows
MOVIE,The Stolen,Niall Johnson,United Kingdom,2016,TV-14,2020,6,98.0,,Dramas
MOVIE,High Strung Free Dance,Michael Damian,Romania,2019,TV-14,2020,5,104.0,,Dramas
MOVIE,Freej Al Taibeen,Ahmed Zain,United Arab Emirates,2018,TV-PG,2020,5,99.0,,Comedies
MOVIE,Kenny Sebastian: The Most Interesting Person in the Room,Angshuman Ghosh,India,2020,TV-MA,2020,5,68.0,,Stand-Up Comedy
MOVIE,The Other,Youssef Chahine,Egypt,1999,TV-MA,2020,5,106.0,,Dramas
MOVIE,Grandmother's Farm,Ahmed Zein,United Arab Emirates,2014,TV-14,2020,5,71.0,,Comedies
MOVIE,Grandmother's Farm Part 2,Ahmed Zein,United Arab Emirates,2015,TV-14,2020,5,80.0,,Comedies
MOVIE,Intuition,Alejandro Montiel,Argentina,2020,TV-MA,2020,5,116.0,,Dramas
MOVIE,I'm No Longer Here,Fernando Frías de la Parra,Mexico,2019,TV-MA,2020,5,112.0,,Dramas
MOVIE,Hannah Gadsby: Douglas,Madeleine Parry,Australia,2020,TV-MA,2020,5,73.0,,Stand-Up Comedy
MOVIE,Ne Zha,Yu Yang,China,2019,TV-14,2020,5,110.0,,Action & Adventure
TV SHOW,Supergirl,Jesse Warn,United States,2019,TV-14,2020,5,,5.0,Tv Action & Adventure
MOVIE,Uncut Gems,"Josh Safdie, Benny Safdie",United States,2019,R,2020,5,135.0,,Dramas
MOVIE,Fifty Year Old Teenager,Fouad Al Shatti,Not Given,1996,TV-14,2020,5,204.0,,Comedies
MOVIE,One Day We'll Talk About Today,Angga Dwimas Sasongko,Indonesia,2020,TV-G,2020,5,128.0,,Dramas
MOVIE,Si Doel the Movie 3,Rano Karno,Indonesia,2020,TV-G,2020,5,93.0,,Dramas
MOVIE,Lock Your Girls In,Fouad El-Mohandes,Not Given,1982,TV-PG,2020,5,233.0,,Comedies
MOVIE,Living in Bondage: Breaking Free,Ramsey Nouah,Nigeria,2019,TV-MA,2020,5,149.0,,Horror Movies
MOVIE,Modest Heroes: Ponoc Short Films Theatre,"Hiromasa Yonebayashi, Yoshiyuki Momose, Akihiko Yamashita",Japan,2018,PG,2020,5,54.0,,Anime Features
MOVIE,The Lovebirds,Michael Showalter,United States,2020,R,2020,5,87.0,,Action & Adventure
TV SHOW,Trailer Park Boys: The Animated Series,"Norm Hiscock, Gary Howsam, Mike Smith, John Paul Tremblay, Robb Wells",Canada,2020,TV-MA,2020,5,,2.0,Tv Comedies
MOVIE,#FriendButMarried,Rako Prijanto,Indonesia,2018,TV-G,2020,5,102.0,,Dramas
MOVIE,Bye Bye London,Almunsif Alsuwaisi,Kuwait,1981,TV-14,2020,5,177.0,,Comedies
MOVIE,Mujeres arriba,Andrés Feddersen,Chile,2019,TV-14,2020,5,98.0,,Comedies
MOVIE,Raya and Sakina,Hussein Kamal,Not Given,1984,TV-14,2020,5,230.0,,Comedies
MOVIE,No Longer kids,Samir Al Asfory,Egypt,1979,TV-14,2020,5,237.0,,Comedies
MOVIE,The Married Couples,Hassan AbdulSalam,Egypt,1981,TV-14,2020,5,195.0,,Comedies
MOVIE,The School of Mischief,Houssam El-Din Mustafa,Egypt,1973,TV-14,2020,5,253.0,,Comedies
MOVIE,Lady Driver,Shaun Paul Piccinino,United States,2019,PG,2020,5,104.0,,Dramas
MOVIE,Sayed the Servant,Hussein Kamal,Not Given,1985,TV-14,2020,5,173.0,,Comedies
MOVIE,The Witness Who Didn't See Anything,"Muhammad Fadl, Hany Motawie",Egypt,1976,TV-PG,2020,5,157.0,,Comedies
MOVIE,Anchor Baby,Lonzo Nzekwe,Canada,2010,TV-MA,2020,5,97.0,,Dramas
MOVIE,Ben Platt Live from Radio City Music Hall,"Alex Timbers, Sam Wrench",United States,2020,TV-PG,2020,5,85.0,,Music & Musicals
MOVIE,Honeytrap,Rebecca Johnson,United Kingdom,2014,TV-MA,2020,5,94.0,,Dramas
MOVIE,I Will Follow,Ava DuVernay,United States,2010,TV-14,2020,5,80.0,,Dramas
MOVIE,Mutiny of the Worker Bees,Carlos Morett,Mexico,2020,TV-MA,2020,5,94.0,,Comedies
MOVIE,What Are the Odds?,Megha Ramaswamy,India,2020,TV-MA,2020,5,92.0,,Comedies
MOVIE,Either Me Or My Auntie,Saeed Hamed,Egypt,2006,TV-PG,2020,5,105.0,,Comedies
MOVIE,Escaping Tel Aviv,Sherif Arafa,Egypt,2009,TV-14,2020,5,120.0,,Action & Adventure
MOVIE,Game Over,Ahmed Al-Badry,Egypt,2012,TV-14,2020,5,96.0,,Comedies
MOVIE,Karkar,Ali Ragab,Egypt,2007,TV-14,2020,5,107.0,,Comedies
MOVIE,My Sleeping Lover,Ahmad El-Badri,Egypt,2008,TV-PG,2020,5,93.0,,Comedies
MOVIE,Omar & Salma 2,Ahmad El-Badri,Egypt,2009,TV-14,2020,5,101.0,,Comedies
TV SHOW,Patton Oswalt: I Love Everything,Marcus Raboy,United States,2020,TV-MA,2020,5,,1.0,Stand-Up Comedy & Talk Shows
MOVIE,Tarek's Situation,Wael Ehsan,Egypt,2006,TV-14,2020,5,110.0,,Comedies
MOVIE,The Beach Loafer,Ali Ragab,Egypt,2004,TV-14,2020,5,112.0,,Comedies
MOVIE,Mike Birbiglia: My Girlfriend's Boyfriend,Seth Barrish,United States,2013,TV-14,2020,5,76.0,,Stand-Up Comedy
MOVIE,Wadjda,Haifaa Al-Mansour,Saudi Arabia,2012,PG,2020,5,93.0,,Dramas
MOVIE,Zaki Chan,Wael Ihsan,Egypt,2005,TV-PG,2020,5,109.0,,Comedies
MOVIE,Light in the Dark,Ekene Som Mekwunye,Nigeria,2019,TV-14,2020,5,105.0,,Dramas
MOVIE,The End,Mohammed Alhmly,Kuwait,2019,TV-MA,2020,5,97.0,,Action & Adventure
MOVIE,Heaven Without People,Lucien Bourjeily,Lebanon,2017,TV-MA,2020,5,91.0,,Dramas
MOVIE,"I love you, stupid",Laura Mañá,Spain,2019,TV-MA,2020,5,88.0,,Comedies
TV SHOW,Inhuman Resources,Ziad Doueiri,France,2020,TV-MA,2020,5,,1.0,Crime Tv Shows
TV SHOW,Sleepless Society: Two Pillows & A Lost Soul,Sivaroj Kongsakul,Thailand,2020,TV-MA,2020,5,,1.0,Crime Tv Shows
MOVIE,Match,Obaid Alhmoudi,Not Given,2017,TV-14,2020,5,91.0,,Dramas
MOVIE,Dilan 1990,"Fajar Bustomi, Pidi Baiq",Indonesia,2018,TV-14,2020,5,109.0,,Dramas
MOVIE,Dilan 1991,"Fajar Bustomi, Pidi Baiq",Indonesia,2019,TV-14,2020,5,118.0,,Dramas
MOVIE,Fan of Amoory,Salmeen AlMurry Amer,United Arab Emirates,2018,TV-G,2020,5,109.0,,Children & Family Movies
MOVIE,Malang,Mohit Suri,India,2020,TV-MA,2020,5,131.0,,Action & Adventure
MOVIE,Rencor tatuado,Julián Hernández,Mexico,2018,TV-MA,2020,5,152.0,,Dramas
MOVIE,The Delivery Boy,Adekunle Nodash Adejuyigbe,Nigeria,2018,TV-14,2020,5,67.0,,International Movies
MOVIE,Wedy Atkalam,Sadeq Behbehani,Kuwait,2018,TV-PG,2020,5,72.0,,Comedies
MOVIE,Fire in the Blood,Dylan Mohan Gray,India,2012,TV-14,2020,5,83.0,,Documentaries
MOVIE,The Wrong Missy,Tyler Spindel,United States,2020,TV-MA,2020,5,90.0,,Comedies
MOVIE,Ali & Alia,Hussein El Ansary,United Arab Emirates,2019,TV-14,2020,5,106.0,,Dramas
MOVIE,Unbreakable Kimmy Schmidt: Kimmy vs. the Reverend,Claire Scanlon,United States,2020,TV-14,2020,5,190.0,,Comedies
MOVIE,Action Replayy,Vipul Amrutlal Shah,India,2010,TV-PG,2020,5,129.0,,Children & Family Movies
MOVIE,Andaz Apna Apna,Rajkumar Santoshi,India,1994,TV-14,2020,5,160.0,,Action & Adventure
MOVIE,Have a Good Trip: Adventures in Psychedelics,Donick Cary,United States,2020,TV-MA,2020,5,86.0,,Documentaries
MOVIE,John Henry,Will Forbes,United States,2020,R,2020,5,92.0,,Dramas
TV SHOW,Trial By Media,Not Given,United States,2020,TV-MA,2020,5,,1.0,Crime Tv Shows
MOVIE,18 Presents,Francesco Amato,Italy,2020,TV-MA,2020,5,114.0,,Dramas
MOVIE,"Sí, Mi Amor",Pedro Flores Maldonado,Not Given,2020,TV-MA,2020,5,107.0,,Comedies
TV SHOW,The Eddy,"Damien Chazelle, Houda Benyamina, Laïla Marrakchi, Alan Poul",United Kingdom,2020,TV-MA,2020,5,,1.0,International Tv Shows
MOVIE,Aerials,S.A. Zaidi,United Arab Emirates,2016,TV-14,2020,5,90.0,,International Movies
MOVIE,In Paradox,Hamad AlSarraf,Kuwait,2019,TV-14,2020,5,94.0,,International Movies
TV SHOW,Scissor Seven,He Xiaofeng,China,2020,TV-MA,2020,5,,2.0,International Tv Shows
MOVIE,Si Doel the Movie,Rano Karno,Indonesia,2018,TV-PG,2020,5,86.0,,Dramas
MOVIE,Becoming,Nadia Hallgren,United States,2020,PG,2020,5,89.0,,Documentaries
MOVIE,Jerry Seinfeld: 23 Hours To Kill,Joe DeMaio,United States,2020,TV-PG,2020,5,61.0,,Stand-Up Comedy
MOVIE,Arctic Dogs,Aaron Woodley,India,2019,PG,2020,5,93.0,,Children & Family Movies
MOVIE,Luccas Neto em: Acampamento de Férias 2,Lucas Margutti,Brazil,2020,TV-G,2020,5,81.0,,Children & Family Movies
MOVIE,One Day: Justice Delivered,Ashok Nanda,India,2019,TV-14,2020,5,120.0,,Dramas
TV SHOW,Almost Happy,Hernán Guerschuny,Argentina,2020,TV-MA,2020,5,,1.0,International Tv Shows
MOVIE,Bennett's War,Alex Ranarivelo,United States,2019,PG-13,2020,5,94.0,,Dramas
MOVIE,Death Can Wait,Fernando Ayllón,Colombia,2020,TV-14,2020,5,91.0,,Comedies
MOVIE,Roped,Shaun Paul Piccinino,United States,2020,PG,2020,5,90.0,,Children & Family Movies
MOVIE,The Stand at Paxton County,Brett Hedlund,United States,2020,R,2020,5,103.0,,Dramas
MOVIE,All Day and a Night,Joe Robert Cole,United States,2020,R,2020,5,122.0,,Dramas
MOVIE,Cracked Up: The Darrell Hammond Story,Michelle Esrick,United States,2018,TV-MA,2020,5,97.0,,Documentaries
MOVIE,Get In,Olivier Abbou,France,2019,TV-MA,2020,5,98.0,,International Movies
MOVIE,Go! Go! Cory Carson: The Chrissy,"Alex Woo, Stanley Moore",United States,2020,TV-Y,2020,5,42.0,,Children & Family Movies
MOVIE,I Am Divine,Jeffrey Schwarz,United States,2013,TV-MA,2020,5,90.0,,Documentaries
MOVIE,Madagascar: Escape 2 Africa,"Eric Darnell, Tom McGrath",United States,2008,PG,2020,5,91.0,,Children & Family Movies
MOVIE,Material,Craig Freimond,South Africa,2012,TV-14,2020,5,94.0,,Comedies
MOVIE,Mrs. Serial Killer,Shirish Kunder,India,2020,TV-MA,2020,5,107.0,,International Movies
MOVIE,Psycho,Mysskin,India,2020,TV-MA,2020,5,143.0,,Horror Movies
MOVIE,The Half Of It,Alice Wu,United States,2020,PG-13,2020,5,105.0,,Comedies
MOVIE,The Heartbreak Kid,"Bobby Farrelly, Peter Farrelly",United States,2007,R,2020,5,116.0,,Comedies
MOVIE,What a Girl Wants,Dennie Gordon,United States,2003,PG,2020,5,105.0,,Children & Family Movies
MOVIE,Dangerous Lies,Michael M. Scott,United States,2020,TV-14,2020,4,97.0,,Thrillers
MOVIE,Rich in Love,Bruno Garotti,Brazil,2020,TV-14,2020,4,105.0,,Comedies
TV SHOW,The Forest of Love: Deep Cut,Sion Sono,Japan,2020,TV-MA,2020,4,,1.0,Crime Tv Shows
TV SHOW,The Victims' Game,"David Chuang, Chen Kuan-chung",Taiwan,2020,TV-MA,2020,4,,1.0,Crime Tv Shows
MOVIE,A Secret Love,Chris Bolan,United States,2020,TV-14,2020,4,83.0,,Documentaries
MOVIE,Ekşi Elmalar,Yılmaz Erdoğan,Turkey,2016,TV-PG,2020,4,109.0,,Dramas
MOVIE,Love Is War,Omoni Oboli,Nigeria,2019,TV-14,2020,4,111.0,,Comedies
MOVIE,R.K.Nagar,Saravana Rajan,India,2019,TV-14,2020,4,132.0,,Action & Adventure
MOVIE,Thomas & Friends: Marvelous Machinery: A New Arrival,Joey So,Not Given,2020,TV-Y,2020,5,,,Children & Family Movies
MOVIE,Thomas & Friends: Marvelous Machinery: World of Tomorrow,Joey So,Not Given,2020,TV-Y,2020,5,,,Children & Family Movies
MOVIE,Thomas & Friends: Thomas and the Royal Engine,Joey So,Not Given,2020,TV-Y,2020,5,,,Children & Family Movies
MOVIE,Lembi 8 Giga,Ashraf Fayeq,Not Given,2010,TV-MA,2020,4,111.0,,Comedies
MOVIE,Beynelmilel,"Muharrem Gülmez, Sırrı Süreyya Önder",Turkey,2006,TV-MA,2020,4,102.0,,Comedies
MOVIE,Bir Baba Hindu,Sermiyan Midyat,Turkey,2016,TV-MA,2020,4,107.0,,Action & Adventure
MOVIE,Boushkash,"Ahmed Yousry, Hazem Fouda",Egypt,2008,TV-MA,2020,4,100.0,,Comedies
MOVIE,Cinar Agaci,Handan İpekçi,Turkey,2011,TV-14,2020,4,115.0,,Comedies
MOVIE,Görümce,Kıvanç Baruönü,Turkey,2016,TV-MA,2020,4,104.0,,Comedies
MOVIE,İstanbul Kırmızısı,Ferzan Özpetek,Italy,2017,TV-MA,2020,4,110.0,,Dramas
MOVIE,Küçük Esnaf,Bedran Güzel,Turkey,2016,TV-MA,2020,4,100.0,,Comedies
MOVIE,Neseli Hayat,Yılmaz Erdoğan,Turkey,2009,TV-14,2020,4,108.0,,Comedies
MOVIE,Organize Isler,Yılmaz Erdoğan,Turkey,2005,TV-14,2020,4,104.0,,Action & Adventure
MOVIE,The Reliant,Paul Munger,United States,2019,PG-13,2020,4,116.0,,Dramas
MOVIE,We'll Be Right Back After The Break,Ahmed Nader Galal,Egypt,2012,TV-14,2020,4,106.0,,Action & Adventure
MOVIE,5Gang,Matei Dima,Romania,2019,TV-14,2020,4,96.0,,Comedies
MOVIE,Love Aaj Kal,Imtiaz Ali,India,2020,TV-MA,2020,4,140.0,,Dramas
MOVIE,The Lift Boy,Jonathan Augustin,India,2020,TV-MA,2020,4,107.0,,Dramas
MOVIE,Bheeshma,Venky Kudumula,India,2020,TV-14,2020,4,138.0,,Action & Adventure
MOVIE,No Direction Home: Bob Dylan,Martin Scorsese,United States,2005,TV-MA,2020,4,208.0,,Documentaries
MOVIE,She Made Me a Criminal,Amr Arafa,Egypt,2006,TV-14,2020,4,105.0,,Comedies
MOVIE,The Artist,Michel Hazanavicius,France,2011,PG-13,2020,4,101.0,,Comedies
MOVIE,The Dealer,Ahmed Saleh,Egypt,2010,TV-14,2020,4,124.0,,Action & Adventure
MOVIE,The International Player,Ahmed Medhat,Egypt,2009,TV-14,2020,4,93.0,,Dramas
MOVIE,The Promise,Mohamed Yassin,Egypt,2008,TV-14,2020,4,110.0,,Dramas
MOVIE,الف مبروك,Ahmed Nader Galal,Egypt,2009,TV-14,2020,4,115.0,,Comedies
MOVIE,Kolaiyuthir Kaalam,Chakri Toleti,India,2019,TV-14,2020,4,107.0,,International Movies
MOVIE,"Yours Sincerely, Kanan Gill",Neville Shah,India,2020,TV-MA,2020,4,72.0,,Stand-Up Comedy
MOVIE,My Stupid Boss,Upi Avianto,Indonesia,2016,TV-G,2020,4,107.0,,Comedies
MOVIE,My Stupid Boss 2,Upi Avianto,Indonesia,2019,TV-14,2020,4,95.0,,Comedies
MOVIE,This Earth of Mankind,Hanung Bramantyo,Indonesia,2019,TV-14,2020,4,180.0,,Dramas
MOVIE,Time to Hunt,Yoon Sung-hyun,South Korea,2020,TV-MA,2020,4,135.0,,International Movies
MOVIE,Circus of Books,Rachel Mason,United States,2020,TV-MA,2020,4,87.0,,Documentaries
MOVIE,The Plagues of Breslau,Patryk Vega,Poland,2018,TV-MA,2020,4,94.0,,International Movies
MOVIE,The Set Up,Niyi Akinmolayan,Nigeria,2019,TV-MA,2020,4,105.0,,Dramas
MOVIE,The Silence of the Marsh,Marc Vigil,Spain,2019,TV-MA,2020,4,93.0,,International Movies
MOVIE,The Willoughbys,Kris Pearn,Canada,2020,PG,2020,4,92.0,,Children & Family Movies
TV SHOW,Middleditch & Schwartz,Ryan Polito,United States,2020,TV-MA,2020,4,,1.0,Tv Comedies
MOVIE,Varane Avashyamund,Anoop Sathyan,India,2020,TV-14,2020,4,144.0,,Comedies
MOVIE,Babamın Ceketi,Müfit Can Saçıntı,Turkey,2018,TV-MA,2020,4,101.0,,Comedies
MOVIE,Earth and Blood,Julien Leclercq,France,2020,TV-MA,2020,4,81.0,,Dramas
MOVIE,Rising High,Cüneyt Kaya,Germany,2020,TV-MA,2020,4,95.0,,Dramas
MOVIE,Sergio,Greg Barker,United States,2020,R,2020,4,119.0,,Dramas
MOVIE,The Legacy of the Bones,Fernando González Molina,Spain,2019,TV-MA,2020,4,121.0,,International Movies
MOVIE,Alelí,Leticia Jorge Romero,Uruguay,2019,TV-MA,2020,4,88.0,,Comedies
TV SHOW,Fary : Hexagone,"Adrien Lagier, Ousmane Ly",France,2020,TV-MA,2020,4,,2.0,International Tv Shows
MOVIE,"Hail, Caesar!","Ethan Coen, Joel Coen",United States,2016,PG-13,2020,4,106.0,,Comedies
MOVIE,Jem and the Holograms,Jon M. Chu,United States,2015,PG,2020,4,119.0,,Children & Family Movies
MOVIE,Maurício Meirelles: Generating Chaos,Diego Pignataro,Brazil,2020,TV-MA,2020,4,63.0,,Stand-Up Comedy
MOVIE,Puerto Ricans in Paris,Ian Edelman,United States,2015,R,2020,4,82.0,,Comedies
MOVIE,Stunt School,Ali Yorgancıoğlu,Turkey,2019,TV-G,2020,4,95.0,,Children & Family Movies
MOVIE,For the Broken Hearted,Digo Ricio,Philippines,2018,TV-14,2020,4,93.0,,Dramas
MOVIE,Mischief,Emcy Joseph,India,2019,TV-PG,2020,4,120.0,,Comedies
MOVIE,World Famous Lover,Kranthi Madhav,India,2020,TV-MA,2020,4,147.0,,Dramas
MOVIE,Chris D'Elia: No Pain,Matt D'Elia,United States,2020,TV-MA,2020,4,55.0,,Stand-Up Comedy
MOVIE,New Money,Tope Oshin,Nigeria,2018,TV-14,2020,4,107.0,,Dramas
MOVIE,Moms at War,Omoni Oboli,Nigeria,2018,TV-14,2020,4,92.0,,Comedies
MOVIE,Code 8,Jeff Chan,Canada,2019,TV-MA,2020,4,98.0,,Action & Adventure
MOVIE,Love Wedding Repeat,Dean Craig,United Kingdom,2020,TV-MA,2020,4,101.0,,Comedies
MOVIE,School Life,"Grand Corps Malade, Mehdi Idir",France,2019,TV-MA,2020,4,112.0,,Comedies
MOVIE,The Main Event,Jay Karas,United States,2020,TV-G,2020,4,103.0,,Children & Family Movies
TV SHOW,The Trial,Stefano Lodovichi,Italy,2019,TV-MA,2020,4,,1.0,Crime Tv Shows
MOVIE,Tigertail,Alan Yang,United States,2020,PG,2020,4,91.0,,Dramas
MOVIE,Born Beautiful,Perci Intalan,Philippines,2019,TV-MA,2020,4,96.0,,Comedies
MOVIE,The Last Airbender,M. Night Shyamalan,United States,2010,PG,2020,4,104.0,,Action & Adventure
MOVIE,Tiffany Haddish: She Ready! From the Hood To Hollywood!,Chris Robinson,United States,2017,TV-MA,2020,4,66.0,,Stand-Up Comedy
MOVIE,Mine 9,Eddie Mensore,United States,2019,TV-MA,2020,4,83.0,,Dramas
MOVIE,The Florida Project,Sean Baker,United States,2017,R,2020,4,111.0,,Dramas
MOVIE,Dark Light,Padraig Reynolds,United States,2019,TV-MA,2020,4,90.0,,Horror Movies
MOVIE,The Killing of a Sacred Deer,Yorgos Lanthimos,Ireland,2017,R,2020,4,121.0,,Dramas
MOVIE,Angel Has Fallen,Ric Roman Waugh,United States,2019,R,2020,4,121.0,,Action & Adventure
MOVIE,Coffee & Kareem,Michael Dowse,United States,2020,TV-MA,2020,4,88.0,,Action & Adventure
MOVIE,Money Heist: The Phenomenon,"Pablo Lejarreta, Luis Alfaro",Spain,2020,TV-MA,2020,4,57.0,,Documentaries
MOVIE,The Death of Stalin,Armando Iannucci,United Kingdom,2017,R,2020,4,107.0,,Comedies
MOVIE,Sol Levante,Akira Saitoh,Japan,2020,TV-14,2020,4,,,Action & Adventure
MOVIE,Violet Evergarden: Eternity and the Auto Memory Doll,Haruka Fujita,Japan,2019,TV-PG,2020,4,91.0,,Anime Features
MOVIE,Agneepath,Mukul Anand,India,1990,TV-14,2020,4,174.0,,Dramas
MOVIE,Brothers,Karan Malhotra,India,2015,TV-14,2020,4,155.0,,Action & Adventure
MOVIE,Chhota Bheem and the Curse of Damyaan,Rajiv Chilaka,India,2012,TV-Y7,2020,4,87.0,,Children & Family Movies
MOVIE,David Batra: Elefanten i rummet,"David Batra, Jon Rudberg",Sweden,2020,TV-MA,2020,4,77.0,,Stand-Up Comedy
MOVIE,Dostana,Tarun Mansukhani,India,2008,TV-14,2020,4,142.0,,Comedies
MOVIE,Duniya,Ramesh Talwar,India,1984,TV-14,2020,4,170.0,,Action & Adventure
MOVIE,Duplicate,Mahesh Bhatt,India,1998,TV-14,2020,4,165.0,,Comedies
MOVIE,Friendship,Raj Khosla,India,1980,TV-14,2020,4,161.0,,Action & Adventure
MOVIE,Gori Tere Pyaar Mein,Punit Malhotra,India,2013,TV-14,2020,4,144.0,,Comedies
MOVIE,Gumrah,Mahesh Bhatt,India,1993,TV-14,2020,4,149.0,,Action & Adventure
MOVIE,Hasee Toh Phasee,Vinil Mathew,India,2014,TV-14,2020,4,135.0,,Comedies
MOVIE,Humpty Sharma Ki Dulhania,Shashank Khaitan,India,2014,TV-14,2020,4,131.0,,Comedies
MOVIE,Kaal,Soham Shah,India,2005,TV-14,2020,4,126.0,,Horror Movies
MOVIE,Kabhi Alvida Naa Kehna,Karan Johar,India,2006,TV-14,2020,4,192.0,,Dramas
MOVIE,Kabhi Khushi Kabhie Gham,Karan Johar,India,2001,TV-14,2020,4,209.0,,Dramas
MOVIE,Kal Ho Naa Ho,Nikkhil Advani,India,2003,TV-14,2020,4,187.0,,Comedies
MOVIE,Kapoor & Sons,Shakun Batra,India,2016,TV-14,2020,4,138.0,,Comedies
MOVIE,Kuch Kuch Hota Hai,Karan Johar,India,1998,TV-14,2020,4,185.0,,Comedies
MOVIE,Magnificent,Vikas Bahl,India,2015,TV-14,2020,4,143.0,,Comedies
MOVIE,Mighty Raju Rio Calling,"Rajiv Chilaka, Anirban Majumder, Alka Amarkant Dubey",India,2014,TV-Y7,2020,4,97.0,,Children & Family Movies
MOVIE,Muqaddar ka Faisla,Prakash Mehra,India,1987,TV-14,2020,4,172.0,,Action & Adventure
MOVIE,SETHUM AAYIRAM PON,Anand Ravichandran,India,2020,TV-MA,2020,4,103.0,,Dramas
MOVIE,The Little Vampire,"Richard Claus, Karsten Kiilerich",Netherlands,2017,TV-G,2020,4,83.0,,Children & Family Movies
MOVIE,The Runaways,Floria Sigismondi,United States,2010,R,2020,4,107.0,,Dramas
MOVIE,Ungli,Renzil D'Silva,India,2014,TV-14,2020,4,114.0,,Comedies
MOVIE,Wildling,Fritz Böhm,United States,2018,R,2020,4,93.0,,Horror Movies
MOVIE,A truthful Mother,Ravishankar Venkateswaran,India,2020,TV-Y7,2020,3,85.0,,Children & Family Movies
MOVIE,Marco Luque: Tamo Junto,Caio Cobra,Brazil,2017,TV-MA,2017,6,73.0,,Stand-Up Comedy
TV SHOW,Bal Ganesh,Vijay S. Bhanushali,Not Given,2019,TV-Y7,2020,3,,1.0,Kids' Tv
MOVIE,Greater,David Hunt,United States,2016,PG,2020,3,131.0,,Children & Family Movies
MOVIE,Indian Horse,Stephen S. Campanelli,Canada,2017,TV-MA,2020,3,101.0,,Dramas
MOVIE,Paharganj,Rakesh Ranjan Kumar,India,2019,TV-MA,2020,3,107.0,,Dramas
MOVIE,Pretty Little Stalker,Sam Irvin,United States,2018,TV-14,2020,3,84.0,,Thrillers
MOVIE,Through My Father's Eyes: The Ronda Rousey Story,Gary Stretch,Canada,2019,R,2020,3,104.0,,Documentaries
MOVIE,Kannum Kannum Kollaiyadithaal,Desingh Periyasamy,India,2020,TV-14,2020,3,160.0,,Comedies
MOVIE,Rogue Warfare,Mike Gunther,United States,2019,R,2020,3,103.0,,Action & Adventure
MOVIE,Dragons: Rescue Riders: Hunt for the Golden Dragon,"TJ Sullivan, Greg Rankin",United States,2020,TV-Y,2020,3,46.0,,Children & Family Movies
MOVIE,Maska,Neeraj Udhwani,India,2020,TV-MA,2020,3,112.0,,Comedies
MOVIE,The Decline,Patrice Laliberté,Canada,2020,TV-MA,2020,3,83.0,,Action & Adventure
MOVIE,There's Something in the Water,"Ellen Page, Ian Daniel",Canada,2019,TV-14,2020,3,72.0,,Documentaries
MOVIE,True: Wuzzle Wegg Day,"Todd Kauffman, Mark Thornton",Canada,2020,TV-Y,2020,3,,,Children & Family Movies
MOVIE,Uncorked,Prentice Penny,United States,2020,TV-MA,2020,3,104.0,,Dramas
MOVIE,Willy and the Guardians of the Lake: Tales from the Lakeside Winter Adventure,Zsolt Pálfi,Hungary,2019,TV-Y,2020,3,72.0,,Children & Family Movies
MOVIE,Happy Old Year,Nawapol Thamrongrattanarit,Thailand,2019,TV-MA,2020,3,113.0,,Dramas
MOVIE,Making Unorthodox,Marlene Melchior,Germany,2020,TV-G,2020,3,,,Documentaries
MOVIE,Bethany Hamilton: Unstoppable,Aaron Lieber,United States,2019,PG,2020,3,100.0,,Children & Family Movies
MOVIE,Curtiz,Tamas Yvan Topolanszky,Hungary,2018,TV-MA,2020,3,99.0,,Dramas
MOVIE,The Occupant,"Àlex Pastor, David Pastor",Spain,2020,TV-MA,2020,3,104.0,,Independent Movies
MOVIE,Tom Segura: Ball Hog,Rami Hachache,United States,2020,TV-MA,2020,3,70.0,,Stand-Up Comedy
MOVIE,A Life of Speed: The Juan Manuel Fangio Story,Francisco Macri,Argentina,2020,TV-14,2020,3,93.0,,Documentaries
MOVIE,El silencio es bienvenido,Gabriela García Rivas,Mexico,2017,TV-14,2020,3,95.0,,Dramas
MOVIE,Bypass Road,Naman Nitin Mukesh,India,2019,TV-14,2020,3,135.0,,International Movies
TV SHOW,"Tiger King: Murder, Mayhem and Madness","Eric Goode, Rebecca Chaiklin",United States,2020,TV-MA,2020,3,,1.0,Crime Tv Shows
MOVIE,Ultras,Francesco Lettieri,Italy,2020,TV-MA,2020,3,109.0,,Dramas
MOVIE,3022,John Suits,United States,2019,R,2020,3,91.0,,Independent Movies
MOVIE,Altered Carbon: Resleeved,"Takeru Nakajima, Yoshiyuki Okada",Japan,2020,TV-MA,2020,3,75.0,,Action & Adventure
MOVIE,Masameer - The Movie,Malik Nejer,Saudi Arabia,2020,TV-14,2020,3,100.0,,Comedies
MOVIE,AllI Wish,Susan Walter,United States,2017,R,2020,3,95.0,,Dramas
MOVIE,Lu Over the Wall,Masaaki Yuasa,Japan,2017,PG,2020,3,113.0,,Anime Features
MOVIE,XV: Beyond the Tryline,Pierre Deschamps,United Kingdom,2016,TV-14,2020,3,91.0,,Documentaries
MOVIE,Bert Kreischer: Hey Big Boy,Jeff Tomsic,United States,2020,TV-MA,2020,3,62.0,,Stand-Up Comedy
MOVIE,Search Party,Scot Armstrong,United States,2014,R,2020,3,93.0,,Comedies
TV SHOW,Ken Burns Presents: College Behind Bars: A Film by Lynn Novick and Produced by Sarah Botstein,Lynn Novick,United States,2019,TV-MA,2020,3,,1.0,Docuseries
MOVIE,Jai Mummy Di,Navjot Gulati,India,2020,TV-MA,2020,3,101.0,,Comedies
MOVIE,Digs & Discoveries: All Track's Lead to Rome,Joey So,Not Given,2019,TV-Y,2020,3,,,Children & Family Movies
MOVIE,Baby Mamas,Stephanie Zwane,South Africa,2018,TV-14,2020,3,98.0,,Comedies
MOVIE,Digs & Discoveries: Mines of Mystery,Joey So,Not Given,2019,TV-Y,2020,3,,,Children & Family Movies
MOVIE,Go Karts,Owen Trevor,Australia,2020,TV-PG,2020,3,103.0,,Children & Family Movies
MOVIE,Justine,Stephanie Turner,United States,2019,TV-MA,2020,3,106.0,,Dramas
TV SHOW,Kingdom,Kim Seong-hun,South Korea,2020,TV-MA,2020,3,,2.0,International Tv Shows
MOVIE,Lost Girls,Liz Garbus,United States,2020,R,2020,3,95.0,,Dramas
MOVIE,Miracle in Cell No. 7,Mehmet Ada Öztekin,Turkey,2019,TV-14,2020,3,132.0,,Dramas
MOVIE,Steam Team to the Rescue,Joey So,Not Given,2019,TV-Y,2020,3,,,Children & Family Movies
MOVIE,Carmen Sandiego: To Steal or Not to Steal,Jos Humphrey,Canada,2020,TV-Y7,2020,3,82.0,,Children & Family Movies
MOVIE,Marc Maron: End Times Fun,Lynn Shelton,United States,2020,TV-MA,2020,3,71.0,,Stand-Up Comedy
MOVIE,Sitara: Let Girls Dream,Sharmeen Obaid-Chinoy,Pakistan,2020,TV-PG,2020,3,,,Children & Family Movies
MOVIE,All About Love,Adze Ugah,South Africa,2017,TV-MA,2020,3,79.0,,Dramas
MOVIE,Guilty,Ruchi Narain,India,2020,TV-MA,2020,3,120.0,,Dramas
MOVIE,I am Jonas,Christophe Charrier,France,2019,TV-MA,2020,3,82.0,,Dramas
MOVIE,Miles Davis: Birth of the Cool,Stanley Nelson,United States,2019,TV-MA,2020,3,115.0,,Documentaries
MOVIE,Spenser Confidential,Peter Berg,United States,2020,R,2020,3,111.0,,Action & Adventure
MOVIE,Twin Murders: the Silence of the White City,Daniel Calparsoro,Spain,2020,TV-MA,2020,3,110.0,,International Movies
MOVIE,Angu Vaikuntapurathu (Malayalam),Trivikram Srinivas,India,2020,TV-14,2020,3,162.0,,Action & Adventure
MOVIE,93 Days,Steve Gukas,Nigeria,2016,TV-PG,2020,3,121.0,,Dramas
MOVIE,Alakada Reloaded,Toyin Abraham,Not Given,2017,TV-MA,2020,3,104.0,,Comedies
MOVIE,Tootsies & The Fake,Kittiphak Thonguam,Thailand,2019,TV-MA,2020,3,108.0,,Comedies
MOVIE,Aurora,Cristi Puiu,Romania,2010,TV-MA,2020,3,186.0,,Dramas
MOVIE,Lil Peep: Everybody’s Everything,"Sebastian Jones, Ramez Silyan",United States,2019,TV-MA,2020,3,116.0,,Documentaries
MOVIE,The Death of Mr. Lazarescu,Cristi Puiu,Romania,2005,R,2020,3,154.0,,Dramas
TV SHOW,Velvet,Carlos Sedes,Spain,2016,TV-14,2020,3,,4.0,International Tv Shows
MOVIE,Freaks,"Adam B. Stein, Zach Lipovsky",United States,2018,R,2020,3,105.0,,Independent Movies
MOVIE,Luccas Neto in: The End of Christmas,Lucas Margutti,Brazil,2019,TV-Y,2020,3,71.0,,Children & Family Movies
MOVIE,Taylor Tomlinson: Quarter-Life Crisis,Marcus Raboy,United States,2020,TV-MA,2020,3,61.0,,Stand-Up Comedy
MOVIE,The Last Bomb of the Second World War,Athiyan Athirai,India,2019,TV-14,2020,3,133.0,,Dramas
MOVIE,Uncovered,Zuko Nodada,South Africa,2019,TV-MA,2020,3,98.0,,Dramas
MOVIE,W.E.,Madonna,United Kingdom,2011,R,2020,3,119.0,,Dramas
MOVIE,Fat Ballerina - David A. Arnold,Milton Horowitz,United States,2020,TV-MA,2020,3,61.0,,Stand-Up Comedy
MOVIE,Calico Critters: Everyone's Big Dream Flying in the Sky,Momoko Kamiya,Not Given,2019,TV-Y,2020,3,,,Children & Family Movies
MOVIE,Bhangra Paa Le,Sneha Taurani,India,2019,TV-14,2020,3,130.0,,Comedies
MOVIE,Velvet Colección: Grand Finale,Gustavo Ron,Not Given,2020,TV-14,2020,3,82.0,,Dramas
MOVIE,Frank & Lola,Matthew Ross,United States,2016,TV-MA,2020,3,87.0,,Dramas
MOVIE,Hugo,Martin Scorsese,United States,2011,PG,2020,3,127.0,,Children & Family Movies
MOVIE,Ordinary World,Lee Kirk,United States,2016,TV-14,2020,3,87.0,,Comedies
MOVIE,"Pop, Lock 'n Roll",Ziggy Hofmeyr,South Africa,2017,TV-14,2020,3,88.0,,Dramas
MOVIE,There Will Be Blood,Paul Thomas Anderson,United States,2007,R,2020,3,158.0,,Dramas
MOVIE,Voulez-vous rire avec moi ce soir?,Yacine Belhousse,France,2018,TV-MA,2020,3,93.0,,Documentaries
MOVIE,ZZ TOP: THAT LITTLE OL' BAND FROM TEXAS,Sam Dunn,United Kingdom,2019,TV-MA,2020,3,90.0,,Documentaries
MOVIE,All The Bright Places,Brett Haley,United States,2020,TV-MA,2020,2,109.0,,Dramas
MOVIE,The Ballad of Lefty Brown,Jared Moshé,United States,2017,R,2020,2,112.0,,Dramas
MOVIE,The Visit,Oyefunke Fayoyin,Not Given,2015,TV-MA,2020,2,138.0,,Dramas
MOVIE,Ala Vaikunthapurramuloo,Trivikram Srinivas,India,2020,TV-14,2020,2,162.0,,Action & Adventure
MOVIE,Pokémon: Mewtwo Strikes Back - Evolution,"Kunihiko Yuyama, Motonori Sakakibara",Japan,2019,TV-Y7,2020,2,98.0,,Anime Features
TV SHOW,Six Windows in the Desert,"Ali Kalthami, Meshal Aljaser, Faris Godus, Mohamed al Salman, Faisal al Amer",Saudi Arabia,2020,TV-14,2020,2,,1.0,Tv Shows
MOVIE,Couple of Days,Tolu Awobiyi,Nigeria,2016,TV-14,2020,2,103.0,,Dramas
MOVIE,Gbomo Gbomo Express,Walter Taylaur,Nigeria,2015,TV-MA,2020,2,97.0,,Dramas
MOVIE,Taxi Driver,Daniel Oriahi,Nigeria,2015,TV-MA,2020,2,94.0,,Comedies
MOVIE,The Arbitration,Niyi Akinmolayan,Nigeria,2016,TV-MA,2020,2,101.0,,Dramas
MOVIE,When Love Happens,Seyi Babatope,Nigeria,2014,TV-14,2020,2,109.0,,International Movies
MOVIE,Pete Davidson: Alive From New York,Jason Orley,United States,2020,TV-MA,2020,2,50.0,,Stand-Up Comedy
MOVIE,Full Count,Robert Eagar,United States,2019,TV-PG,2020,2,110.0,,Children & Family Movies
MOVIE,Girl on the Third Floor,Travis Stevens,United States,2019,TV-MA,2020,2,92.0,,Horror Movies
TV SHOW,Unabomber - In His Own Words,Mick Grogan,Canada,2018,TV-MA,2020,2,,1.0,Crime Tv Shows
MOVIE,System Crasher,Nora Fingscheidt,Germany,2020,TV-MA,2020,2,120.0,,Dramas
MOVIE,The Body,Jeethu Joseph,India,2019,TV-14,2020,2,101.0,,International Movies
MOVIE,The Last Thing He Wanted,Dee Rees,United States,2020,R,2020,2,116.0,,Dramas
MOVIE,Yeh Ballet,Sooni Taraporevala,India,2020,TV-MA,2020,2,117.0,,Dramas
MOVIE,Pretville,Linda Korsten,South Africa,2012,TV-PG,2020,2,95.0,,Comedies
MOVIE,Untamed Romania,Tom Barton-Humphreys,Romania,2018,TV-PG,2020,2,93.0,,Children & Family Movies
MOVIE,By the Sea,Angelina Jolie,France,2015,R,2020,2,122.0,,Dramas
MOVIE,Miss Virginia,R.J. Daniel Hanna,United States,2019,TV-MA,2020,2,102.0,,Dramas
MOVIE,MR. RIGHT,Paco Cabezas,United States,2015,R,2020,2,96.0,,Action & Adventure
TV SHOW,On the Real,Tosin Coker,Nigeria,2017,TV-MA,2020,2,,1.0,International Tv Shows
MOVIE,Term Life,Peter Billingsley,United States,2016,R,2020,2,93.0,,Dramas
MOVIE,The Forest,Jason Zada,United States,2016,PG-13,2020,2,93.0,,Horror Movies
MOVIE,Monster High: Electrified,Avgousta Zourelidi,Not Given,2017,TV-Y,2020,2,72.0,,Movies
MOVIE,A Shaun the Sheep Movie: Farmageddon,"Richard Phelan, Will Becher",United Kingdom,2019,G,2020,2,87.0,,Children & Family Movies
MOVIE,Cuddle Weather,Rod Cabatana Marmol,Philippines,2019,TV-MA,2020,2,95.0,,Dramas
MOVIE,Fanatyk,Michał Tylka,Poland,2017,TV-MA,2020,2,33.0,,Comedies
MOVIE,Isi & Ossi,Oliver Kienle,Germany,2020,TV-MA,2020,2,113.0,,Comedies
MOVIE,Liefling,Brian Webber,South Africa,2010,TV-PG,2020,2,118.0,,Comedies
MOVIE,Panipat - The Great Betrayal,Ashutosh Gowariker,India,2019,TV-14,2020,2,171.0,,Dramas
MOVIE,The Ghost and the Tout,Charles Uwagbai,Nigeria,2018,TV-14,2020,2,100.0,,Comedies
MOVIE,Dragon Quest Your Story,"Takashi Yamazaki, Ryuichi Yagi, Makoto Hanafusa",Japan,2019,TV-PG,2020,2,103.0,,Action & Adventure
TV SHOW,Sleepless Society: Insomnia,"Pantham Thongsang, Cheewatan Pusitsuksa",Thailand,2019,TV-MA,2020,2,,1.0,Crime Tv Shows
MOVIE,French Toast,"Paul Krüger, Anél Stolp",South Africa,2015,TV-PG,2020,2,86.0,,Comedies
MOVIE,To All the Boys: P.S. I Still Love You,Michael Fimognari,United States,2020,TV-14,2020,2,102.0,,Comedies
MOVIE,Good Time,"Benny Safdie, Josh Safdie",United States,2017,R,2020,2,101.0,,Dramas
MOVIE,ROAD TO ROMA,Andres Clariond,Mexico,2020,TV-PG,2020,2,73.0,,Documentaries
MOVIE,Love for Sale 2,Andibachtiar Yusuf,Indonesia,2019,TV-14,2020,2,96.0,,Dramas
MOVIE,Fronteras,Andrew Dean,United States,2018,TV-MA,2020,2,106.0,,Dramas
MOVIE,Polaroid,Lars Klevberg,United States,2019,PG-13,2020,2,88.0,,Horror Movies
MOVIE,The Coldest Game,Lukasz Kosmicki,Poland,2019,TV-MA,2020,2,103.0,,Dramas
MOVIE,Thottappan,Shanavas K. Bavakutty,India,2019,TV-14,2020,2,139.0,,Comedies
MOVIE,Azali,Kwabena Gyansah,Ghana,2018,TV-14,2020,2,89.0,,Dramas
MOVIE,Horse Girl,Jeff Baena,United States,2020,R,2020,2,104.0,,Dramas
MOVIE,Jada,Kumaran,India,2019,TV-14,2020,2,124.0,,Dramas
MOVIE,Gardeners of Eden,"Austin Peck, Anneliese Vandenberg",Kenya,2014,TV-14,2020,2,70.0,,Documentaries
TV SHOW,Arrow,James Bamford,United States,2019,TV-14,2020,2,,8.0,Crime Tv Shows
TV SHOW,The Pharmacist,"Julia Willoughby Nason, Jenner Furst",United States,2020,TV-MA,2020,2,,1.0,Crime Tv Shows
MOVIE,Uppity: The Willy T. Ribbs Story,"Nate Adams, Adam Carolla",United States,2020,TV-MA,2020,2,106.0,,Documentaries
MOVIE,Dragonheart: Vengeance,Ivan Silvestrini,United States,2020,PG-13,2020,2,97.0,,Action & Adventure
MOVIE,"Faith, Hope & Love",Robert Krantz,United States,2019,PG,2020,2,106.0,,Comedies
MOVIE,Tom Papa: You're Doing Great!,Gregory Jacobs,United States,2020,TV-14,2020,2,60.0,,Stand-Up Comedy
MOVIE,Thambi,Jeethu Joseph,India,2019,TV-14,2020,2,148.0,,International Movies
MOVIE,The Silent War,Alfonso Cortés-Cavanillas,Spain,2020,TV-MA,2020,2,122.0,,Dramas
MOVIE,Chronically Metropolitan,Xavier Manrique,United States,2016,TV-MA,2020,2,86.0,,Comedies
MOVIE,Hum Aapke Hain Koun,Sooraj R. Barjatya,India,1994,TV-14,2020,2,193.0,,Classic Movies
MOVIE,Justice,Richard Gabai,United States,2017,R,2020,2,92.0,,Movies
MOVIE,Love Jacked,Alfons Adetuyi,Canada,2018,PG-13,2020,2,94.0,,Comedies
TV SHOW,Miraculous: Tales of Ladybug & Cat Noir,Thomas Astruc,France,2019,TV-Y7,2020,2,,5.0,Kids' Tv
MOVIE,Misfit 2,Erwin van den Eshof,Netherlands,2019,TV-G,2020,2,82.0,,Children & Family Movies
MOVIE,The Car: Road to Revenge,G.J. Echternkamp,United States,2019,TV-MA,2020,2,89.0,,Action & Adventure
MOVIE,Together For Eternity,Sooraj R. Barjatya,India,1999,TV-G,2020,2,176.0,,Dramas
MOVIE,37 Seconds,Hikari,Japan,2020,TV-MA,2020,1,116.0,,Dramas
MOVIE,Gang of the Caribbean,Jean-Claude Flamand-Barny,France,2016,TV-MA,2020,1,86.0,,Dramas
MOVIE,Hakkunde,Oluseyi Asurf,Nigeria,2017,TV-14,2020,1,93.0,,Comedies
MOVIE,Miss Americana,Lana Wilson,United States,2020,TV-MA,2020,1,85.0,,Documentaries
MOVIE,Kevin Hart: I'm a Grown Little Man,Shannon Hartman,United States,2009,TV-MA,2020,1,62.0,,Stand-Up Comedy
MOVIE,Close Enemies,David Oelhoffen,France,2018,TV-MA,2020,1,112.0,,Dramas
MOVIE,Shimla Mirchi,Ramesh Sippy,India,2020,TV-14,2020,1,121.0,,Comedies
MOVIE,Sillu Karuppatti,Halitha Shameem,India,2019,TV-14,2020,1,133.0,,Comedies
MOVIE,Vir Das: For India,"Vir Das, Ajay Bhuyan",India,2020,TV-MA,2020,1,76.0,,Stand-Up Comedy
MOVIE,Menashe,"Josh Z. Weinstein, Joshua Z. Weinstein",United States,2017,PG,2020,1,82.0,,Dramas
MOVIE,A Sun,Chung Mong-hong,Taiwan,2019,TV-MA,2020,1,156.0,,Dramas
MOVIE,Die Ontwaking,Johnny Breedt,South Africa,2015,TV-MA,2020,1,90.0,,International Movies
MOVIE,Airplane Mode,César Rodrigues,United States,2020,TV-PG,2020,1,97.0,,Comedies
MOVIE,Alex Fernández: The Best Comedian in the World,Alex Díaz,Mexico,2020,TV-MA,2020,1,51.0,,Stand-Up Comedy
TV SHOW,The Ghost Bride,Quek Shio-chuan,Taiwan,2020,TV-14,2020,1,,1.0,International Tv Shows
MOVIE,Whisky,"Pablo Stoll, Juan Pablo Rebella",Uruguay,2004,TV-MA,2020,1,98.0,,Comedies
MOVIE,Fortune Feimster: Sweet & Salty,Krysia Plonka,United States,2020,TV-MA,2020,1,61.0,,Stand-Up Comedy
MOVIE,KD (A) Karuppudurai,Madhumita,India,2019,TV-14,2020,1,116.0,,Comedies
MOVIE,Motichoor Chaknachoor,Debamitra Biswal,India,2019,TV-14,2020,1,132.0,,Comedies
MOVIE,WHAT DID JACK DO?,David Lynch,United States,2020,TV-14,2020,1,,,Dramas
MOVIE,The Bling Ring,Sofia Coppola,United States,2013,R,2020,1,91.0,,Dramas
MOVIE,A Fall from Grace,Tyler Perry,United States,2020,TV-MA,2020,1,121.0,,Dramas
MOVIE,Deadcon,Caryn Waechter,United States,2019,TV-14,2020,1,78.0,,Horror Movies
MOVIE,Hop,Tim Hill,United States,2011,PG,2020,1,95.0,,Children & Family Movies
MOVIE,Jezebel,Numa Perrier,United States,2019,TV-MA,2020,1,86.0,,Dramas
MOVIE,Legend,Brian Helgeland,United Kingdom,2015,R,2020,1,132.0,,Dramas
MOVIE,NiNoKuni,Yoshiyuki Momose,Japan,2019,TV-14,2020,1,107.0,,Action & Adventure
MOVIE,Steve Jobs,Danny Boyle,United Kingdom,2015,R,2020,1,122.0,,Dramas
MOVIE,Bulbul Can Sing,Rima Das,India,2018,TV-14,2020,1,95.0,,Dramas
MOVIE,Eye For An Eye,Paco Plaza,Spain,2019,TV-MA,2020,1,108.0,,Dramas
MOVIE,MindGamers,Andrew Goth,Austria,2017,R,2020,1,99.0,,International Movies
MOVIE,The Brave,William Kaufman,United States,2019,TV-MA,2020,1,103.0,,Action & Adventure
MOVIE,Leslie Jones: Time Machine,"David Benioff, D.B. Weiss",United States,2020,TV-MA,2020,1,66.0,,Stand-Up Comedy
MOVIE,Women of Mafia 2,Patryk Vega,Poland,2019,TV-MA,2020,1,132.0,,Action & Adventure
MOVIE,Betty White: First Lady of Television,Steve Boettcher,United States,2018,TV-14,2020,1,56.0,,Documentaries
MOVIE,Made in China,Mikhil Musale,India,2019,TV-MA,2020,1,128.0,,Comedies
TV SHOW,Jamtara - Sabka Number Ayega,Soumendra Padhi,India,2020,TV-MA,2020,1,,1.0,Crime Tv Shows
MOVIE,Monsters: Dark Continent,Tom Green,United Kingdom,2014,R,2020,1,119.0,,Action & Adventure
MOVIE,Bulletproof 2,Don Michael Paul,United States,2020,TV-MA,2020,1,97.0,,Action & Adventure
MOVIE,A Ghost Story,David Lowery,United States,2017,R,2020,1,92.0,,Dramas
MOVIE,"Live Twice, Love Once",Maria Ripoll,Spain,2020,TV-MA,2020,1,102.0,,Comedies
MOVIE,All the Freckles in the World,Yibrán Asuad,Mexico,2020,TV-14,2020,1,90.0,,Comedies
MOVIE,Half Girlfriend,Mohit Suri,India,2017,TV-14,2020,1,129.0,,Dramas
MOVIE,Aruna & Her Palate,Edwin,Indonesia,2018,TV-14,2020,1,106.0,,Dramas
MOVIE,Breaking the Bank,Vadim Jean,United Kingdom,2014,TV-PG,2020,1,105.0,,Comedies
MOVIE,Garfield Gets Real,"Mark A.Z. Dippé, Kyung Ho Lee",United States,2007,TV-Y,2020,1,78.0,,Children & Family Movies
MOVIE,Garfield's Fun Fest,"Mark A.Z. Dippé, Eondeok Han",United States,2008,TV-Y7,2020,1,79.0,,Children & Family Movies
MOVIE,Garfield's Pet Force,Mark A.Z. Dippé,South Korea,2009,G,2020,1,78.0,,Children & Family Movies
MOVIE,Ghost Stories,"Anurag Kashyap, Dibakar Banerjee, Karan Johar, Zoya Akhtar",India,2020,TV-MA,2020,1,145.0,,Horror Movies
MOVIE,Jeff Dunham: Unhinged in Hollywood,Michael Simon,United States,2015,TV-MA,2020,1,71.0,,Stand-Up Comedy
MOVIE,Jimmy Neutron: Boy Genius,John A. Davis,United States,2001,G,2020,1,83.0,,Children & Family Movies
MOVIE,Luccas Neto in: Children's Day,Lucas Margutti,Brazil,2019,TV-G,2020,1,81.0,,Children & Family Movies
MOVIE,Riot,John Lyde,Not Given,2015,TV-MA,2020,1,88.0,,Action & Adventure
TV SHOW,"Nisman: The Prosecutor, the President, and the Spy",Justin Webster,Spain,2020,TV-MA,2020,1,,1.0,Crime Tv Shows
MOVIE,Pan's Labyrinth,Guillermo del Toro,Mexico,2006,R,2020,1,119.0,,Dramas
MOVIE,Pokémon the Movie: Power of Us,Tetsuo Yajima,Japan,2018,TV-Y7,2020,1,98.0,,Anime Features
MOVIE,Posesif,Edwin,Indonesia,2017,TV-MA,2020,1,102.0,,Dramas
MOVIE,Road Trip: Beer Pong,Steve Rash,United States,2009,R,2020,1,97.0,,Comedies
MOVIE,Aaviri,Ravi Babu,India,2019,TV-14,2019,12,110.0,,Horror Movies
MOVIE,Albert Pinto Ko Gussa Kyun Aata Hai?,Soumitra Ranade,India,2019,TV-MA,2019,12,85.0,,Dramas
MOVIE,Benchwarmers 2: Breaking Balls,Jon Rosenbaum,United States,2019,PG-13,2019,12,90.0,,Comedies
MOVIE,How High 2,Bruce Leddy,United States,2019,TV-MA,2019,12,89.0,,Comedies
MOVIE,The Vendor,Odunlade Adekola,Not Given,2018,TV-MA,2019,12,103.0,,Comedies
MOVIE,Hot Gimmick: Girl Meets Boy,Yuki Yamato,Japan,2019,TV-MA,2019,12,120.0,,Dramas
MOVIE,Blitz Patrollie,Andrew Wessels,South Africa,2013,TV-MA,2019,12,102.0,,Action & Adventure
MOVIE,"El Pepe, a Supreme Life",Emir Kusturica,Argentina,2018,TV-14,2019,12,73.0,,Documentaries
MOVIE,The App,Elisa Fuksas,Italy,2019,TV-MA,2019,12,79.0,,Dramas
TV SHOW,You,Lee Toland Krieger,United States,2019,TV-MA,2019,12,,2.0,Crime Tv Shows
MOVIE,Doom: Annihilation,Tony Giglio,United States,2019,R,2019,12,97.0,,Action & Adventure
MOVIE,Fireworks,"Akiyuki Shinbo, Nobuyuki Takeuchi",Japan,2017,TV-PG,2019,12,91.0,,Anime Features
MOVIE,Grand-Daddy Day Care,Ron Oliver,United States,2019,PG-13,2019,12,96.0,,Children & Family Movies
MOVIE,Jarhead: Law of Return,Don Michael Paul,Israel,2019,R,2019,12,103.0,,Action & Adventure
MOVIE,MFKZ,"Shojiro Nishimi, Guillaume Renard",France,2017,R,2019,12,95.0,,Action & Adventure
MOVIE,Sweetheart,J.D. Dillard,United States,2019,PG-13,2019,12,83.0,,Horror Movies
MOVIE,The First Lady,Omoni Oboli,United Kingdom,2015,TV-MA,2019,12,107.0,,Dramas
MOVIE,Como caído del cielo,Pepe Bojórquez,Mexico,2019,TV-14,2019,12,117.0,,Comedies
MOVIE,John Mulaney & The Sack Lunch Bunch,Rhys Thomas,United States,2019,TV-PG,2019,12,70.0,,Children & Family Movies
MOVIE,Falz Experience,Falz,Not Given,2018,TV-MA,2019,12,82.0,,International Movies
MOVIE,Jacob's Ladder,David M. Rosenthal,United States,2019,R,2019,12,90.0,,Thrillers
MOVIE,Back of the Net,Louise Alston,Australia,2019,TV-Y,2019,12,86.0,,Children & Family Movies
MOVIE,Lost in London,Sunkanmi Adebayo,Nigeria,2017,TV-PG,2019,12,86.0,,Comedies
MOVIE,Being Mrs Elliot,Omoni Oboli,Nigeria,2014,TV-14,2019,12,113.0,,Dramas
MOVIE,Iyore,Frank Rajah Arase,Nigeria,2015,TV-PG,2019,12,141.0,,Dramas
MOVIE,The Two Popes,Fernando Meirelles,United Kingdom,2019,PG-13,2019,12,126.0,,Dramas
MOVIE,After the Raid,Rodrigo Reyes,United States,2019,TV-PG,2019,12,,,Documentaries
TV SHOW,Don't F**k with Cats: Hunting an Internet Killer,Mark Lewis,United Kingdom,2019,TV-MA,2019,12,,1.0,Crime Tv Shows
MOVIE,Ronny Chieng: Asian Comedian Destroys America!,Sebastian DiNatale,United States,2019,TV-MA,2019,12,63.0,,Stand-Up Comedy
MOVIE,"Sincerely Yours, Dhaka","Nuhash Humayun, Syed Ahmed Shawki, Rahat Rahman, Robiul Alam Robi, Golam Kibria Farooki, Mir Mukarram Hossain, Tanvir Ahsan, Mahmudul Islam, Abdullah Al Noor, Krishnendu Chattopadhyay, Syed Saleh Ahmed Sobhan",Bangladesh,2018,TV-MA,2019,12,136.0,,Comedies
MOVIE,The Danish Girl,Tom Hooper,United Kingdom,2015,R,2019,12,120.0,,Dramas
MOVIE,Bangistan,Karan Anshuman,India,2015,TV-14,2019,12,134.0,,Comedies
TV SHOW,"Crazy, Lovely, Cool",Obi Emelonye,Nigeria,2018,TV-MA,2019,12,,1.0,International Tv Shows
MOVIE,Dil Chahta Hai,Farhan Akhtar,India,2001,TV-14,2019,12,185.0,,Comedies
MOVIE,Dil Dhadakne Do,Zoya Akhtar,India,2015,TV-MA,2019,12,174.0,,Comedies
MOVIE,Don,Farhan Akhtar,India,2006,TV-14,2019,12,169.0,,Action & Adventure
MOVIE,Don 2,Farhan Akhtar,India,2011,TV-14,2019,12,148.0,,Action & Adventure
MOVIE,Fukrey,Mrighdeep Singh Lamba,India,2013,TV-14,2019,12,135.0,,Action & Adventure
MOVIE,Game,Abhinay Deo,India,2011,TV-14,2019,12,135.0,,International Movies
TV SHOW,Girls und Panzer,Tsutomu Mizushima,Japan,2012,TV-PG,2019,12,,1.0,Anime Series
MOVIE,Honeymoon Travels Pvt. Ltd.,Reema Kagti,India,2007,TV-14,2019,12,119.0,,Comedies
MOVIE,Isoken,Jadesola Osiberu,Nigeria,2017,TV-14,2019,12,98.0,,Comedies
MOVIE,Karthik Calling Karthik,Vijay Lalwani,India,2010,TV-14,2019,12,135.0,,Dramas
MOVIE,Lakshya,Farhan Akhtar,India,2004,TV-PG,2019,12,185.0,,Action & Adventure
MOVIE,Luck by Chance,Zoya Akhtar,India,2009,TV-14,2019,12,156.0,,Dramas
MOVIE,Potato Potahto,Shirley Frimpong-Manso,Ghana,2017,TV-MA,2019,12,104.0,,Comedies
MOVIE,Rock On!!,Abhishek Kapoor,India,2008,TV-14,2019,12,139.0,,Dramas
MOVIE,Holy Expectations,Fernando Ayllón,Colombia,2019,TV-14,2019,12,89.0,,Children & Family Movies
MOVIE,Talaash,Reema Kagti,India,2012,TV-14,2019,12,140.0,,Dramas
MOVIE,Zero Hour,Robert O. Peters,Nigeria,2018,TV-MA,2019,12,89.0,,International Movies
MOVIE,Zindagi Na Milegi Dobara,Zoya Akhtar,India,2011,TV-14,2019,12,154.0,,Comedies
MOVIE,6 Underground,Michael Bay,United States,2019,R,2019,12,129.0,,Action & Adventure
MOVIE,A Trip to Jamaica,Robert O. Peters,Nigeria,2016,TV-MA,2019,12,99.0,,Comedies
MOVIE,My Wife and I,Bunmi Ajakaiye,South Africa,2017,TV-MA,2019,12,100.0,,Comedies
MOVIE,Okafor's Law,Omoni Oboli,Nigeria,2016,TV-14,2019,12,110.0,,Comedies
MOVIE,The 9th Precinct,Ding-Lin Wang,Taiwan,2019,TV-MA,2019,12,95.0,,International Movies
TV SHOW,The Confession Killer,"Robert Kenner, Taki Oldham",United States,2019,TV-14,2019,12,,1.0,Crime Tv Shows
MOVIE,Seven and a half dates,Biodun Stephen,Not Given,2018,TV-14,2019,12,107.0,,Dramas
MOVIE,Jack Whitehall: Christmas with My Father,Richard van't Riet,United Kingdom,2019,TV-MA,2019,12,65.0,,Stand-Up Comedy
MOVIE,The Sky Is Pink,Shonali Bose,India,2019,TV-MA,2019,12,143.0,,Dramas
MOVIE,Good and Prosperous,Sameh Abdulaziz,Egypt,2017,TV-14,2019,12,101.0,,Comedies
MOVIE,Michelle Wolf: Joke Show,Lance Bangs,United States,2019,TV-MA,2019,12,60.0,,Stand-Up Comedy
MOVIE,A Family Reunion Christmas,Robbie Countryman,United States,2019,TV-PG,2019,12,,,Children & Family Movies
MOVIE,It Comes at Night,Trey Edward Shults,United States,2017,R,2019,12,92.0,,Horror Movies
MOVIE,Saaho,Sujeeth,India,2019,TV-14,2019,12,172.0,,Action & Adventure
MOVIE,Nothing to Lose 2,Alexandre Avancini,Brazil,2019,PG-13,2019,12,97.0,,Dramas
MOVIE,Banana Island Ghost,BB Sasore,Nigeria,2017,TV-14,2019,12,108.0,,Comedies
MOVIE,Celebrity Marriage,Pascal Amanfo,Not Given,2017,TV-14,2019,12,107.0,,Dramas
MOVIE,Marriage Story,Noah Baumbach,United Kingdom,2019,R,2019,12,137.0,,Dramas
MOVIE,No Game No Life: Zero,Atsuko Ishizuka,Japan,2017,TV-MA,2019,12,106.0,,Action & Adventure
MOVIE,Slow Country,Eric Aghimien,Nigeria,2017,TV-MA,2019,12,115.0,,Dramas
TV SHOW,The Chosen One,Michel Tikhomiroff,Brazil,2019,TV-MA,2019,12,,2.0,International Tv Shows
MOVIE,Wives on Strike,Omoni Oboli,Nigeria,2016,TV-14,2019,12,92.0,,Comedies
MOVIE,Wives on Strike: The Revolution,Omoni Oboli,United Kingdom,2017,TV-PG,2019,12,93.0,,Comedies
MOVIE,A Christmas Prince: The Royal Baby,John Schultz,United States,2019,TV-PG,2019,12,85.0,,Children & Family Movies
MOVIE,Tiffany Haddish: Black Mitzvah,Linda Mendoza,United States,2019,TV-MA,2019,12,56.0,,Stand-Up Comedy
MOVIE,A Cinderella Story: Christmas Wish,Michelle Johnston,United States,2019,PG,2019,12,86.0,,Children & Family Movies
MOVIE,Baby Dolls,Vijay Kumar Arora,India,2019,TV-PG,2019,12,127.0,,Comedies
MOVIE,Cut Bank,Matt Shakman,United States,2014,R,2019,12,93.0,,Dramas
MOVIE,Dead Kids,Mikhail Red,Philippines,2019,TV-MA,2019,12,94.0,,Dramas
MOVIE,High End Yaariyan,Pankaj Batra,India,2019,TV-14,2019,12,120.0,,Comedies
MOVIE,Iron Fists and Kung-Fu Kicks,Serge Ou,Australia,2019,TV-MA,2019,12,108.0,,Documentaries
MOVIE,Jindua,Navaniat Singh,India,2017,TV-14,2019,12,135.0,,Dramas
MOVIE,Mahi NRI,Gaurav Bavdankar,United Kingdom,2017,TV-14,2019,12,134.0,,Comedies
MOVIE,Qismat,Jagdeep Sidhu,India,2018,TV-PG,2019,12,137.0,,Dramas
MOVIE,Tee Shot: Ariya Jutanugarn,Tanawat Aiemjinda,Thailand,2019,TV-14,2019,12,103.0,,Children & Family Movies
MOVIE,Thug Life,Mukesh Vohra,India,2017,TV-14,2019,12,133.0,,Comedies
MOVIE,Wandering Stars,"Syrine Boulanouar, Nekfeu",France,2019,TV-MA,2019,12,95.0,,Documentaries
MOVIE,Why Me?,Tudor Giurgiu,Romania,2015,TV-MA,2019,12,126.0,,Dramas
MOVIE,Guatemala: Heart of the Mayan World,"Luis Ara, Ignacio Jaunsolo",Uruguay,2019,TV-G,2019,11,67.0,,Documentaries
MOVIE,The Zoya Factor,Abhishek Sharma,India,2019,TV-14,2019,11,135.0,,Comedies
MOVIE,Atlantics,Mati Diop,France,2019,TV-14,2019,11,106.0,,Dramas
MOVIE,Crazy people,Moses Inwang,Nigeria,2018,TV-MA,2019,11,107.0,,Comedies
MOVIE,I Lost My Body,Jérémy Clapin,France,2019,TV-MA,2019,11,81.0,,Dramas
MOVIE,Kalushi: The Story of Solomon Mahlangu,Mandla Dube,South Africa,2016,TV-MA,2019,11,107.0,,Dramas
MOVIE,Payday,Cheta Chukwu,Nigeria,2018,TV-MA,2019,11,110.0,,Comedies
MOVIE,The Accidental Spy,Roger Russell,Nigeria,2017,TV-MA,2019,11,104.0,,Action & Adventure
MOVIE,The Island,Toka McBaror,Nigeria,2018,TV-14,2019,11,93.0,,Dramas
MOVIE,Holiday Rush,Leslie Small,United States,2019,TV-PG,2019,11,94.0,,Children & Family Movies
MOVIE,Defiance,Edward Zwick,United States,2008,R,2019,11,137.0,,Action & Adventure
MOVIE,Evvarikee Cheppoddu,Basava Shankar Eeday,India,2019,TV-14,2019,11,134.0,,Comedies
MOVIE,The Body Remembers When the World Broke Open,"Elle-Máijá Tailfeathers, Kathleen Hepburn",Canada,2019,TV-MA,2019,11,106.0,,Dramas
MOVIE,The Irishman,Martin Scorsese,United States,2019,R,2019,11,209.0,,Dramas
MOVIE,Mike Birbiglia: The New One,Seth Barrish,United States,2019,TV-MA,2019,11,86.0,,Stand-Up Comedy
MOVIE,Super Monsters Save Christmas,Steve Ball,United States,2019,TV-Y,2019,11,,,Children & Family Movies
MOVIE,Lagos Real Fake Life,Mike Ezuruonye,Not Given,2018,TV-MA,2019,11,118.0,,Comedies
MOVIE,Little Singham: Mahabali,Prakash Satam,Not Given,2019,TV-Y7,2019,11,69.0,,Children & Family Movies
MOVIE,Pranaam,Sanjiv Jaiswal,India,2019,TV-14,2019,11,117.0,,Action & Adventure
MOVIE,What the F* Is Going On?,"Marta Jaenes, Rosa Márquez",Spain,2019,TV-MA,2019,11,87.0,,Documentaries
MOVIE,Shot Caller,Ric Roman Waugh,United States,2017,R,2019,11,121.0,,Dramas
MOVIE,Brother,Julien Abraham,France,2019,TV-MA,2019,11,97.0,,Dramas
MOVIE,Girls und Panzer der Film,Tsutomu Mizushima,Japan,2015,TV-MA,2019,11,121.0,,Action & Adventure
MOVIE,Shelby American,"Nate Adams, Adam Carolla",United States,2019,TV-MA,2019,11,119.0,,Documentaries
MOVIE,The Knight Before Christmas,Monika Mitchell,United States,2019,TV-14,2019,11,93.0,,Children & Family Movies
TV SHOW,Zona Rosa,Not Given,Mexico,2019,TV-MA,2019,11,,1.0,International Tv Shows
MOVIE,"Bikram: Yogi, Guru, Predator",Eva Orner,United States,2019,TV-MA,2019,11,86.0,,Documentaries
MOVIE,Dorasaani,KVR Mahendra,India,2019,TV-14,2019,11,134.0,,Dramas
MOVIE,"Lorena, Light-Footed Woman",Juan Carlos Rulfo,Mexico,2019,TV-G,2019,11,,,Documentaries
MOVIE,Mallesham,Raj R,India,2019,TV-14,2019,11,131.0,,Dramas
MOVIE,Iliza Shlesinger: Unveiled,Steve Paley,United States,2019,TV-MA,2019,11,78.0,,Stand-Up Comedy
MOVIE,Iron Sky: The Coming Race,Timo Vuorensola,Finland,2019,TV-MA,2019,11,93.0,,Action & Adventure
MOVIE,Jeff Dunham: All Over the Map,Robb Dipple,United States,2014,TV-MA,2019,11,84.0,,Stand-Up Comedy
MOVIE,Suffragette,Sarah Gavron,United Kingdom,2015,PG-13,2019,11,107.0,,Dramas
MOVIE,The Green Inferno,Eli Roth,United States,2013,R,2019,11,101.0,,Horror Movies
MOVIE,Earthquake Bird,Wash Westmoreland,United Kingdom,2019,R,2019,11,107.0,,Dramas
MOVIE,El sendero de la anaconda,Alessandro Angulo,Colombia,2019,TV-14,2019,11,74.0,,Documentaries
MOVIE,GO! The Unforgettable Party,Mauro Scandolari,Argentina,2019,TV-PG,2019,11,60.0,,Children & Family Movies
MOVIE,Guna 369,Arjun Jandyala,India,2019,TV-MA,2019,11,143.0,,Action & Adventure
MOVIE,House Arrest,"Shashanka Ghosh, Samit Basu",India,2019,TV-14,2019,11,105.0,,Comedies
MOVIE,Jeff Garlin: Our Man In Chicago,Christopher Storer,United States,2019,TV-MA,2019,11,59.0,,Stand-Up Comedy
MOVIE,K-on! the movie,Naoko Yamada,Japan,2011,TV-PG,2019,11,110.0,,Anime Features
MOVIE,Klaus,Sergio Pablos,Spain,2019,PG,2019,11,98.0,,Children & Family Movies
MOVIE,SunGanges,Valli Bindana,India,2018,TV-14,2019,11,74.0,,Documentaries
MOVIE,The Garden of Words,Makoto Shinkai,Japan,2013,TV-14,2019,11,46.0,,Anime Features
MOVIE,Fadily Camara : La plus drôle de tes copines,Gautier & Leduc,France,2019,TV-MA,2019,11,54.0,,Stand-Up Comedy
MOVIE,A Single Man,Tom Ford,United States,2009,R,2019,11,100.0,,Dramas
MOVIE,To Be of Service,Josh Aronson,United States,2019,TV-MA,2019,11,88.0,,Documentaries
MOVIE,Let It Snow,Luke Snellin,United States,2019,PG-13,2019,11,93.0,,Comedies
MOVIE,Paradise Beach,Xavier Durringer,France,2019,TV-MA,2019,11,94.0,,Action & Adventure
MOVIE,U Turn,Pawan Kumar,India,2016,TV-14,2019,11,121.0,,International Movies
MOVIE,Burning Cane,Phillip Youmans,United States,2019,TV-MA,2019,11,78.0,,Dramas
MOVIE,Shadow,Zhang Yimou,China,2018,TV-14,2019,11,116.0,,Action & Adventure
MOVIE,Luccas Neto in: Summer Camp,Lucas Margutti,Brazil,2019,TV-G,2019,11,87.0,,Children & Family Movies
MOVIE,Seth Meyers: Lobby Baby,Neal Brennan,United States,2019,TV-MA,2019,11,61.0,,Stand-Up Comedy
MOVIE,The Lovers,Azazel Jacobs,United States,2017,R,2019,11,98.0,,Comedies
MOVIE,Tune in for Love,Jung Ji-woo,South Korea,2019,TV-MA,2019,11,123.0,,Dramas
MOVIE,American Son,Kenny Leon,United States,2019,TV-MA,2019,11,90.0,,Dramas
MOVIE,Undercover Brother 2,Leslie Small,United States,2019,R,2019,11,85.0,,Comedies
MOVIE,Minimalism: A Documentary About the Important Things,Matt D'Avella,United States,2016,TV-14,2019,11,78.0,,Documentaries
MOVIE,Oththa Seruppu Size 7,Parthiban,India,2019,TV-MA,2019,11,103.0,,Dramas
MOVIE,A Fairly Odd Summer,Savage Steve Holland,United States,2014,TV-Y7,2019,11,68.0,,Children & Family Movies
MOVIE,Big Time Movie,Savage Steve Holland,United States,2012,TV-PG,2019,11,68.0,,Children & Family Movies
MOVIE,Escape from Mr. Lemoncello’s Library,Scott McAboy,United States,2017,TV-Y,2019,11,69.0,,Children & Family Movies
MOVIE,Hey Arnold! The Jungle Movie,"Raymie Muzquiz, Stu Livingston",United States,2017,TV-PG,2019,11,81.0,,Children & Family Movies
MOVIE,Jinxed,Stephen Herek,United States,2013,TV-Y,2019,11,69.0,,Children & Family Movies
MOVIE,LEGENDS OF THE HIDDEN TEMPLE,Joe Menendez,United States,2016,TV-PG,2019,11,68.0,,Children & Family Movies
MOVIE,"Liar, Liar, Vampire",Vince Marcello,United States,2015,TV-PG,2019,11,68.0,,Children & Family Movies
MOVIE,The Boy Who Cried Werewolf,Eric Bross,United States,2010,TV-Y,2019,11,86.0,,Children & Family Movies
MOVIE,The Massively Mixed-Up Middle School Mystery,Will Eisenberg,United States,2015,TV-Y,2019,11,40.0,,Children & Family Movies
MOVIE,A Remarkable Tale,Marina Seresesky,Spain,2019,TV-MA,2019,11,94.0,,Comedies
MOVIE,The House of Flowers Presents: The Funeral,Manolo Caro,Mexico,2019,TV-MA,2019,11,36.0,,Movies
MOVIE,Christmas in the Heartland,Harvey Lowry,United States,2017,TV-PG,2019,11,112.0,,Dramas
MOVIE,Christmas Survival,James Dearden,United Kingdom,2018,TV-MA,2019,11,101.0,,Comedies
MOVIE,Drive,Tarun Mansukhani,India,2019,TV-14,2019,11,119.0,,Action & Adventure
MOVIE,Fire in Paradise,"Drea Cooper, Zackary Canepari",United States,2019,TV-MA,2019,11,40.0,,Documentaries
MOVIE,Holiday in the Wild,Ernie Barbarash,United States,2019,TV-PG,2019,11,86.0,,Children & Family Movies
MOVIE,Holly Star,Michael A. Nickles,United States,2018,PG,2019,11,92.0,,Children & Family Movies
MOVIE,Santa Girl,Blayne Weaver,United States,2019,TV-PG,2019,11,91.0,,Children & Family Movies
MOVIE,The King,David Michôd,United Kingdom,2019,R,2019,11,141.0,,Dramas
MOVIE,The Man Without Gravity,Marco Bonfanti,Italy,2019,TV-MA,2019,11,107.0,,Dramas
MOVIE,The Old Thieves: The Legend of Artegios,Everardo González,Mexico,2007,TV-MA,2019,11,97.0,,Documentaries
MOVIE,Zoé: Panoramas,"Rodrigo Guardiola, Gabriel Cruz Rivas",Mexico,2016,TV-MA,2019,11,89.0,,Documentaries
MOVIE,Grego Rossello: Disculpe las molestias,Juani Libonatti,Argentina,2019,TV-MA,2019,10,65.0,,Stand-Up Comedy
TV SHOW,Nowhere Man,DJ Chen,Taiwan,2019,TV-MA,2019,10,,1.0,Crime Tv Shows
TV SHOW,"Bring It On, Ghost",Park Joon-hwa,South Korea,2016,TV-14,2019,10,,1.0,International Tv Shows
MOVIE,Mehandi Circus,Saravana Rajendran,India,2019,TV-MA,2019,10,126.0,,Dramas
MOVIE,Arsenio Hall: Smart & Classy,Brian Volk-Weiss,United States,2019,TV-MA,2019,10,63.0,,Stand-Up Comedy
MOVIE,A 3 Minute Hug,Everardo González,Mexico,2019,TV-PG,2019,10,,,Documentaries
MOVIE,Little Miss Sumo,Matt Kay,United Kingdom,2018,TV-G,2019,10,,,Documentaries
TV SHOW,Vientos de agua,Not Given,Argentina,2006,TV-MA,2019,11,,1.0,International Tv Shows
MOVIE,My Next Guest with David Letterman and Shah Rukh Khan,Michael Steed,Not Given,2019,TV-PG,2019,10,61.0,,International Movies
MOVIE,Consequences,Ozan Açıktan,Turkey,2014,TV-MA,2019,10,106.0,,Dramas
MOVIE,Dolemite Is My Name,Craig Brewer,United States,2019,R,2019,10,118.0,,Comedies
MOVIE,It Takes a Lunatic,Billy Lyons,United States,2019,TV-MA,2019,10,127.0,,Documentaries
MOVIE,Rattlesnake,Zak Hilditch,United States,2019,TV-MA,2019,10,86.0,,Horror Movies
MOVIE,The Awakening of Motti Wolkenbruch,Michael Steiner,Switzerland,2018,TV-MA,2019,10,94.0,,Comedies
MOVIE,Echo in the Canyon,Andrew Slater,United States,2019,PG-13,2019,10,82.0,,Documentaries
MOVIE,Revenge of the Pontianak,"Glen Goei, Gavin Yap",Singapore,2019,TV-14,2019,10,92.0,,Horror Movies
MOVIE,Dancing with the Birds,Huw Cordey,United States,2019,TV-PG,2019,10,52.0,,Documentaries
MOVIE,Master Z: The Ip Man Legacy,Yuen Woo-ping,Hong Kong,2018,TV-14,2019,10,108.0,,Action & Adventure
MOVIE,Jenny Slate: Stage Fright,Gillian Robespierre,United States,2019,TV-MA,2019,10,67.0,,Documentaries
MOVIE,Free Fire,Ben Wheatley,United Kingdom,2016,R,2019,10,91.0,,Action & Adventure
MOVIE,The Command,Thomas Vinterberg,France,2018,PG-13,2019,10,118.0,,Dramas
MOVIE,10 Days in Sun City,Adze Ugah,South Africa,2017,TV-14,2019,10,87.0,,Comedies
MOVIE,In My Country,Frank Rajah Arase,Nigeria,2018,TV-MA,2019,10,99.0,,Dramas
MOVIE,Eli,Ciarán Foy,United States,2019,TV-MA,2019,10,98.0,,Horror Movies
MOVIE,"Love, Surreal and Odd",Yılmaz Erdoğan,Turkey,2017,TV-14,2019,10,95.0,,Comedies
MOVIE,Seventeen,Daniel Sánchez Arévalo,Spain,2019,TV-MA,2019,10,100.0,,Comedies
MOVIE,Tatu,Don Omope,Nigeria,2017,TV-MA,2019,10,101.0,,Action & Adventure
MOVIE,Tell Me Who I Am,Ed Perkins,United Kingdom,2019,TV-MA,2019,10,86.0,,Documentaries
MOVIE,The Laundromat,Steven Soderbergh,United States,2019,R,2019,10,96.0,,Comedies
MOVIE,Up North,Tope Oshin,Nigeria,2018,TV-14,2019,10,99.0,,Dramas
MOVIE,Little Singham: Kaal Ki Tabaahi,Prakash Satam,Not Given,2019,TV-Y7,2019,10,66.0,,Children & Family Movies
MOVIE,Upstarts,Udai Singh Pawar,India,2019,TV-14,2019,10,112.0,,Comedies
MOVIE,Verses of Love 2,Guntur Soeharjanto,Indonesia,2017,TV-14,2019,10,127.0,,Dramas
MOVIE,Ghosts of Sugar Land,Bassam Tariq,United States,2019,TV-MA,2019,10,,,Documentaries
MOVIE,League of Legends Origins,Leslie Iwerks,United States,2019,TV-MA,2019,10,78.0,,Documentaries
MOVIE,Park Na-rae: Glamour Warning,Kim Joo-hyung,South Korea,2019,TV-MA,2019,10,63.0,,Stand-Up Comedy
MOVIE,Sinister 2,Ciarán Foy,United States,2015,R,2019,10,97.0,,Horror Movies
MOVIE,The Game Changers,Louie Psihoyos,United States,2018,TV-MA,2019,10,86.0,,Documentaries
TV SHOW,Black Money Love,Ahmet Katıksız,Turkey,2014,TV-MA,2019,10,,1.0,Crime Tv Shows
MOVIE,"Martin Matte: La vie, la mort...eh la la..!",Jean-François Blais,Canada,2019,TV-14,2019,10,62.0,,Stand-Up Comedy
MOVIE,Street Flow,"Leïla Sy, Kery James",France,2019,TV-MA,2019,10,96.0,,Dramas
MOVIE,Bygones Be Bygones,Hakan Algül,Turkey,2017,TV-MA,2019,10,104.0,,Comedies
MOVIE,El Camino: A Breaking Bad Movie,Vince Gilligan,United States,2019,TV-MA,2019,10,123.0,,Dramas
MOVIE,Fractured,Brad Anderson,United States,2019,TV-MA,2019,10,100.0,,Thrillers
MOVIE,The Bling Lagosians,Bolanle Austen-Peters,Nigeria,2019,TV-14,2019,10,99.0,,Dramas
MOVIE,The Forest of Love,Sion Sono,Japan,2019,TV-MA,2019,10,151.0,,Dramas
MOVIE,GEN HOSHINO STADIUM TOUR “POP VIRUS”,Naoto Amazutsumi,Not Given,2019,TV-14,2019,10,154.0,,International Movies
MOVIE,The Influence,Dennis Rovira van Boekholt,Spain,2019,TV-MA,2019,10,102.0,,Horror Movies
MOVIE,After,Jenny Gage,United States,2019,PG-13,2019,10,106.0,,Dramas
MOVIE,Home Is Where the Killer Is,Kaila York,United States,2019,TV-14,2019,10,87.0,,Dramas
MOVIE,Deon Cole: Cole Hearted,Ryan Polito,United States,2019,TV-MA,2019,10,70.0,,Stand-Up Comedy
MOVIE,Love for Sale,Andibachtiar Yusuf,Indonesia,2018,TV-14,2019,10,101.0,,Dramas
MOVIE,Noblemen,Vandana Kataria,India,2019,TV-MA,2019,10,109.0,,Dramas
MOVIE,Brother in Love,Onur Bilgetay,Turkey,2019,TV-MA,2019,10,110.0,,Comedies
MOVIE,In the Tall Grass,Vincenzo Natali,Canada,2019,TV-MA,2019,10,102.0,,Horror Movies
MOVIE,Kids on the Block,Tugçe Soysop,Turkey,2019,TV-PG,2019,10,102.0,,Children & Family Movies
MOVIE,Super Monsters: Vida's First Halloween,"Jacob Joice, Steve Ball",United States,2019,TV-Y,2019,10,,,Children & Family Movies
MOVIE,Ready to Mingle,Luis Javier Henaine,Mexico,2019,TV-MA,2019,10,98.0,,Comedies
MOVIE,Salam - The First ****** Nobel Laureate,Anand Kamalakar,United States,2018,TV-PG,2019,10,76.0,,Documentaries
TV SHOW,Cheese in the Trap,Lee Yoon-jung,South Korea,2016,TV-14,2019,10,,1.0,International Tv Shows
MOVIE,First Kiss,Roy Poortmans,Netherlands,2018,TV-14,2019,10,90.0,,Dramas
MOVIE,Limitless,Vrinda Samartha,India,2017,TV-PG,2019,10,59.0,,Documentaries
MOVIE,Nikki Glaser: Bangin’,Nicholaus Goossen,United States,2019,TV-MA,2019,10,64.0,,Stand-Up Comedy
MOVIE,Rugrats in Paris: The Movie,"Stig Bergqvist, Paul Demeyer",Germany,2000,G,2019,10,79.0,,Children & Family Movies
MOVIE,Cultivating the Seas: History and Future of the Full-Cycle Cultured Kindai Tuna,Mana Yasuda,Japan,2019,TV-PG,2019,9,45.0,,Documentaries
MOVIE,The Rugrats Movie,"Igor Kovalyov, Norton Virgien",United States,1998,G,2019,10,81.0,,Children & Family Movies
MOVIE,The Squid and the Whale,Noah Baumbach,United States,2005,R,2019,10,81.0,,Comedies
TV SHOW,Gotham,Danny Cannon,United States,2019,TV-MA,2019,9,,5.0,Crime Tv Shows
MOVIE,Mo Gilligan: Momentum,Chris Howe,United Kingdom,2019,TV-MA,2019,9,64.0,,Stand-Up Comedy
MOVIE,TUNA GIRL,Mana Yasuda,Japan,2019,TV-PG,2019,9,90.0,,Dramas
MOVIE,Deliha 2,Gupse Özay,Turkey,2018,TV-PG,2019,9,102.0,,Comedies
MOVIE,In the Shadow of the Moon,Jim Mickle,United States,2019,TV-MA,2019,9,116.0,,Dramas
MOVIE,Sturgill Simpson Presents Sound & Fury,"Jumpei Mizusaki, Koji Morimoto, Michael Arias, Masaru Matsumoto, Arthell Isom, Henry Thurlow, Takanobu Mizuno, Elsa Nakamichi, Hajime Sasaki, Shinji Takagi",United States,2019,TV-MA,2019,9,42.0,,Anime Features
MOVIE,Malaal,Mangesh Hadawale,India,2019,TV-14,2019,9,133.0,,Dramas
MOVIE,The Grandmaster,Wong Kar Wai,Hong Kong,2013,PG-13,2019,9,108.0,,Action & Adventure
MOVIE,Oh! Baby (Malayalam),B. V. Nandini Reddy,India,2019,TV-14,2019,9,146.0,,Comedies
MOVIE,Birders,Otilia Portillo Padua,United States,2019,TV-G,2019,9,38.0,,Documentaries
MOVIE,Oh! Baby (Tamil),B. V. Nandini Reddy,India,2019,TV-14,2019,9,146.0,,Comedies
MOVIE,Inside Man: Most Wanted,Michael J. Bassett,United States,2019,R,2019,9,106.0,,Action & Adventure
MOVIE,Jeff Dunham: Beside Himself,Troy Miller,United States,2019,TV-MA,2019,9,58.0,,Stand-Up Comedy
MOVIE,Manmadhudu 2,Rahul Ravindran,India,2019,TV-MA,2019,9,152.0,,Comedies
MOVIE,Under the Eiffel Tower,Archie Borders,United States,2018,TV-MA,2019,9,87.0,,Comedies
MOVIE,Do Paise Ki Dhoop Chaar Aane Ki Baarish,Deepti Naval,India,2009,TV-MA,2019,9,121.0,,Dramas
MOVIE,Between Two Ferns: The Movie,Scott Aukerman,United States,2019,TV-MA,2019,9,83.0,,Comedies
TV SHOW,Criminal: Spain,Mariano Barroso,Spain,2019,TV-MA,2019,9,,1.0,British Tv Shows
TV SHOW,The Hockey Girls,"Kiko Cruz Claverol, Patricia Font",Spain,2019,TV-MA,2019,9,,1.0,International Tv Shows
MOVIE,Travel Mates 2,Bedran Güzel,Turkey,2018,TV-MA,2019,9,111.0,,Comedies
MOVIE,Bill Burr: Paper Tiger,Mike Binder,United States,2019,TV-MA,2019,9,67.0,,Stand-Up Comedy
MOVIE,Kabir Singh,Sandeep Reddy Vanga,India,2019,TV-MA,2019,9,171.0,,Dramas
MOVIE,Avengement,Jesse V. Johnson,United Kingdom,2019,TV-MA,2019,9,88.0,,Action & Adventure
MOVIE,Sebastian Maniscalco: What's Wrong with People?,Manny Rodriguez,United States,2012,TV-MA,2019,9,76.0,,Stand-Up Comedy
MOVIE,Los Tigres del Norte at Folsom Prison,Tom Donahue,United States,2019,TV-PG,2019,9,64.0,,Documentaries
MOVIE,Steal a Pencil for Me,Michèle Ohayon,United States,2006,TV-14,2019,9,94.0,,Documentaries
MOVIE,Oh! Baby,B. V. Nandini Reddy,India,2019,TV-14,2019,9,157.0,,Comedies
MOVIE,The Crystal Calls Making the Dark Crystal: Age of Resistance,Randall Lobb,United States,2019,TV-PG,2019,9,83.0,,Documentaries
MOVIE,"Hello, Privilege. It's Me, Chelsea",Alex Stapleton,United States,2019,TV-MA,2019,9,65.0,,Documentaries
MOVIE,Locked on You,Kıvanç Baruönü,Turkey,2018,TV-14,2019,9,105.0,,Comedies
MOVIE,Shanghai Fortress,Teng Huatao,China,2019,TV-14,2019,9,107.0,,Dramas
MOVIE,Tall Girl,Nzingha Stewart,United States,2019,TV-PG,2019,9,103.0,,Children & Family Movies
TV SHOW,When the Camellia Blooms,Not Given,South Korea,2019,TV-14,2019,9,,1.0,International Tv Shows
MOVIE,Evelyn,Orlando von Einsiedel,United Kingdom,2019,TV-MA,2019,9,96.0,,Documentaries
MOVIE,Article 15,Anubhav Sinha,India,2019,TV-MA,2019,9,125.0,,Dramas
MOVIE,Care of Kancharapalem,Maha Venkatesh,India,2018,TV-MA,2019,9,142.0,,Comedies
MOVIE,Ee Nagaraniki Emaindi,Tharun Bhascker,India,2018,TV-14,2019,9,133.0,,Comedies
MOVIE,Kill Me If You Dare,Şenol Sönmez,Turkey,2019,TV-14,2019,9,100.0,,Comedies
MOVIE,Back to School,"Rémy Four, Julien War",Not Given,2019,TV-MA,2019,8,84.0,,Comedies
MOVIE,Saawan,Farhan Alam,Pakistan,2016,TV-14,2019,9,128.0,,Dramas
MOVIE,Watchman,A. L. Vijay,India,2019,TV-14,2019,9,93.0,,Comedies
MOVIE,Elena,Petra Costa,Brazil,2012,TV-MA,2019,9,81.0,,Documentaries
TV SHOW,Naruto,Hayato Date,Japan,2006,TV-14,2019,9,,9.0,Anime Series
MOVIE,Olmo & the Seagull,"Petra Costa, Lea Glob",Denmark,2014,TV-MA,2019,9,82.0,,Dramas
MOVIE,Spookley the Square Pumpkin,Bernie Denk,United States,2004,G,2019,9,47.0,,Children & Family Movies
MOVIE,Uncle Naji in UAE,Ahmed Zain,United Arab Emirates,2019,TV-14,2019,9,95.0,,Comedies
MOVIE,Feo pero sabroso,Fernando Ayllón,Colombia,2018,TV-MA,2019,8,91.0,,Comedies
MOVIE,The Russian Revolution,Cal Seville,United Kingdom,2017,TV-PG,2017,6,47.0,,Documentaries
MOVIE,Mi amigo Alexis,Alejandro Fernández Almendras,Chile,2019,TV-PG,2019,8,102.0,,Children & Family Movies
TV SHOW,Styling Hollywood,Not Given,Pakistan,2019,TV-14,2019,8,,1.0,Reality Tv
MOVIE,Unbridled,Jota Linares,Spain,2018,TV-MA,2019,8,100.0,,International Movies
MOVIE,Falling Inn Love,Roger Kumble,United States,2019,TV-PG,2019,8,98.0,,Comedies
MOVIE,Kardec,Wagner de Assis,Brazil,2019,TV-14,2019,8,110.0,,Dramas
MOVIE,Travis Scott: Look Mom I Can Fly,White Trash Tyler,United States,2019,TV-MA,2019,8,85.0,,Documentaries
MOVIE,Dave Chappelle: Sticks & Stones,Stan Lathan,United States,2019,TV-MA,2019,8,66.0,,Stand-Up Comedy
MOVIE,Drink Drank Drunk,Yeung Yat-Tak,Hong Kong,2016,TV-MA,2019,8,92.0,,Comedies
MOVIE,Kaake Da Viyah,Rai Yuvraj Bains,India,2019,TV-PG,2019,8,133.0,,Comedies
MOVIE,Marriage Palace,Sunil Thakur,India,2018,TV-14,2019,8,135.0,,Comedies
MOVIE,Mayday Life,Muh Chen,China,2019,TV-PG,2019,8,120.0,,International Movies
MOVIE,Saavat,Saurabh Sinha,India,2019,TV-14,2019,8,118.0,,Dramas
MOVIE,American Factory,"Steven Bognar, Julia Reichert",United States,2019,TV-14,2019,8,110.0,,Documentaries
MOVIE,Game Over (Tamil Version),Ashwin Saravanan,India,2019,TV-MA,2019,8,98.0,,Horror Movies
MOVIE,The Girl Allergic to Wi-Fi,Jun Lana,Philippines,2018,TV-MA,2019,8,104.0,,International Movies
MOVIE,Simon Amstell: Set Free,Julia Knowles,United Kingdom,2019,TV-MA,2019,8,52.0,,Stand-Up Comedy
MOVIE,Game Over (Telugu Version),Ashwin Saravanan,India,2019,TV-MA,2019,8,98.0,,Horror Movies
MOVIE,Game Over (Hindi Version),Ashwin Saravanan,India,2019,TV-MA,2019,8,98.0,,Horror Movies
MOVIE,Selfless,Tarsem Singh,United States,2015,PG-13,2019,8,117.0,,Sci-Fi & Fantasy
MOVIE,Sextuplets,Michael Tiddes,United States,2019,TV-14,2019,8,100.0,,Comedies
MOVIE,The Little Switzerland,Kepa Sojo,Spain,2019,TV-MA,2019,8,86.0,,Comedies
TV SHOW,Hyperdrive,Not Given,United States,2019,TV-PG,2019,8,,1.0,Reality Tv
MOVIE,Colin Quinn: Red State Blue State,Robert Moresco,Not Given,2019,TV-14,2019,8,66.0,,Stand-Up Comedy
TV SHOW,Sacred Games,"Vikramaditya Motwane, Anurag Kashyap",India,2019,TV-MA,2019,8,,2.0,Crime Tv Shows
TV SHOW,Til Death Do Us Part,"Cho Li, Chen Hung-yi, Weica Wang, Liu Bang-yao, Lin Guan-fu, Shen Chi, YC Tom Lee",Taiwan,2019,TV-MA,2019,8,,1.0,International Tv Shows
MOVIE,Whindersson Nunes: Adult,Diego Pignataro,Brazil,2019,TV-MA,2019,8,69.0,,Stand-Up Comedy
MOVIE,Uyare,Manu Ashokan,India,2019,TV-14,2019,8,119.0,,Dramas
MOVIE,90 ML,Anita Udeep,India,2019,TV-MA,2019,8,123.0,,Comedies
MOVIE,Calum von Moger: Unbroken,Vlad Yudin,United States,2019,TV-MA,2019,8,93.0,,Documentaries
MOVIE,Hasta los dientes,Alberto Arnaut Estrada,Mexico,2018,TV-MA,2019,8,109.0,,Documentaries
MOVIE,Jaoon Kahan Bata Ae Dil,Aadish Keluskar,India,2018,TV-MA,2019,8,107.0,,Dramas
MOVIE,Rocko's Modern Life: Static Cling,"Joe Murray, Cosmo Segurson",United States,2019,TV-Y7,2019,8,46.0,,Children & Family Movies
TV SHOW,The Family,Jesse Moss,United States,2019,TV-14,2019,8,,1.0,Docuseries
MOVIE,Léa & I,Camille Shooshani,Not Given,2019,TV-MA,2019,8,84.0,,Documentaries
TV SHOW,Reply 1994,Shin Won-ho,South Korea,2014,TV-MA,2019,8,,1.0,International Tv Shows
TV SHOW,Reply 1997,Shin Won-ho,South Korea,2012,TV-MA,2019,8,,1.0,International Tv Shows
MOVIE,Badla,Sujoy Ghosh,India,2019,TV-14,2019,8,117.0,,International Movies
MOVIE,Theo Von: No Offense,John Asher,United States,2016,TV-MA,2019,8,67.0,,Stand-Up Comedy
MOVIE,Crazy Beautiful You,Mae Czarina Cruz,Philippines,2015,TV-14,2019,8,114.0,,Comedies
MOVIE,I'm Brent Morin,Lance Bangs,United States,2015,TV-MA,2019,8,67.0,,Stand-Up Comedy
MOVIE,Jim Jefferies : BARE,Shannon Hartman,United States,2014,TV-MA,2019,8,77.0,,Stand-Up Comedy
MOVIE,Screwball,Billy Corben,United States,2018,TV-MA,2019,8,105.0,,Documentaries
MOVIE,Sebastian Maniscalco: Why Would You Do That,Joe DeMaio,United States,2016,TV-MA,2019,8,63.0,,Stand-Up Comedy
MOVIE,Enter the Anime,Alex Burunova,United States,2019,TV-MA,2019,8,59.0,,Documentaries
MOVIE,No One Will Ever Know,Jesús Torres Torres,Mexico,2017,TV-MA,2019,8,102.0,,Dramas
MOVIE,Misfit,Erwin van den Eshof,Netherlands,2017,TV-14,2019,8,81.0,,Children & Family Movies
MOVIE,Uriyadi 2,Vijay Kumar,India,2019,TV-14,2019,8,116.0,,Dramas
MOVIE,Manu,Phanindra Narsetti,India,2018,TV-14,2019,8,177.0,,Dramas
MOVIE,Whitney Cummings: Can I Touch It?,Marcus Raboy,United States,2019,TV-MA,2019,7,59.0,,Stand-Up Comedy
MOVIE,The Red Sea Diving Resort,Gideon Raff,Canada,2019,TV-MA,2019,7,130.0,,Dramas
MOVIE,Boi,Jorge M. Fontana,Spain,2018,TV-MA,2019,7,111.0,,Dramas
MOVIE,Eerie,Mikhail Red,Philippines,2019,TV-14,2019,7,100.0,,Horror Movies
MOVIE,Girls With Balls,Olivier Afonso,France,2019,TV-MA,2019,7,77.0,,Comedies
MOVIE,The Son,Sebastián Schindel,Argentina,2019,TV-MA,2019,7,93.0,,Dramas
MOVIE,The Great Hack,"Karim Amer, Jehane Noujaim",United States,2019,TV-MA,2019,7,114.0,,Documentaries
MOVIE,D.L. Hughley: Contrarian,Jay Chapman,United States,2018,TV-MA,2019,7,58.0,,Stand-Up Comedy
MOVIE,Demetri Martin: The Overthinker,"Jay Karas, Demetri Martin",United States,2018,TV-MA,2019,7,56.0,,Stand-Up Comedy
MOVIE,The Beast Stalker,Dante Lam,Hong Kong,2008,TV-14,2019,7,110.0,,Action & Adventure
MOVIE,The Midas Touch,Chi Keung Fung,Hong Kong,2013,TV-14,2019,7,98.0,,Comedies
MOVIE,The Twins Effect II,"Corey Yuen, Patrick Leung",Hong Kong,2004,TV-14,2019,7,106.0,,Action & Adventure
MOVIE,Twins Mission,To-hoi Kong,Hong Kong,2007,TV-MA,2019,7,102.0,,Action & Adventure
MOVIE,Yoo Byung Jae: Too Much Information,Yoo Byung-jae,Not Given,2018,TV-MA,2018,3,63.0,,Stand-Up Comedy
MOVIE,"¡Ay, mi madre!",Frank Ariza,Spain,2019,TV-MA,2019,7,81.0,,Comedies
TV SHOW,Comedians in Cars Getting Coffee,Jerry Seinfeld,United States,2019,TV-14,2019,7,,6.0,Stand-Up Comedy & Talk Shows
MOVIE,Secret Obsession,Peter Sullivan,United States,2019,TV-14,2019,7,98.0,,Thrillers
MOVIE,Mauli,Aditya Sarpotdar,India,2018,TV-14,2019,7,136.0,,Action & Adventure
MOVIE,Bogda,Nisheeta Keni,India,2018,TV-PG,2019,7,161.0,,Dramas
MOVIE,"Frankenstein’s Monster’s Monster, Frankenstein",Daniel Gray Longino,United States,2019,TV-14,2019,7,32.0,,Comedies
MOVIE,4L,Gerardo Olivares,Spain,2019,TV-MA,2019,7,105.0,,Comedies
MOVIE,Cities of Last Things,Wi Ding Ho,Taiwan,2018,TV-MA,2019,7,106.0,,Dramas
MOVIE,Kidnapping Stella,Thomas Sieben,Germany,2019,TV-MA,2019,7,90.0,,Dramas
MOVIE,Point Blank,Joe Lynch,France,2019,TV-MA,2019,7,87.0,,Action & Adventure
MOVIE,The Milk System,Andreas Pichler,Germany,2017,TV-14,2019,7,91.0,,Documentaries
MOVIE,Parchís: the Documentary,Daniel Arasanz,Spain,2019,TV-14,2019,7,106.0,,Documentaries
MOVIE,Aziz Ansari: RIGHT NOW,Spike Jonze,United States,2019,TV-MA,2019,7,65.0,,Stand-Up Comedy
MOVIE,"River, el más grande siempre","Marcelo Altmark, Mariano Mucci, Luis A. Scalella",Argentina,2019,TV-G,2019,7,105.0,,Documentaries
MOVIE,Cristina,Michèle Ohayon,United States,2016,TV-14,2019,7,40.0,,Documentaries
MOVIE,Katherine Ryan: Glitter Room,Linda Mendoza,United States,2019,TV-MA,2019,7,66.0,,Stand-Up Comedy
MOVIE,War Against Women,Hernán Zin,United States,2013,TV-MA,2019,7,61.0,,Documentaries
MOVIE,Inhuman Kiss,Sittisiri Mongkolsiri,Thailand,2019,TV-MA,2019,6,122.0,,Horror Movies
MOVIE,Romeo Akbar Walter,Robbie Grewal,India,2019,TV-14,2019,6,141.0,,Dramas
MOVIE,Super Deluxe,Thiagarajan Kumararaja,India,2019,TV-MA,2019,6,176.0,,Comedies
MOVIE,El testigo,Kate Horne,Colombia,2018,TV-14,2019,6,73.0,,Documentaries
MOVIE,La Leyenda del Diamante,Roberto Girault Facha,Mexico,2017,TV-MA,2019,6,87.0,,Action & Adventure
MOVIE,ANIMA,Paul Thomas Anderson,United Kingdom,2019,TV-PG,2019,6,,,Dramas
MOVIE,Daniel Sosa: Maleducado,"Alex Díaz, Marcos Bucay",Mexico,2019,TV-MA,2019,6,55.0,,Stand-Up Comedy
MOVIE,Kahaani,Sujoy Ghosh,India,2012,TV-14,2019,6,122.0,,International Movies
MOVIE,Unbroken,Svati Chakravarty Bhatkal,India,2019,TV-14,2019,6,109.0,,Documentaries
MOVIE,Mike Epps: Only One Mike,Kevin Bray,United States,2019,TV-MA,2019,6,63.0,,Stand-Up Comedy
MOVIE,Triple Threat,"Jesse V. Johnson, Jesse Johnson",Thailand,2019,R,2019,6,96.0,,Action & Adventure
MOVIE,Blood Will Tell,"Miguel Cohan, Miguel Cohan",Argentina,2019,TV-MA,2019,6,113.0,,Dramas
TV SHOW,Bolívar,"Luis Alberto Restrepo, Andrés Beltrán, Jaime Rayo",Colombia,2019,TV-MA,2019,6,,1.0,International Tv Shows
MOVIE,EVANGELION: DEATH (TRUE)²,Hideaki Anno,Japan,1998,TV-MA,2019,6,69.0,,Action & Adventure
MOVIE,The End of Evangelion,"Hideaki Anno, Kazuya Tsurumaki",Japan,1997,TV-MA,2019,6,87.0,,Action & Adventure
MOVIE,Rakkhosh,"Abhijit Kokate, Srivinay Salian",India,2019,TV-MA,2019,6,116.0,,Horror Movies
MOVIE,The Wolf's Call,Antonin Baudry,France,2019,TV-14,2019,6,116.0,,Dramas
MOVIE,Beats,Chris Robinson,United States,2019,TV-MA,2019,6,110.0,,Dramas
MOVIE,The Edge of Democracy,Petra Costa,Brazil,2019,TV-14,2019,6,122.0,,Documentaries
MOVIE,Adam Devine: Best Time of Our Lives,Jay Karas,United States,2019,TV-MA,2019,6,59.0,,Stand-Up Comedy
MOVIE,Cop Car,Jon Watts,United States,2015,R,2019,6,88.0,,Thrillers
MOVIE,Right Here Right Now,Jakob Lass,Germany,2018,TV-MA,2019,6,91.0,,Comedies
MOVIE,Life Overtakes Me,"John Haptas, Kristine Samuelson",Sweden,2019,TV-PG,2019,6,40.0,,Documentaries
MOVIE,Luckee,Sanjay Jadhav,India,2019,TV-14,2019,6,113.0,,Comedies
MOVIE,Pihu,Vinod Kapri,India,2018,TV-14,2019,6,90.0,,Dramas
TV SHOW,The Alcàsser Murders,Elías León,Spain,2019,TV-MA,2019,6,,1.0,Crime Tv Shows
MOVIE,DJ Cinderella,Bruno Garotti,Brazil,2019,TV-PG,2019,6,95.0,,Children & Family Movies
MOVIE,Jimmy Carr: The Best of Ultimate Gold Greatest Hits,Brian Klein,United Kingdom,2019,TV-MA,2019,3,58.0,,Stand-Up Comedy
MOVIE,Murder Mystery,Kyle Newacheck,United States,2019,PG-13,2019,6,98.0,,Comedies
MOVIE,Oprah Presents When They See Us Now,Mark Ritchie,United States,2019,TV-PG,2019,6,61.0,,Documentaries
MOVIE,The 3rd Eye 2,Rocky Soraya,Indonesia,2019,TV-MA,2019,6,117.0,,Horror Movies
MOVIE,Jo Koy: Comin' In Hot,Shannon Hartman,United States,2019,TV-MA,2019,6,60.0,,Stand-Up Comedy
MOVIE,Rolling Thunder Revue: A Bob Dylan Story by Martin Scorsese,Martin Scorsese,United States,2019,TV-MA,2019,6,142.0,,Documentaries
MOVIE,Belmonte,Federico Veiroj,Uruguay,2018,TV-MA,2019,6,74.0,,Dramas
MOVIE,Elisa & Marcela,Isabel Coixet,Spain,2019,TV-MA,2019,6,119.0,,Dramas
MOVIE,I Am Mother,Grant Sputore,Australia,2019,TV-PG,2019,6,114.0,,International Movies
MOVIE,Luka Chuppi,Laxman Utekar,India,2019,TV-PG,2019,6,125.0,,Comedies
MOVIE,Pachamama,Juan Antin,France,2019,PG,2019,6,71.0,,Children & Family Movies
MOVIE,Rock My Heart,Hanno Olderdissen,Germany,2019,TV-PG,2019,6,110.0,,Children & Family Movies
MOVIE,Stree,Amar Kaushik,India,2018,TV-MA,2019,6,127.0,,Comedies
MOVIE,The Black Godfather,Reginald Hudlin,United States,2019,TV-MA,2019,6,118.0,,Documentaries
MOVIE,Alles ist gut,Eva Trobisch,Germany,2019,TV-MA,2019,6,90.0,,Dramas
MOVIE,A Silent Voice,Naoko Yamada,Japan,2016,TV-14,2019,6,130.0,,Anime Features
MOVIE,Cosmos Laundromat: First Cycle,Mathieu Auvray,Netherlands,2015,TV-MA,2019,6,,,Dramas
MOVIE,Miranda Sings Live…Your Welcome,Marcus Raboy,United States,2019,TV-14,2019,6,62.0,,Stand-Up Comedy
MOVIE,Silent,"Limbert Fabian, Brandon Oldenburg",United States,2014,TV-Y,2019,6,,,Children & Family Movies
MOVIE,Krutant,Datta Mohan Bhandare,India,2019,TV-14,2019,6,114.0,,Dramas
MOVIE,III Smoking Barrels,Sanjib Dey,India,2017,TV-MA,2019,6,128.0,,Dramas
MOVIE,"Oh, Ramona!",Cristina Jacob,Romania,2019,TV-MA,2019,6,109.0,,Comedies
MOVIE,We Are Legends,Daniel Yee Heng Chan,Hong Kong,2019,TV-14,2019,6,109.0,,Action & Adventure
MOVIE,The Lonely Island Presents: The Unauthorized Bash Brothers Experience,"Mike Diva, Akiva Schaffer",Not Given,2019,TV-MA,2019,5,,,Comedies
MOVIE,Chopsticks,Sachin Yardi,India,2019,TV-MA,2019,5,101.0,,Comedies
MOVIE,Mere Pyare Prime Minister,Rakeysh Omprakash Mehra,India,2019,TV-MA,2019,5,103.0,,Dramas
MOVIE,Pegasus,Han Han,China,2019,TV-MA,2019,5,98.0,,Comedies
MOVIE,Svaha: The Sixth Finger,Jang Jae-hyun,South Korea,2019,TV-MA,2019,5,123.0,,International Movies
MOVIE,After Maria,Nadia Hallgren,United States,2019,TV-PG,2019,5,38.0,,Documentaries
MOVIE,Joy,Sudabeh Mortezai,Austria,2019,TV-MA,2019,5,101.0,,Dramas
MOVIE,Rim of the World,McG,United States,2019,TV-14,2019,5,99.0,,Action & Adventure
MOVIE,The Perfection,Richard Shepard,United States,2019,TV-MA,2019,5,91.0,,Horror Movies
MOVIE,A Tale of Two Kitchens,Trisha Ziff,United States,2019,TV-PG,2019,5,,,Documentaries
MOVIE,The Man Who Feels No Pain,Vasan Bala,India,2018,TV-14,2019,5,137.0,,Action & Adventure
MOVIE,Wanda Sykes: Not Normal,Linda Mendoza,United States,2019,TV-MA,2019,5,66.0,,Stand-Up Comedy
MOVIE,ReMastered: The Lion's Share,Sam Cullman,Not Given,2019,TV-14,2019,5,84.0,,Documentaries
TV SHOW,1994,Diego Enrique Osorno,Mexico,2019,TV-MA,2019,5,,1.0,Crime Tv Shows
MOVIE,Born in Gaza,Hernán Zin,Spain,2014,TV-14,2019,5,70.0,,Documentaries
MOVIE,Born in Syria,Hernán Zin,Denmark,2016,TV-14,2019,5,87.0,,Documentaries
MOVIE,Dying to Tell,Hernán Zin,Spain,2018,TV-MA,2019,5,88.0,,Documentaries
MOVIE,Maria,Pedring A. Lopez,Philippines,2019,TV-MA,2019,5,90.0,,Action & Adventure
MOVIE,Saverio Raimondo: Il Satiro Parlante,Francesco Imperato,Italy,2019,TV-MA,2019,5,53.0,,Stand-Up Comedy
MOVIE,See You Yesterday,Stefon Bristol,United States,2019,TV-MA,2019,5,87.0,,Dramas
MOVIE,Good Sam,Kate Melville,United States,2019,TV-PG,2019,5,90.0,,Children & Family Movies
MOVIE,Jonaki,Aditya Vikram Sengupta,India,2018,TV-MA,2019,5,96.0,,Dramas
MOVIE,PATRICK (2019),Mandie Fletcher,United Kingdom,2019,TV-PG,2019,5,94.0,,Children & Family Movies
MOVIE,Hamid,Aijaz Khan,India,2018,TV-MA,2019,5,108.0,,Dramas
MOVIE,Backdraft 2,Gonzalo López-Gallego,United States,2019,R,2019,5,102.0,,Action & Adventure
MOVIE,Weed the People,Abby Epstein,United States,2018,TV-MA,2019,5,94.0,,Documentaries
MOVIE,Malibu Rescue,Savage Steve Holland,United States,2019,TV-G,2019,5,70.0,,Children & Family Movies
MOVIE,Merata: How Mum Decolonised the Screen,Hepi Mita,New Zealand,2018,TV-14,2019,5,88.0,,Documentaries
MOVIE,Dry Martina,Che Sandoval,Chile,2018,TV-MA,2019,5,100.0,,Dramas
MOVIE,Shéhérazade,Jean-Bernard Marlin,France,2019,TV-MA,2019,5,111.0,,Dramas
MOVIE,The Great Magician,Yee Tung-Shing,Hong Kong,2011,TV-14,2019,5,128.0,,Action & Adventure
MOVIE,In Family I Trust,Patricia Font,Spain,2018,TV-MA,2019,5,98.0,,Comedies
MOVIE,Wine Country,Amy Poehler,United States,2019,R,2019,5,104.0,,Comedies
MOVIE,Gatao 2: Rise of the King,Yen Cheng-kuo,Taiwan,2018,TV-MA,2019,5,126.0,,Action & Adventure
MOVIE,Last Breath,"Alex Parkinson, Richard da Costa",United Kingdom,2019,TV-MA,2019,5,86.0,,Documentaries
MOVIE,The Wandering Earth,Frant Gwo,China,2019,TV-MA,2019,5,125.0,,International Movies
MOVIE,All In My Family,Hao Wu,United States,2019,TV-14,2019,5,40.0,,Documentaries
TV SHOW,Crime Diaries: Night Out,Felipe Cano,Mexico,2019,TV-MA,2019,5,,1.0,Crime Tv Shows
MOVIE,Despite Everything,Gabriela Tagliavini,Spain,2019,TV-MA,2019,5,79.0,,Comedies
MOVIE,"Extremely Wicked, Shockingly Evil and Vile",Joe Berlinger,United States,2019,R,2019,5,110.0,,Dramas
MOVIE,Jo Pil-ho: The Dawning Rage,Lee Jeong-beom,South Korea,2018,TV-MA,2019,5,128.0,,Dramas
MOVIE,The Last Summer,William Bindley,United States,2019,TV-14,2019,5,110.0,,Comedies
MOVIE,Laatu,Manav Shah,India,2018,TV-PG,2019,5,116.0,,Comedies
MOVIE,Olympus Has Fallen,Antoine Fuqua,United States,2013,R,2019,5,119.0,,Action & Adventure
MOVIE,John & Yoko: Above Us Only Sky,Michael Epstein,United Kingdom,2018,TV-MA,2019,5,90.0,,Documentaries
MOVIE,Knock Down The House,Rachel Lears,United States,2019,PG,2019,5,88.0,,Documentaries
MOVIE,Munafik 2,Syamsul Yusof,Malaysia,2018,TV-MA,2019,5,104.0,,Horror Movies
MOVIE,Sur Sapata,Mangesh Kanthale,India,2019,TV-14,2019,5,140.0,,Comedies
MOVIE,A Home with A View,Herman Yau,Hong Kong,2019,TV-MA,2019,4,92.0,,Comedies
MOVIE,Anthony Jeselnik: Fire in the Maternity Ward,Marcus Raboy,United States,2019,TV-MA,2019,4,64.0,,Stand-Up Comedy
MOVIE,Teen Aur Aadha,Dar Gai,India,2018,TV-MA,2019,4,119.0,,Dramas
TV SHOW,The Hateful Eight: Extended Version,Quentin Tarantino,United States,2015,R,2019,4,,1.0,Tv Shows
MOVIE,Loving is Losing,Fernando Ayllón,Colombia,2019,TV-MA,2019,4,91.0,,Comedies
MOVIE,Money Trap,Yılmaz Erdoğan,Turkey,2019,TV-MA,2019,4,122.0,,Comedies
MOVIE,Njan Prakashan,Sathyan Anthikad,India,2018,TV-PG,2019,4,125.0,,Comedies
MOVIE,ReMastered: Devil at the Crossroads,Brian Oakes,United States,2019,TV-14,2019,4,49.0,,Documentaries
MOVIE,Grass Is Greener,Fab Five Freddie,Not Given,2019,TV-MA,2019,4,98.0,,Documentaries
MOVIE,A Fortunate Man,Bille August,Denmark,2018,TV-MA,2019,4,168.0,,Dramas
MOVIE,Brené Brown: The Call to Courage,Sandra Restrepo,Not Given,2019,TV-14,2019,4,77.0,,Documentaries
MOVIE,Music Teacher,Sarthak Dasgupta,India,2019,TV-14,2019,4,102.0,,Dramas
MOVIE,Someone Great,Jennifer Kaytin Robinson,United States,2019,R,2019,4,92.0,,Comedies
MOVIE,The Ruthless,Renato De Maria,Italy,2019,TV-MA,2019,4,111.0,,Dramas
MOVIE,A Little Chaos,Alan Rickman,United Kingdom,2014,R,2019,4,113.0,,Dramas
MOVIE,Franco Escamilla: Bienvenido al mundo,Ulises Valencia,Mexico,2019,TV-MA,2019,4,54.0,,Stand-Up Comedy
MOVIE,About Time,Richard Curtis,United Kingdom,2013,R,2019,4,123.0,,Comedies
MOVIE,HOMECOMING: A film by Beyoncé,Beyoncé Knowles-Carter,Not Given,2019,TV-MA,2019,4,138.0,,Documentaries
MOVIE,Bollywood Calling,Nagesh Kukunoor,India,2001,TV-MA,2019,4,102.0,,Comedies
MOVIE,Ek Khiladi Ek Haseena,Suparn Verma,India,2005,TV-14,2019,4,141.0,,International Movies
MOVIE,Generation Iron 3,Vlad Yudin,United States,2018,TV-MA,2019,4,95.0,,Documentaries
MOVIE,Hazaaron Khwaishein Aisi,Sudhir Mishra,India,2003,TV-MA,2019,4,111.0,,Dramas
MOVIE,Jhankaar Beats,Sujoy Ghosh,India,2003,TV-14,2019,4,131.0,,Comedies
MOVIE,Mumbai Matinee,Anant Balani,India,2003,TV-14,2019,4,116.0,,Comedies
MOVIE,Rainbow Jelly,Soukarya Ghosal,India,2018,TV-14,2019,4,119.0,,Dramas
MOVIE,Shabd,Leena Yadav,India,2005,TV-14,2019,4,146.0,,Dramas
MOVIE,Shortcut Safari,Amitabha Singh,India,2016,TV-PG,2019,4,101.0,,Action & Adventure
MOVIE,Thriller,Dallas Jackson,United States,2018,TV-MA,2019,4,87.0,,Horror Movies
MOVIE,Who Would You Take to a Deserted Island?,Jota Linares,Spain,2019,TV-MA,2019,4,94.0,,Dramas
MOVIE,Dabbe 5: Zehr-i Cin,Hasan Karacadağ,Turkey,2014,TV-MA,2019,4,133.0,,Horror Movies
MOVIE,Dabbe: The Possession,Hasan Karacadağ,Turkey,2013,TV-MA,2019,4,135.0,,Horror Movies
MOVIE,The Perfect Date,Chris Nelson,United States,2019,TV-14,2019,4,91.0,,Comedies
TV SHOW,Persona,"Lee Kyoungmi, Yim Pilsung, Jeon Go-woon, Kim Jong-kwan",South Korea,2019,TV-MA,2019,4,,1.0,International Tv Shows
MOVIE,Liss Pereira: Reteniendo líquidos,Fernando Ayllón,Brazil,2019,TV-14,2019,4,59.0,,Stand-Up Comedy
MOVIE,The Silence,John R. Leonetti,Canada,2019,PG-13,2019,4,91.0,,Horror Movies
MOVIE,Petta (Telugu Version),Karthik Subbaraj,India,2019,TV-14,2019,4,170.0,,Action & Adventure
MOVIE,Sarvam Thaala Mayam (Telugu Version),Rajiv Menon,India,2018,TV-14,2019,4,131.0,,Dramas
MOVIE,Alien Warfare,Jeremiah Jones,United States,2019,TV-MA,2019,4,88.0,,Action & Adventure
MOVIE,Petta,Karthik Subbaraj,India,2019,TV-14,2019,4,170.0,,Action & Adventure
MOVIE,Unicorn Store,Brie Larson,United States,2019,TV-14,2019,4,92.0,,Comedies
MOVIE,Bert Kreischer: The Machine,Ryan Polito,United States,2016,TV-MA,2019,2,70.0,,Stand-Up Comedy
TV SHOW,New Girl,Not Given,United States,2018,TV-14,2019,4,,7.0,Romantic Tv Shows
MOVIE,Ricardo Quevedo: Los amargados somos más,Fernando Ayllón,Colombia,2019,TV-MA,2019,4,59.0,,Stand-Up Comedy
MOVIE,Suzzanna: Buried Alive,"Rocky Soraya, Anggy Umbara",Indonesia,2018,TV-MA,2019,4,126.0,,Horror Movies
MOVIE,Ek Ladki Ko Dekha Toh Aisa Laga,Shelly Chopra Dhar,India,2019,TV-14,2019,4,120.0,,Comedies
MOVIE,Jagat,Shanjey Kumar Perumal,Malaysia,2015,TV-MA,2019,4,76.0,,Dramas
MOVIE,Kevin Hart: Irresponsible,Leslie Small,United States,2019,TV-MA,2019,4,60.0,,Stand-Up Comedy
MOVIE,Love O2O,Tianyu Zhao,China,2016,TV-14,2019,4,103.0,,International Movies
MOVIE,Pinky Memsaab,Shazia Ali Khan,Pakistan,2018,TV-MA,2019,4,124.0,,Dramas
MOVIE,The Trap,Erik White,United States,2017,TV-MA,2019,4,91.0,,Comedies
MOVIE,Mercy Black,Owen Egerton,United States,2019,TV-14,2019,3,88.0,,Horror Movies
MOVIE,The Burial of Kojo,Sam Blitz Bazawule,Ghana,2018,TV-14,2019,3,81.0,,Dramas
MOVIE,15-Aug,Swapnaneel Jayakar,India,2019,TV-14,2019,3,124.0,,Comedies
MOVIE,Bayonet,Kyzza Terrazas,Mexico,2019,TV-MA,2019,3,102.0,,Dramas
MOVIE,The Highwaymen,John Lee Hancock,United States,2019,R,2019,3,132.0,,Dramas
MOVIE,The Legend of Cocaine Island,Theo Love,United States,2019,TV-MA,2019,3,87.0,,Documentaries
MOVIE,Danur: I Can See Ghosts,Awi Suryadi,Indonesia,2017,TV-MA,2019,3,75.0,,Horror Movies
MOVIE,Verses of Love,Hanung Bramantyo,Indonesia,2008,TV-PG,2019,3,126.0,,Dramas
MOVIE,Nate Bargatze: The Tennessee Kid,Ryan Polito,United States,2019,TV-PG,2019,3,61.0,,Stand-Up Comedy
MOVIE,Sei,Raj Babu,India,2018,TV-14,2019,3,126.0,,Action & Adventure
MOVIE,Superlopez,Javier Ruiz Caldera,Spain,2018,TV-MA,2019,3,108.0,,Action & Adventure
MOVIE,Oversize Cops,"Chanon Yingyong, Phuwanit Pholdee",Thailand,2017,TV-MA,2019,3,100.0,,Action & Adventure
MOVIE,Mirage,Oriol Paulo,Spain,2018,TV-MA,2019,3,129.0,,Dramas
MOVIE,ReMastered: The Miami Showband Massacre,Stuart Sender,United States,2019,TV-MA,2019,3,71.0,,Documentaries
MOVIE,The Dirt,Jeff Tremaine,United States,2019,TV-MA,2019,3,108.0,,Comedies
MOVIE,The Amazing Praybeyt Benjamin,Wenn V. Deramas,Philippines,2014,TV-14,2019,3,105.0,,Action & Adventure
MOVIE,The Super Parental Guardians,Joyce Bernal,Philippines,2016,TV-14,2019,3,115.0,,Action & Adventure
MOVIE,The Third Party,Jason Paul Laxamana,Philippines,2016,TV-MA,2019,3,118.0,,Comedies
MOVIE,The Unmarried Wife,Maryo J. De los Reyes,Philippines,2016,TV-MA,2019,3,130.0,,Dramas
MOVIE,Vince and Kath and James,Theodore Boborol,Philippines,2016,TV-PG,2019,3,115.0,,International Movies
MOVIE,Alexis Viera: A Story of Surviving,Luis Ara,Uruguay,2019,TV-MA,2019,3,69.0,,Documentaries
MOVIE,Imago,"Karan Shivajirao Chavan, Vikram Tanajirao Patil",India,2018,TV-PG,2019,3,97.0,,Dramas
MOVIE,Amy Schumer Growing,Amy Schumer,United States,2019,TV-MA,2019,3,61.0,,Stand-Up Comedy
MOVIE,5 Flights Up,Richard Loncraine,United States,2014,PG-13,2019,3,92.0,,Comedies
MOVIE,Bombairiya,Pia Sukanya,United Arab Emirates,2018,TV-MA,2019,3,108.0,,Comedies
MOVIE,Burn Out,Yann Gozlan,France,2017,TV-MA,2019,3,104.0,,Action & Adventure
MOVIE,Edoardo Ferrario: Temi Caldi,Francesco Imperato,Italy,2019,TV-MA,2019,3,65.0,,Stand-Up Comedy
MOVIE,Girl,Lukas Dhont,Netherlands,2018,R,2019,3,106.0,,Dramas
MOVIE,Jeff Dunham: Arguing with Myself,Manny Rodriguez,United States,2006,TV-MA,2019,3,69.0,,Stand-Up Comedy
MOVIE,Jeff Dunham: Controlled Chaos,"Michael Simon, Matthew McNeil",United States,2011,TV-MA,2019,3,97.0,,Stand-Up Comedy
MOVIE,Jeff Dunham: Minding the Monsters,Manny Rodriguez,United States,2012,TV-MA,2019,3,80.0,,Stand-Up Comedy
MOVIE,Jeff Dunham's Very Special Christmas Special,Michael Simon,United States,2008,TV-MA,2019,3,85.0,,Stand-Up Comedy
MOVIE,Late Life: The Chien-Ming Wang Story,Frank W Chen,United States,2018,TV-14,2019,3,98.0,,Documentaries
MOVIE,Paskal,Adrian Teh,Malaysia,2018,TV-14,2019,3,115.0,,Action & Adventure
MOVIE,A Love Story,Maryo J. De los Reyes,Philippines,2007,TV-14,2019,3,117.0,,Dramas
MOVIE,Barcelona: A Love Untold,Olivia M. Lamasan,Philippines,2016,TV-14,2019,3,132.0,,Dramas
MOVIE,Everything About Her,Joyce Bernal,Philippines,2016,TV-MA,2019,3,127.0,,Comedies
MOVIE,Finally Found Someone,Theodore Boborol,Philippines,2017,TV-14,2019,3,125.0,,International Movies
MOVIE,Seven Sundays,Cathy Garcia-Molina,Philippines,2017,TV-MA,2019,3,128.0,,Comedies
MOVIE,Triple Frontier,J.C. Chandor,United States,2019,R,2019,3,126.0,,Action & Adventure
MOVIE,Hajwala 2: Mysterious Mission,"Ibrahim Bin Mohamed, Hasan Aljaberi",United Arab Emirates,2018,TV-14,2019,3,116.0,,Action & Adventure
MOVIE,Juanita,Clark Johnson,United States,2019,TV-MA,2019,3,90.0,,Dramas
MOVIE,Lady J,Emmanuel Mouret,France,2019,TV-MA,2019,3,111.0,,Dramas
MOVIE,Walk. Ride. Rodeo.,Conor Allyn,United States,2019,TV-PG,2019,3,100.0,,Children & Family Movies
MOVIE,Nappily Ever After,Haifaa Al-Mansour,United States,2018,TV-MA,2019,3,99.0,,Comedies
MOVIE,Sisterakas,Wenn V. Deramas,Philippines,2012,TV-14,2019,3,105.0,,Comedies
MOVIE,Starting Over Again,Olivia M. Lamasan,Philippines,2014,TV-14,2019,3,128.0,,Dramas
MOVIE,That Thing Called Tadhana,Antoinette Jadaone,Philippines,2015,TV-MA,2019,3,91.0,,Dramas
MOVIE,The Love Affair,Nuel Naval,Philippines,2015,TV-MA,2019,3,127.0,,Dramas
MOVIE,The Hard Way,Keoni Waxman,United States,2019,TV-MA,2019,3,94.0,,Action & Adventure
MOVIE,Everyday I Love You,Mae Czarina Cruz,Philippines,2015,TV-14,2019,3,124.0,,Dramas
MOVIE,No Other Woman,Ruel S. Bayani,Philippines,2011,TV-MA,2019,3,103.0,,Dramas
MOVIE,River's Edge,Isao Yukisada,Japan,2018,TV-MA,2019,3,118.0,,Dramas
MOVIE,Weapon of Choice,Fritz Ofner,Austria,2018,TV-MA,2019,3,89.0,,Documentaries
MOVIE,"2,215",Nottapon Boonprakob,Thailand,2018,TV-MA,2019,3,89.0,,Documentaries
MOVIE,BNK48: Girls Don't Cry,Nawapol Thamrongrattanarit,Thailand,2018,TV-14,2019,3,108.0,,Documentaries
MOVIE,Budapest,Xavier Gens,France,2018,TV-MA,2019,3,103.0,,Comedies
MOVIE,Sarkar,A.R. Murugadoss,India,2018,TV-MA,2019,3,162.0,,Action & Adventure
MOVIE,Sarvam Thaala Mayam (Tamil Version),Rajiv Menon,India,2018,TV-14,2019,3,131.0,,Dramas
MOVIE,Pants on Fire,Jonathan A. Rosenbaum,Canada,2014,TV-G,2019,3,87.0,,Children & Family Movies
MOVIE,Paranormal Investigation,Franck Phelizon,United States,2018,TV-14,2019,3,93.0,,Horror Movies
MOVIE,Radio Rebel,Peter Howitt,United States,2012,TV-G,2019,3,90.0,,Children & Family Movies
MOVIE,The Boy Who Harnessed the Wind,Chiwetel Ejiofor,United Kingdom,2019,TV-PG,2019,3,114.0,,Children & Family Movies
MOVIE,The Last Runway,"Rodrigo Salomón, Pietro Scappini",Paraguay,2018,TV-MA,2019,3,107.0,,Action & Adventure
MOVIE,The Spiderwick Chronicles,Mark Waters,United States,2008,PG,2019,3,97.0,,Children & Family Movies
MOVIE,Your Son,Miguel Ángel Vivas,Spain,2018,TV-MA,2019,3,103.0,,Dramas
MOVIE,Quién te cantará,Carlos Vermut,Spain,2018,TV-MA,2019,2,125.0,,Dramas
MOVIE,A Second Chance,Cathy Garcia-Molina,Philippines,2015,TV-MA,2019,2,130.0,,Dramas
MOVIE,Beauty and the Bestie,Wenn V. Deramas,Philippines,2015,TV-14,2019,2,119.0,,Action & Adventure
MOVIE,Bride For Rent,Mae Czarina Cruz,Philippines,2014,TV-PG,2019,2,110.0,,Comedies
MOVIE,Can't Help Falling in Love,Mae Czarina Cruz,Philippines,2017,TV-14,2019,2,120.0,,Comedies
MOVIE,Evening Shadows,Sridhar Rangayan,India,2018,TV-PG,2019,2,102.0,,Dramas
MOVIE,Four Sisters and a Wedding,Cathy Garcia-Molina,Philippines,2013,TV-14,2019,2,125.0,,Comedies
MOVIE,It Takes a Man and a Woman,Cathy Garcia-Molina,Philippines,2013,TV-PG,2019,2,127.0,,Comedies
MOVIE,My Ex & Whys,Cathy Garcia-Molina,Philippines,2017,TV-14,2019,2,121.0,,Comedies
MOVIE,She's Dating the Gangster,Cathy Garcia-Molina,Philippines,2014,TV-14,2019,2,113.0,,Dramas
MOVIE,The Breakup Playlist,Dan Villegas,Philippines,2015,TV-MA,2019,2,118.0,,Dramas
MOVIE,The Mistress,Olivia M. Lamasan,Philippines,2012,TV-MA,2019,2,132.0,,Dramas
MOVIE,Zach Galifianakis: Live at the Purple Onion,Michael Blieden,United States,2006,TV-MA,2019,2,61.0,,Stand-Up Comedy
MOVIE,Life of An Outcast,Pawan K Shrivastava,India,2018,TV-PG,2019,2,80.0,,Dramas
MOVIE,The Photographer Of Mauthausen,Mar Targarona,Spain,2018,TV-MA,2019,2,110.0,,Dramas
MOVIE,Firebrand,Aruna Raje,India,2019,TV-MA,2019,2,117.0,,Dramas
MOVIE,Paddleton,Alex Lehmann,United States,2019,TV-MA,2019,2,89.0,,Comedies
MOVIE,Paris Is Us,Elisabeth Vogler,France,2019,TV-MA,2019,2,84.0,,Dramas
MOVIE,Shonar Pahar,Parambrata Chatterjee,India,2018,TV-PG,2019,2,131.0,,Dramas
MOVIE,The Drug King,Woo Min-ho,South Korea,2018,TV-MA,2019,2,139.0,,Dramas
MOVIE,Kevin James: Sweat the Small Stuff,Paul Miller,United States,2001,TV-PG,2019,2,42.0,,Stand-Up Comedy
MOVIE,Transformer,Michael Del Monte,Canada,2017,TV-MA,2019,2,79.0,,Documentaries
MOVIE,Genius,Suseenthiran,India,2018,TV-14,2019,2,96.0,,Dramas
MOVIE,Black Sea,Kevin MacDonald,United Kingdom,2015,R,2019,2,114.0,,Action & Adventure
MOVIE,Studio 54,Matt Tyrnauer,United States,2018,TV-MA,2019,2,99.0,,Documentaries
MOVIE,Awe,Prasanth Varma,India,2018,TV-MA,2019,2,111.0,,Dramas
MOVIE,Ayana,Gangadhar Salimath,India,2017,TV-MA,2019,2,112.0,,Dramas
MOVIE,Behind the Curve,Daniel J. Clark,United States,2018,TV-14,2019,2,96.0,,Documentaries
MOVIE,Buddies,Marcelo Galvão,Brazil,2012,TV-MA,2019,2,103.0,,Comedies
MOVIE,Candyflip,Shanawaz Nellikunnil,India,2017,TV-MA,2019,2,104.0,,Dramas
MOVIE,Chameli,Sudhir Mishra,India,2004,TV-14,2019,2,102.0,,Dramas
MOVIE,Fatso,Rajat Kapoor,India,2012,TV-14,2019,2,97.0,,Comedies
TV SHOW,Hjørdis,Lars Kaalund,Denmark,2015,TV-MA,2019,2,,1.0,International Tv Shows
MOVIE,Neevevaro,Hari Nath,India,2018,TV-14,2019,2,132.0,,Dramas
MOVIE,Pyaar Ke Side Effects,Saket Chaudhary,India,2006,TV-MA,2019,2,120.0,,Comedies
MOVIE,Sur: The Melody of Life,Tanuja Chandra,India,2002,TV-14,2019,2,137.0,,Dramas
MOVIE,The Breaker Upperers,"Jackie van Beek, Madeleine Sami",New Zealand,2018,TV-MA,2019,2,82.0,,Comedies
MOVIE,Ugly Aur Pagli,Sachin Kamlakar Khot,India,2008,TV-14,2019,2,115.0,,Comedies
MOVIE,Yucatán,Daniel Monzón,Spain,2018,TV-MA,2019,2,130.0,,Comedies
MOVIE,"Ken Jeong: You Complete Me, Ho",Jon M. Chu,United States,2019,TV-MA,2019,2,62.0,,Stand-Up Comedy
MOVIE,Period. End of Sentence.,Rayka Zehtabchi,United States,2018,TV-PG,2019,2,,,Documentaries
MOVIE,High Flying Bird,Steven Soderbergh,United States,2019,TV-MA,2019,2,91.0,,Dramas
MOVIE,Kevin Hart's Guide to Black History,Tom Stern,United States,2019,TV-PG,2019,2,63.0,,Children & Family Movies
MOVIE,ReMastered: The Two Killings of Sam Cooke,Kelly Duane de la Vega,United States,2019,TV-MA,2019,2,74.0,,Documentaries
MOVIE,The Tree of Blood,Julio Medem,Spain,2018,TV-MA,2019,2,136.0,,Dramas
MOVIE,"Ray Romano: Right Here, Around the Corner",Michael Showalter,United States,2019,TV-MA,2019,2,59.0,,Stand-Up Comedy
MOVIE,Await Further Instructions,Johnny Kevorkian,United Kingdom,2018,TV-MA,2019,2,91.0,,Horror Movies
MOVIE,Manusangada,Amshan Kumar,India,2017,TV-14,2019,2,93.0,,Dramas
MOVIE,14 Minutes from Earth,"Adam Davis, Jerry Kolber, Trey Nelson, Erich Sturm",United States,2016,TV-MA,2019,2,84.0,,Documentaries
MOVIE,Dear Ex,"Hsu Chih-yen, Mag Hsu",Taiwan,2018,TV-MA,2019,2,100.0,,Comedies
MOVIE,Lego DC Comics: Batman Be-Leaguered,Rick Morales,United States,2014,TV-Y7,2019,2,,,Movies
MOVIE,LEGO Marvel Super Heroes: Black Panther,Michael D. Black,United States,2018,TV-Y7,2019,2,,,Children & Family Movies
MOVIE,Abducted in Plain Sight,Skye Borgman,United States,2017,TV-14,2019,1,90.0,,Documentaries
MOVIE,Gabriel Fluffy Iglesias: One Show Fits All,Manny Rodriguez,United States,2019,TV-14,2019,1,91.0,,Stand-Up Comedy
MOVIE,Velvet Buzzsaw,Dan Gilroy,United States,2019,R,2019,2,113.0,,Dramas
MOVIE,Hantu Kak Limah,Mamat Khalid,Malaysia,2018,TV-PG,2019,1,110.0,,Comedies
MOVIE,Love Off the Cuff,Pang Ho-cheung,China,2017,TV-MA,2019,1,120.0,,Comedies
MOVIE,Maharaja: The Story of Ranjit Singh,Amarjit Virdi,Not Given,2010,TV-14,2019,1,56.0,,Dramas
MOVIE,Virsa,Pankaj Batra,India,2010,TV-14,2019,1,127.0,,Dramas
MOVIE,Bhasmasur,Nishil Sheth,India,2017,TV-14,2019,1,74.0,,Dramas
MOVIE,High Society,Byun Hyuk,South Korea,2018,TV-MA,2019,1,137.0,,Dramas
MOVIE,Up Among  The Stars,Zoe Berriatúa,Spain,2018,TV-MA,2019,1,86.0,,Dramas
MOVIE,Habibie & Ainun,Faozan Rizal,Indonesia,2012,TV-14,2019,1,125.0,,Dramas
MOVIE,Nathicharami,Mansore,India,2018,TV-MA,2019,1,114.0,,Dramas
MOVIE,Rudy Habibie,Hanung Bramantyo,Indonesia,2016,TV-14,2019,1,143.0,,Dramas
MOVIE,Surga Yang Tak Dirindukan,Kuntz Agus,Indonesia,2015,TV-14,2019,1,121.0,,Dramas
MOVIE,Surga Yang Tak Dirindukan 2,"Hanung Bramantyo, Meisa Felaroze",Indonesia,2017,TV-14,2019,1,119.0,,Dramas
MOVIE,Alt-Right: Age of Rage,Adam Bhala Lough,Not Given,2018,TV-MA,2019,1,106.0,,Documentaries
MOVIE,Goyo: The Boy General,Jerrold Tarog,Philippines,2018,TV-MA,2019,1,150.0,,Dramas
MOVIE,Animas,"Laura Alvea, José Ortuño",Spain,2018,TV-MA,2019,1,88.0,,Horror Movies
MOVIE,Mi Obra Maestra,Gastón Duprat,Argentina,2018,TV-MA,2019,1,105.0,,Comedies
MOVIE,Just Love,"Andy Caballero, Diego Corsini",Argentina,2018,TV-MA,2019,1,96.0,,Dramas
TV SHOW,Innocent,Seren Yüce,Turkey,2017,TV-MA,2019,1,,1.0,Crime Tv Shows
MOVIE,FYRE: The Greatest Party That Never Happened,Chris Smith,United States,2019,TV-MA,2019,1,98.0,,Documentaries
MOVIE,IO,Jonathan Helpert,United States,2019,TV-14,2019,1,96.0,,Dramas
MOVIE,Old Lord Savanna,André D'Elia,Brazil,2018,TV-14,2019,1,96.0,,Documentaries
MOVIE,Patria,Matías Gueilburt,Mexico,2019,TV-MA,2019,1,90.0,,Documentaries
MOVIE,Soni,Ivan Ayr,India,2018,TV-MA,2019,1,97.0,,Dramas
MOVIE,"Abdullah, The Final Witness",Hashim Nadeem Khan,Pakistan,2016,TV-14,2019,1,88.0,,Dramas
MOVIE,Echcharikkai,Sarjun,India,2018,TV-14,2019,1,127.0,,International Movies
MOVIE,Pandigai,Feroz,India,2017,TV-MA,2019,1,125.0,,Action & Adventure
MOVIE,Pari,Syed Atif Ali,Pakistan,2018,TV-14,2019,1,116.0,,Horror Movies
MOVIE,Revenger,Lee Seung-won,South Korea,2018,TV-MA,2019,1,102.0,,Action & Adventure
MOVIE,Sebastian Maniscalco: Stay Hungry,Rik Reinholdtsen,United States,2019,TV-MA,2019,1,65.0,,Stand-Up Comedy
MOVIE,The Doll,Rocky Soraya,Indonesia,2016,TV-MA,2019,1,106.0,,Horror Movies
MOVIE,The Doll 2,Rocky Soraya,Indonesia,2017,TV-MA,2019,1,117.0,,Horror Movies
MOVIE,Baazaar,Gauravv K Chawla,India,2018,TV-MA,2019,1,136.0,,Dramas
MOVIE,All of You,Dan Villegas,Philippines,2017,TV-MA,2019,1,104.0,,Comedies
MOVIE,ReMastered: Massacre at the Stadium,Bent-Jorgen Perlmutt,United States,2019,TV-MA,2019,1,65.0,,Documentaries
MOVIE,Solo,Hugo Stuven,Spain,2018,TV-MA,2019,1,91.0,,Dramas
MOVIE,The Last Laugh,Greg Pritikin,United States,2019,TV-MA,2019,1,99.0,,Comedies
MOVIE,El Potro: Unstoppable,Lorena Munoz,Not Given,2018,TV-MA,2019,1,122.0,,Dramas
MOVIE,GODZILLA The Planet Eater,"Kobun Shizuno, Hiroyuki Seshita",Japan,2018,TV-PG,2019,1,91.0,,Action & Adventure
MOVIE,Next Enti?,Kunal Kohli,India,2018,TV-14,2019,1,117.0,,Comedies
MOVIE,Komola Rocket,Noor Imran Mithu,Bangladesh,2018,TV-14,2019,1,95.0,,Dramas
MOVIE,Nang Nak,Nonzee Nimibutr,Thailand,1999,TV-MA,2019,1,101.0,,Horror Movies
MOVIE,And Breathe Normally,Ísold Uggadóttir,Iceland,2018,TV-14,2019,1,102.0,,Dramas
MOVIE,Lionheart,Genevieve Nnaji,Nigeria,2018,TV-PG,2019,1,95.0,,Comedies
MOVIE,Monty Python and the Holy Grail,"Terry Gilliam, Terry Jones",United Kingdom,1975,PG,2019,1,92.0,,Action & Adventure
MOVIE,Back to the 90s,Yanyong Kuruaungkoul,Thailand,2015,TV-14,2019,1,111.0,,Comedies
MOVIE,Merku Thodarchi Malai,Lenin Bharathi,India,2018,TV-MA,2019,1,115.0,,Dramas
MOVIE,Moshe Kasher: Live in Oakland,Jay Chapman,United States,2012,TV-MA,2019,1,61.0,,Stand-Up Comedy
MOVIE,Pokémon the Movie: I Choose You!,Kunihiko Yuyama,Japan,2017,TV-Y7,2019,1,97.0,,Anime Features
MOVIE,Puriyatha Puthir,Ranjit Jeyakodi,India,2017,TV-MA,2019,1,120.0,,International Movies
MOVIE,Taramani,Ram,India,2017,TV-MA,2019,1,148.0,,Dramas
MOVIE,Taylor Swift reputation Stadium Tour,Paul Dugdale,United Kingdom,2018,TV-PG,2018,12,125.0,,Music & Musicals
MOVIE,Gina Yashere: Laughing to America,Paul M. Green,Not Given,2013,TV-MA,2018,12,68.0,,Stand-Up Comedy
MOVIE,Whitney Cummings: Money Shot,John Fortenberry,United States,2010,TV-MA,2019,1,48.0,,Stand-Up Comedy
MOVIE,Bill Hicks: One Night Stand,John Fortenberry,United Kingdom,1991,TV-MA,2018,12,,,Stand-Up Comedy
MOVIE,Bill Hicks: Relentless,Chris Bould,United Kingdom,1992,TV-MA,2018,12,61.0,,Stand-Up Comedy
MOVIE,Bill Hicks: Revelations,Chris Bould,United Kingdom,1993,TV-MA,2018,12,56.0,,Stand-Up Comedy
MOVIE,Bill Hicks: Sane Man,"Kevin Booth, David Johndrow",United States,1989,TV-MA,2018,12,81.0,,Stand-Up Comedy
MOVIE,Mexicanos de Bronce,Julio Fernández Talamantes,Mexico,2016,TV-MA,2018,12,100.0,,Documentaries
MOVIE,Sam Kinison: Breaking the Rules,Walter C. Miller,United States,1987,TV-MA,2018,12,50.0,,Stand-Up Comedy
MOVIE,Sam Kinison: Family Entertainment Hour,Walter C. Miller,United States,1991,TV-MA,2018,12,49.0,,Stand-Up Comedy
MOVIE,Sam Kinison: Live in Vegas,Walter C. Miller,United States,1991,TV-MA,2018,12,71.0,,Stand-Up Comedy
MOVIE,The Seven Deadly Sins the Movie: Prisoners of the Sky,Noriyuki Abe,Japan,2018,TV-14,2018,12,100.0,,Action & Adventure
MOVIE,Tim Allen: Men Are Pigs,Ellen Brown,United States,1990,TV-MA,2018,12,,,Stand-Up Comedy
MOVIE,Tim Minchin And The Heritage Orchestra Live,Matt Askem,United Kingdom,2011,TV-MA,2018,12,146.0,,Music & Musicals
MOVIE,Tim Minchin: So F**king Rock,Matt Askem,United Kingdom,2008,TV-MA,2018,12,127.0,,Music & Musicals
MOVIE,Todd Glass: Stand-Up Special,Jay Chapman,United States,2012,TV-MA,2018,12,46.0,,Stand-Up Comedy
MOVIE,Tom Papa Live in New York City,Rob Zombie,United States,2011,TV-14,2018,12,57.0,,Stand-Up Comedy
TV SHOW,Tidying Up with Marie Kondo,Not Given,United States,2019,TV-PG,2019,1,,1.0,Reality Tv
MOVIE,A Twelve Year Night,Álvaro Brechner,Uruguay,2018,TV-MA,2018,12,122.0,,Dramas
MOVIE,Life Ki Toh Lag Gayi,Rakesh Mehta,India,2012,TV-MA,2018,12,109.0,,Action & Adventure
MOVIE,When Angels Sleep,Gonzalo Bendala,Spain,2018,TV-MA,2018,12,96.0,,Dramas
TV SHOW,Watership Down,Noam Murro,United Kingdom,2018,TV-PG,2018,12,,1.0,British Tv Shows
MOVIE,The Birth Reborn 3,Eduardo Chauvet,Not Given,2018,TV-14,2018,12,73.0,,Documentaries
MOVIE,Bad Seeds,Kheiron,France,2018,TV-MA,2018,12,105.0,,Comedies
MOVIE,Bird Box,Susanne Bier,United States,2018,R,2018,12,124.0,,Dramas
MOVIE,Struggle: The Life and Lost Art of Szukalski,Irek Dobrowolski,Poland,2018,TV-MA,2018,12,105.0,,Documentaries
MOVIE,23:59,Gilbert Chan,Singapore,2011,R,2018,12,78.0,,Horror Movies
MOVIE,Aggretsuko: We Wish You a Metal Christmas,Rarecho,Japan,2018,TV-PG,2018,12,,,Movies
MOVIE,Imperfect,Steve Cheng,Singapore,2012,TV-MA,2018,12,95.0,,Action & Adventure
MOVIE,Lang Tong,Sam Loh,Singapore,2015,TV-MA,2018,12,82.0,,International Movies
MOVIE,Miss J Contemplates Her Choice,Jason Lai,Singapore,2014,TV-MA,2018,12,89.0,,Dramas
MOVIE,Ascharyachakit!,Samit Kakkad,India,2018,TV-MA,2018,12,90.0,,Dramas
TV SHOW,Ellen DeGeneres: Relatable,"Joel Gallen, Tig Notaro",United States,2018,TV-MA,2018,12,,1.0,Stand-Up Comedy & Talk Shows
MOVIE,Lilli,Prasobh Vijayan,India,2018,TV-MA,2018,12,85.0,,Dramas
MOVIE,Prince of Peoria: A Christmas Moose Miracle,Jon Rosenbaum,United States,2018,TV-G,2018,12,,,Children & Family Movies
MOVIE,Andhadhun,Sriram Raghavan,India,2018,TV-14,2018,12,137.0,,Comedies
MOVIE,Dragons: Dawn of the Dragon Racers,"Elaine Bogan, John Sanford",United States,2014,TV-PG,2018,12,,,Children & Family Movies
MOVIE,Kill the Messenger,Michael Cuesta,United States,2014,R,2018,12,112.0,,Dramas
MOVIE,Maps to the Stars,David Cronenberg,Canada,2014,R,2018,12,112.0,,Comedies
MOVIE,Springsteen on Broadway,Thom Zimny,United States,2018,TV-MA,2018,12,153.0,,Music & Musicals
MOVIE,The Theory of Everything,James Marsh,United Kingdom,2014,PG-13,2018,12,123.0,,Dramas
MOVIE,F.R.E.D.I.,Sean Olson,United States,2018,TV-PG,2018,12,90.0,,Children & Family Movies
MOVIE,Kita Kita,Sigrid Andrea Bernardo,Philippines,2017,TV-14,2018,12,84.0,,Comedies
MOVIE,Once in a Lifetime Sessions with Kasabian,Matt Askem,United States,2018,TV-MA,2018,12,79.0,,Documentaries
MOVIE,Once in a Lifetime Sessions with Snow Patrol,Matt Askem,United States,2018,TV-MA,2018,12,83.0,,Documentaries
MOVIE,Sad Hill Unearthed,Guillermo de Oliveira,Spain,2017,TV-14,2018,12,83.0,,Documentaries
MOVIE,Vanjagar Ulagam,Manoj Beedha,India,2018,TV-MA,2018,12,145.0,,Dramas
MOVIE,ROMA,Alfonso Cuarón,Mexico,2018,R,2018,12,135.0,,Dramas
MOVIE,ReMastered: Who Killed Jam Master Jay?,Brian Oakes,United States,2018,TV-MA,2018,12,59.0,,Documentaries
MOVIE,RUSSELL BRAND: RE:BIRTH,Chris Howe,United Kingdom,2018,TV-MA,2018,12,63.0,,Stand-Up Comedy
MOVIE,"Out of Many, One","John Hoffman, Nanfu Wang",United States,2018,TV-PG,2018,12,35.0,,Documentaries
MOVIE,Vir Das: Losing It,Marcus Raboy,United States,2018,TV-MA,2018,12,68.0,,Stand-Up Comedy
MOVIE,5 Star Christmas,Marco Risi,Italy,2018,TV-14,2018,12,96.0,,Comedies
MOVIE,Free Rein: The Twelve Neighs of Christmas,Marek Losey,Not Given,2018,TV-G,2018,12,58.0,,Children & Family Movies
MOVIE,Dumplin',Anne Fletcher,United States,2018,PG-13,2018,12,110.0,,Comedies
MOVIE,Mowgli: Legend of the Jungle,Andy Serkis,United Kingdom,2018,PG-13,2018,12,105.0,,Action & Adventure
MOVIE,Super Monsters and the Wish Star,Jacob Joice,Not Given,2018,TV-Y,2018,12,,,Children & Family Movies
TV SHOW,Pine Gap,Mat King,Australia,2018,TV-MA,2018,12,,1.0,International Tv Shows
MOVIE,The American Meme,Bert Marcus,United States,2018,TV-MA,2018,12,98.0,,Documentaries
MOVIE,Teefa in Trouble,Ahsan Rahim,Pakistan,2018,TV-14,2018,12,155.0,,Action & Adventure
MOVIE,A Beautiful Life,Andrew Lau Wai-Keung,China,2011,TV-14,2018,12,122.0,,Dramas
MOVIE,Accident,Cheang Pou Soi,Hong Kong,2009,TV-MA,2018,12,87.0,,International Movies
MOVIE,"Ayotzinapa, el paso de la tortuga",Enrique García Meza,Mexico,2018,TV-MA,2018,12,73.0,,Documentaries
MOVIE,Battle,Katarina Launing,Norway,2018,TV-MA,2018,12,98.0,,Dramas
MOVIE,Blind Detective,Johnnie To,Hong Kong,2013,TV-MA,2018,12,130.0,,Action & Adventure
MOVIE,Break Up 100,Lawrence Cheng,Hong Kong,2014,TV-14,2018,12,105.0,,Comedies
MOVIE,Chal Bhaag,Prakash Balwant Saini,India,2014,TV-14,2018,12,110.0,,Comedies
MOVIE,Crossroads: One Two Jaga,Nam Ron,Malaysia,2018,TV-14,2018,12,81.0,,Dramas
MOVIE,Don't Go Breaking My Heart,Johnnie To,Hong Kong,2011,TV-PG,2018,12,115.0,,Comedies
MOVIE,Don't Go Breaking My Heart 2,Johnnie To,Hong Kong,2014,TV-14,2018,12,113.0,,Comedies
MOVIE,Faraar,Baljit Singh Deo,Australia,2015,TV-14,2018,12,146.0,,Action & Adventure
MOVIE,Helios,"Leung Lok Man, Luk Kim-ching",Hong Kong,2015,TV-14,2018,12,118.0,,Action & Adventure
MOVIE,Line Walker,Jazz Boon,China,2016,TV-MA,2018,12,109.0,,Action & Adventure
MOVIE,Look for a Star,Andrew Lau Wai-Keung,Hong Kong,2009,TV-14,2018,12,117.0,,Comedies
MOVIE,Once a Gangster,Felix Chong,Hong Kong,2010,TV-MA,2018,12,95.0,,Action & Adventure
MOVIE,Power Paandi,Dhanush,India,2017,TV-MA,2018,12,124.0,,Dramas
MOVIE,SDU: Sex Duties Unit,Gary Mak,Hong Kong,2013,TV-MA,2018,12,96.0,,Comedies
MOVIE,Set Off,Liu Jiang,China,2008,TV-MA,2018,12,96.0,,Dramas
MOVIE,A Christmas Prince: The Royal Wedding,John Schultz,United States,2018,TV-PG,2018,11,93.0,,Children & Family Movies
MOVIE,Angela's Christmas,Damien O’Connor,Ireland,2018,TV-Y,2018,11,,,Children & Family Movies
MOVIE,El club de los insomnes,"Joseduardo Giordano, Sergio Goyri Jr.",Mexico,2018,TV-MA,2018,11,82.0,,Dramas
MOVIE,Happy as Lazzaro,Alice Rohrwacher,Italy,2018,PG-13,2018,11,127.0,,Dramas
MOVIE,Manto,Nandita Das,India,2018,TV-MA,2018,11,114.0,,Dramas
MOVIE,Rajma Chawal,Leena Yadav,India,2018,TV-MA,2018,11,119.0,,Comedies
MOVIE,The World Is Yours,Romain Gavras,France,2018,TV-MA,2018,11,101.0,,Action & Adventure
MOVIE,Time Share,Sebastián Hofmann,Mexico,2018,TV-MA,2018,11,96.0,,Dramas
MOVIE,My Little Pony Friendship Is Magic: Best Gift Ever,"Denny Lu, Mike Myhre",United States,2018,TV-Y,2018,11,44.0,,Children & Family Movies
MOVIE,The Christmas Chronicles,Clay Kaytis,United States,2018,TV-PG,2018,11,104.0,,Children & Family Movies
MOVIE,The Tribe,Fernando Colomo,Spain,2018,TV-MA,2018,11,91.0,,Comedies
MOVIE,Puppy Star Christmas,Robert Vince,United States,2018,PG,2018,11,91.0,,Children & Family Movies
MOVIE,Sabrina,Rocky Soraya,Indonesia,2018,TV-MA,2018,11,114.0,,Horror Movies
MOVIE,Target,Raditya Dika,Indonesia,2018,TV-14,2018,11,91.0,,Comedies
MOVIE,Trevor Noah: Son of Patricia,David Paul Meyer,United States,2018,TV-MA,2018,11,64.0,,Stand-Up Comedy
MOVIE,The Pixar Story,Leslie Iwerks,United States,2007,G,2018,11,89.0,,Documentaries
MOVIE,Cam,Daniel Goldhaber,United States,2018,TV-MA,2018,11,95.0,,Horror Movies
MOVIE,Nothing to Hide,Fred Cavayé,France,2018,TV-MA,2018,11,94.0,,Comedies
MOVIE,The Ballad of Buster Scruggs,"Joel Coen, Ethan Coen",United States,2018,R,2018,11,133.0,,Comedies
MOVIE,Aalorukkam,V C Abhilash,India,2018,TV-PG,2018,11,122.0,,Dramas
MOVIE,Loudon Wainwright III: Surviving Twin,Christopher Guest,United States,2018,TV-14,2018,11,92.0,,Music & Musicals
MOVIE,Christmas Wedding Planner,Justin G. Dyck,Canada,2017,PG,2018,11,86.0,,Comedies
MOVIE,Halkaa,Nila Madhab Panda,India,2018,TV-14,2018,11,111.0,,Comedies
MOVIE,May the Devil Take You,Timo Tjahjanto,Indonesia,2018,TV-MA,2018,11,111.0,,Horror Movies
MOVIE,Muzaffarnagar Baaqi Hai,Nakul Singh Sawhney,India,2015,TV-MA,2018,11,136.0,,Documentaries
MOVIE,Odu Raja Odu,"Nishanth Ravindaran, Jathin Sanker Raj",India,2018,TV-14,2018,11,121.0,,Comedies
MOVIE,Savita Damodar Paranjpe,Swapna Waghmare Joshi,India,2018,TV-14,2018,11,119.0,,Horror Movies
MOVIE,The Giant,"Aitor Arregi, Jon Garaño",Spain,2017,TV-14,2018,11,115.0,,Dramas
MOVIE,BuyBust,Erik Matti,Philippines,2018,TV-MA,2018,11,128.0,,Action & Adventure
MOVIE,"All's Well, End's Well (2009)",Vincent Kok,Hong Kong,2009,TV-14,2018,11,99.0,,Comedies
MOVIE,Lommbock,Christian Zübert,Germany,2017,TV-MA,2018,11,106.0,,Comedies
MOVIE,Outlaw King,David Mackenzie,United Kingdom,2018,R,2018,11,122.0,,Action & Adventure
MOVIE,Bucket List,Tejas Prabha Vijay Deoskar,India,2018,TV-14,2018,11,129.0,,Dramas
MOVIE,Ana e Vitória,Matheus Souza,Brazil,2018,TV-MA,2018,11,116.0,,Comedies
MOVIE,ReMastered: Tricky Dick & The Man in Black,Sara Dosa,United States,2018,TV-14,2018,11,59.0,,Documentaries
MOVIE,The Holiday Calendar,Bradley Walsh,United States,2018,TV-G,2018,11,95.0,,Dramas
MOVIE,The Other Side of the Wind,Orson Welles,France,2018,R,2018,11,122.0,,Classic Movies
MOVIE,They’ll Love Me When I’m Dead,Morgan Neville,United States,2018,TV-MA,2018,11,98.0,,Documentaries
MOVIE,Aagey Se Right,Indrajit Nattoji,India,2009,TV-14,2018,11,117.0,,Comedies
MOVIE,Aamir,Raj Kumar Gupta,India,2008,TV-14,2018,11,95.0,,International Movies
MOVIE,ABCD 2,Remo D'Souza,India,2015,TV-14,2018,11,146.0,,Dramas
MOVIE,ABCD: Any Body Can Dance,Remo D'Souza,India,2013,TV-14,2018,11,136.0,,Dramas
MOVIE,Arjun: The Warrior Prince,Arnab Chaudhuri,India,2011,TV-14,2018,11,91.0,,Action & Adventure
MOVIE,Asees,Rana Ranbir,India,2018,TV-14,2018,11,123.0,,Dramas
MOVIE,Barfi!,Anurag Basu,India,2012,TV-14,2018,11,144.0,,Comedies
MOVIE,Chance Pe Dance,Ken Ghosh,India,2010,TV-14,2018,11,121.0,,Comedies
MOVIE,Christmas With A View,Justin G. Dyck,Canada,2018,TV-PG,2018,11,91.0,,International Movies
MOVIE,Chup Chup Ke,"Priyadarshan, Kookie V. Gulati",India,2006,TV-14,2018,11,158.0,,Comedies
MOVIE,Dhan Dhana Dhan Goal,Vivek Agnihotri,United Kingdom,2007,TV-14,2018,11,157.0,,Dramas
MOVIE,Dhoondte Reh Jaoge,Umesh Shukla,India,2009,TV-14,2018,11,124.0,,Comedies
MOVIE,Do Dooni Chaar,Habib Faisal,India,2010,TV-PG,2018,11,106.0,,Comedies
MOVIE,Edge of Fear,Bobby Roth,United States,2018,TV-MA,2018,11,92.0,,Independent Movies
MOVIE,"Edmilson Filho: Notas, Comedy about Relationships",Halder Gomes,Brazil,2017,TV-MA,2018,11,80.0,,Stand-Up Comedy
MOVIE,Gaddar: the Traitor,Amitoj Mann,India,2015,TV-14,2018,11,126.0,,Dramas
MOVIE,Ghanchakkar,Raj Kumar Gupta,India,2013,TV-MA,2018,11,129.0,,Comedies
MOVIE,Grandmaster,B. Unnikrishnan,India,2012,TV-14,2018,11,133.0,,International Movies
MOVIE,Hattrick,Milan Luthria,India,2007,TV-14,2018,11,109.0,,Comedies
MOVIE,Heroine,Madhur Bhandarkar,India,2012,TV-MA,2018,11,143.0,,Dramas
MOVIE,Himmatwala,Sajid Khan,India,2013,TV-14,2018,11,140.0,,Action & Adventure
MOVIE,Husbands in Goa,Saji Surendran,India,2012,TV-14,2018,11,150.0,,Comedies
MOVIE,Jatts in Golmaal,Ksshitij Chaudhary,India,2013,TV-PG,2018,11,128.0,,Comedies
MOVIE,Kai Po Che!,Abhishek Kapoor,India,2013,TV-MA,2018,11,120.0,,Dramas
MOVIE,Kalakalappu,Sundar C.,India,2012,TV-14,2018,11,154.0,,Comedies
MOVIE,Katt Williams: The Pimp Chronicles: Pt. 1,Gary Binkow,United States,2006,TV-MA,2018,11,45.0,,Stand-Up Comedy
MOVIE,Katti Batti,Nikhil Advani,India,2015,TV-14,2018,11,132.0,,Comedies
MOVIE,Life in a ... Metro,Anurag Basu,India,2007,TV-14,2018,11,126.0,,Dramas
MOVIE,Marc Maron: Thinky Pain,Lance Bangs,United States,2013,TV-MA,2018,11,95.0,,Stand-Up Comedy
MOVIE,Mumbai Meri Jaan,Nishikant Kamat,India,2008,TV-MA,2018,11,135.0,,Dramas
MOVIE,Mundeyan Ton Bachke Rahin,Navinder Pal Singh,India,2014,TV-14,2018,11,139.0,,Comedies
MOVIE,No One Killed Jessica,Raj Kumar Gupta,India,2011,TV-MA,2018,11,131.0,,Dramas
MOVIE,Oye Lucky! Lucky Oye!,Dibakar Banerjee,India,2008,TV-14,2018,11,118.0,,Comedies
MOVIE,Paan Singh Tomar,Tigmanshu Dhulia,India,2010,TV-14,2018,11,129.0,,Action & Adventure
MOVIE,Raja Natwarlal,Kunal Deshmukh,India,2014,TV-14,2018,11,131.0,,Dramas
MOVIE,Satyagraha,Prakash Jha,India,2013,TV-14,2018,11,146.0,,Dramas
MOVIE,Settai,R. Kannan,India,2013,TV-14,2018,11,123.0,,Comedies
MOVIE,Sigaram Thodu,Gaurav Narayanan,India,2014,TV-14,2018,11,141.0,,Dramas
MOVIE,Sommore: The Reign Continues,Kevin Layne,United States,2015,TV-MA,2018,11,93.0,,Stand-Up Comedy
MOVIE,The Untold Tales of Armistead Maupin,Jennifer M. Kroot,United States,2017,TV-MA,2018,11,91.0,,Documentaries
MOVIE,Vaya,Akin Omotoso,South Africa,2016,TV-MA,2018,11,106.0,,Dramas
MOVIE,Welcome to Sajjanpur,Shyam Benegal,India,2008,TV-14,2018,11,131.0,,Comedies
MOVIE,Zokkomon,Satyajit Bhatkal,India,2011,PG,2018,11,104.0,,Children & Family Movies
MOVIE,Gun City,Dani de la Torre,Spain,2018,TV-MA,2018,10,126.0,,Dramas
MOVIE,Heneral Luna,Jerrold Tarog,Philippines,2015,R,2018,10,118.0,,Dramas
MOVIE,Dragon Tiger Gate,Wilson Yip,Hong Kong,2006,TV-14,2018,10,94.0,,Action & Adventure
MOVIE,Dovlatov,Aleksey German,Russia,2018,PG-13,2018,10,126.0,,Dramas
MOVIE,Jefe,Sergio Barrejón,Spain,2018,TV-MA,2018,10,90.0,,Comedies
MOVIE,Shirkers,Sandi Tan,United States,2018,TV-14,2018,10,97.0,,Documentaries
MOVIE,W/O Ram,Vijay Yelakanti,India,2018,TV-MA,2018,10,115.0,,Dramas
MOVIE,Ronnie Coleman: The King,Vlad Yudin,United States,2018,TV-MA,2018,10,93.0,,Documentaries
MOVIE,ADAM SANDLER 100% FRESH,Steve Brill,United States,2018,TV-MA,2018,10,74.0,,Stand-Up Comedy
MOVIE,Scorpion King 5: Book of Souls,Don Michael Paul,United States,2018,PG-13,2018,10,102.0,,Action & Adventure
MOVIE,How to Get Over a Breakup,"Joanna Lombardi, Bruno Ascenzo",Peru,2018,TV-MA,2018,10,104.0,,Comedies
MOVIE,Vettai,N. Linguswamy,India,2012,TV-14,2018,10,156.0,,Action & Adventure
MOVIE,Been So Long,Tinge Krishnan,Not Given,2018,TV-MA,2018,10,100.0,,Dramas
MOVIE,Baahubali: The Beginning (English Version),S.S. Rajamouli,Not Given,2015,TV-14,2018,10,138.0,,Action & Adventure
MOVIE,"Club de Cuervos Presents: I, Potro",Marcos Bucay,Mexico,2018,TV-MA,2018,10,51.0,,Movies
MOVIE,Gnome Alone,Peter Lepeniotis,United Kingdom,2018,PG,2018,10,86.0,,Children & Family Movies
MOVIE,Illang: The Wolf Brigade,Kim Jee-woon,South Korea,2018,TV-MA,2018,10,140.0,,Action & Adventure
MOVIE,Naa Bangaaru Talli,Rajesh Touchriver,India,2013,TV-14,2018,10,122.0,,Dramas
MOVIE,S Storm,David Lam,Hong Kong,2016,TV-MA,2018,10,95.0,,Action & Adventure
MOVIE,The Night Comes for Us,Timo Tjahjanto,Indonesia,2018,TV-MA,2018,10,121.0,,Action & Adventure
MOVIE,Mr. Chandramouli,Thiru,India,2018,TV-MA,2018,10,131.0,,Dramas
MOVIE,"Ron White: If You Quit Listening, I'll Shut Up",Tom Forrest,United States,2018,TV-MA,2018,10,63.0,,Stand-Up Comedy
MOVIE,Meghnadbodh Rohoshyo,Anik Datta,India,2017,TV-MA,2018,10,150.0,,Dramas
MOVIE,Sanju,Rajkumar Hirani,India,2018,TV-MA,2018,10,159.0,,Dramas
MOVIE,Soorma,Shaad Ali,India,2018,TV-14,2018,10,131.0,,Dramas
MOVIE,Apostle,Gareth Evans,United Kingdom,2018,TV-MA,2018,10,130.0,,Horror Movies
TV SHOW,FIGHTWORLD,Padraic McKinley,Not Given,2018,TV-MA,2018,10,,1.0,Docuseries
MOVIE,Errementari: The Blacksmith and the Devil,Paul Urkijo Alijo,Spain,2018,TV-MA,2018,10,99.0,,Horror Movies
MOVIE,Feminists: What Were They Thinking?,Johanna Demetrakas,United States,2018,TV-MA,2018,10,86.0,,Documentaries
MOVIE,Kuntilanak,Rizal Mantovani,Indonesia,2018,TV-14,2018,10,106.0,,Horror Movies
MOVIE,ReMastered: Who Shot the Sheriff,Kief Davidson,United States,2018,TV-14,2018,10,57.0,,Documentaries
MOVIE,The Kindergarten Teacher,Sara Colangelo,United States,2018,R,2018,10,97.0,,Dramas
MOVIE,22-Jul,Paul Greengrass,Norway,2018,R,2018,10,144.0,,Dramas
MOVIE,Tales From the Hood 2,"Rusty Cundieff, Darin Scott",United States,2018,R,2018,10,110.0,,Cult Movies
MOVIE,Mo Amer: The Vagabond,Stan Lathan,United States,2018,TV-MA,2018,10,57.0,,Stand-Up Comedy
MOVIE,Pulang,Kabir Bhatia,Malaysia,2018,TV-14,2018,10,119.0,,Action & Adventure
MOVIE,Seven in Heaven,Chris Eigeman,United States,2018,PG-13,2018,10,94.0,,Horror Movies
MOVIE,Joe Rogan: Strange Times,Anthony Giordano,United States,2018,TV-MA,2018,10,64.0,,Stand-Up Comedy
MOVIE,Malevolent,Olaf de Fleur,United Kingdom,2018,TV-MA,2018,10,89.0,,Horror Movies
MOVIE,Private Life,Tamara Jenkins,United States,2018,R,2018,10,124.0,,Comedies
MOVIE,Monty Python Conquers America,Will Yapp,United Kingdom,2008,TV-MA,2018,10,55.0,,Documentaries
MOVIE,The Black Prince,Kavi Raz,United Kingdom,2017,PG-13,2018,10,121.0,,Dramas
MOVIE,Truth or Dare,Nick Simon,United States,2017,TV-MA,2018,10,88.0,,Horror Movies
MOVIE,Death Race: Beyond Anarchy,Don Michael Paul,United States,2017,R,2018,10,111.0,,Action & Adventure
MOVIE,Eric ldle's What About Dick?,"Eric Idle, Aubrey Powell",United States,2012,TV-MA,2018,10,81.0,,Comedies
MOVIE,"Monty Python Live (Mostly): One Down, Five to Go",Eric Idle,United Kingdom,2014,TV-MA,2018,10,137.0,,Comedies
MOVIE,Monty Python: Before the Flying Circus,Will Yapp,United Kingdom,2000,TV-MA,2018,10,56.0,,Comedies
MOVIE,Monty Python: Live at The Hollywood Bowl,"Terry Hughes, Ian MacNaughton",United Kingdom,1982,R,2018,10,80.0,,Comedies
MOVIE,Monty Python: The Meaning of Live,"Roger Graef, James Rogan",United Kingdom,2014,TV-MA,2018,10,94.0,,Documentaries
MOVIE,Dushman,Shagufta Rafique,Not Given,2017,TV-14,2018,10,141.0,,Dramas
MOVIE,Monty Python's Life of Brian,Terry Jones,United Kingdom,1979,R,2018,10,94.0,,Classic Movies
MOVIE,Freedom at Midnight,Tinu Pappachan,Not Given,2018,TV-MA,2018,10,135.0,,Dramas
MOVIE,Parrot Sketch Not Included: Twenty Years of Monty Python,Ian MacNaughton,United Kingdom,1989,TV-14,2018,10,72.0,,Comedies
MOVIE,The Meaning of Monty Python,Albert Sharpe,United Kingdom,2013,TV-MA,2018,10,60.0,,Documentaries
MOVIE,25 Kille,Simranjit Singh Hundal,India,2016,TV-14,2018,10,140.0,,Action & Adventure
MOVIE,A Witches' Ball,Justin G. Dyck,Canada,2017,PG,2018,10,91.0,,Children & Family Movies
MOVIE,Agyaat,Ram Gopal Varma,India,2009,TV-14,2018,10,97.0,,Horror Movies
MOVIE,Anjaan,N. Linguswamy,India,2014,TV-14,2018,10,146.0,,Action & Adventure
MOVIE,Bathinda Express,Deep Joshi,India,2016,TV-14,2018,10,118.0,,Dramas
MOVIE,Delhi 6,Rakeysh Omprakash Mehra,India,2009,TV-14,2018,10,128.0,,Dramas
MOVIE,Dev.D,Anurag Kashyap,India,2009,TV-MA,2018,10,137.0,,Dramas
MOVIE,Dil Vil Pyaar Vyaar,Manjeet Maan,India,2014,TV-PG,2018,10,145.0,,International Movies
MOVIE,Ek Main Aur Ekk Tu,Shakun Batra,India,2012,TV-14,2018,10,106.0,,Comedies
MOVIE,Haani,Amitoj Mann,India,2013,TV-14,2018,10,137.0,,Dramas
MOVIE,Happy Go Lucky,Amarpreet G S Chabbra,India,2014,TV-14,2018,10,129.0,,Comedies
MOVIE,Harishchandrachi Factory,Paresh Mokashi,India,2009,TV-PG,2018,10,99.0,,Dramas
TV SHOW,Hot Date,Not Given,United States,2018,TV-MA,2018,10,,1.0,Romantic Tv Shows
MOVIE,Jagga Jasoos,Anurag Basu,India,2017,TV-14,2018,10,155.0,,Action & Adventure
MOVIE,Jatt James Bond,Rohit Jugraj,India,2014,TV-14,2018,10,142.0,,Comedies
MOVIE,Jodhaa Akbar,Ashutosh Gowariker,India,2008,TV-14,2018,10,214.0,,Action & Adventure
MOVIE,Judge Singh LLB,Atharv Baluja,India,2015,TV-PG,2018,10,137.0,,Comedies
MOVIE,Kaminey,Vishal Bhardwaj,India,2009,TV-14,2018,10,128.0,,Dramas
MOVIE,Khido Khundi,Rohit Jugraj,India,2018,TV-14,2018,10,151.0,,Dramas
MOVIE,Khoobsurat,Shashanka Ghosh,India,2014,TV-14,2018,10,121.0,,Comedies
MOVIE,Kisaan,Puneet Sira,India,2009,TV-14,2018,10,101.0,,Action & Adventure
MOVIE,Kismat Konnection,Aziz Mirza,India,2008,TV-14,2018,10,145.0,,Comedies
MOVIE,Kurbaan,Renzil D'Silva,India,2009,TV-14,2018,10,147.0,,International Movies
MOVIE,Lock,Smeep Kang,India,2016,TV-14,2018,10,90.0,,Dramas
MOVIE,Luv Shuv Tey Chicken Khurana,Sameer Sharma,India,2012,TV-14,2018,10,129.0,,Comedies
MOVIE,"Main, Meri Patni Aur Woh",Chandan Arora,India,2005,TV-PG,2018,10,129.0,,Comedies
MOVIE,Manje Bistre,Baljit Singh Deo,India,2017,TV-14,2018,10,136.0,,Comedies
MOVIE,Motor Mitraan Di,Amitoj Mann,India,2016,TV-PG,2018,10,117.0,,Comedies
MOVIE,Mugamoodi,Mysskin,India,2012,TV-14,2018,10,150.0,,Action & Adventure
MOVIE,Muran,Rajan Madhav,India,2011,TV-14,2018,10,134.0,,Action & Adventure
MOVIE,My Friend Pinto,Raaghav Dar,India,2011,TV-14,2018,10,100.0,,Comedies
MOVIE,My Little Pony Equestria Girls: Forgotten Friendship,Ishi Rudell,United States,2018,TV-Y,2018,10,44.0,,Children & Family Movies
MOVIE,My Little Pony Equestria Girls: Rollercoaster of Friendship,Ishi Rudell,United States,2018,TV-Y,2018,10,44.0,,Children & Family Movies
MOVIE,My Suicide,David Lee Miller,United States,2009,TV-MA,2018,10,111.0,,Comedies
MOVIE,Naan Sigappu Manithan,Thiru,India,2014,TV-14,2018,10,147.0,,Action & Adventure
MOVIE,Nasha,Amit Saxena,India,2013,TV-14,2018,10,115.0,,Dramas
MOVIE,Naughty Jatts,Pankaj Batra,India,2013,TV-PG,2018,10,121.0,,Comedies
MOVIE,Needhi Singh,Jaivi Dhanda,India,2016,TV-14,2018,10,103.0,,Action & Adventure
MOVIE,Peace Haven,Suman Ghosh,India,2016,TV-14,2018,10,73.0,,Comedies
MOVIE,Phantom,Kabir Khan,India,2015,TV-14,2018,10,129.0,,Action & Adventure
MOVIE,Pizza,Akshay Akkineni,India,2014,TV-14,2018,10,102.0,,Horror Movies
MOVIE,Pooja Kiven Aa,Nidhi Sharma,India,2013,TV-PG,2018,10,122.0,,Comedies
MOVIE,Race,"Mastan Alibhai Burmawalla, Abbas Alibhai Burmawalla",India,2008,TV-14,2018,10,155.0,,Action & Adventure
MOVIE,Race 2,"Abbas Alibhai Burmawalla, Mastan Alibhai Burmawalla",India,2013,TV-14,2018,10,139.0,,Action & Adventure
MOVIE,Saadey CM Saab,Vipin Parashar,India,2015,TV-PG,2018,10,131.0,,Comedies
MOVIE,Sat Shri Akaal England,Vikram Pradhan,India,2017,TV-14,2018,10,127.0,,Comedies
MOVIE,Thaandavam,Vijay,India,2012,TV-14,2018,10,156.0,,Action & Adventure
MOVIE,Theeya Velai Seyyanum Kumaru,Sundar C.,India,2013,TV-PG,2018,10,132.0,,Comedies
MOVIE,Tiger,Sartaj Singh Pannu,India,2016,TV-14,2018,10,130.0,,Action & Adventure
MOVIE,Udaan,Vikramaditya Motwane,India,2010,TV-MA,2018,10,137.0,,Dramas
MOVIE,The Birth Reborn,Eduardo Chauvet,Not Given,2018,TV-MA,2018,10,91.0,,Documentaries
MOVIE,Wake Up Sid,Ayaan Mukherji,India,2009,TV-14,2018,10,132.0,,Comedies
MOVIE,We Are Family,Sidharth Malhotra,India,2010,TV-14,2018,10,119.0,,Dramas
MOVIE,What the Jatt!!,Saket Behl,India,2015,TV-PG,2018,10,140.0,,Comedies
MOVIE,Zindagi Kitni Haseen Hay,Anjum Shahzad,Pakistan,2016,TV-14,2018,10,126.0,,Dramas
MOVIE,Big Miracle,Ken Kwapis,United States,2012,PG,2018,9,107.0,,Children & Family Movies
MOVIE,Paradise Lost,Monique Gardenberg,Brazil,2018,TV-MA,2018,9,111.0,,Dramas
MOVIE,Animal World,Han Yan,China,2018,TV-MA,2018,9,130.0,,Action & Adventure
MOVIE,Hold the Dark,Jeremy Saulnier,United States,2018,TV-MA,2018,9,126.0,,Action & Adventure
MOVIE,Lessons from a School Shooting: Notes from Dunblane,Kim A. Snyder,United States,2018,TV-14,2018,9,,,Documentaries
MOVIE,The 3rd Eye,Rocky Soraya,Indonesia,2018,TV-MA,2018,9,108.0,,Horror Movies
MOVIE,Two Catalonias,"Álvaro Longoria, Gerardo Olivares",Spain,2018,TV-MA,2018,9,117.0,,Documentaries
MOVIE,In Darkness,Anthony Byrne,United Kingdom,2018,TV-MA,2018,9,101.0,,Independent Movies
MOVIE,Quincy,"Rashida Jones, Alan Hicks",United States,2018,TV-MA,2018,9,124.0,,Documentaries
MOVIE,The Angel,Ariel Vromen,Israel,2018,TV-MA,2018,9,114.0,,Dramas
MOVIE,The Land of Steady Habits,Nicole Holofcener,United States,2018,TV-MA,2018,9,98.0,,Comedies
MOVIE,On My Skin,Alessio Cremonini,Italy,2018,TV-MA,2018,9,100.0,,Dramas
MOVIE,The Resistance Banker,Joram Lürsen,Netherlands,2018,TV-MA,2018,9,123.0,,Dramas
MOVIE,Next Gen,"Kevin R. Adams, Joe Ksander",China,2018,TV-PG,2018,9,106.0,,Children & Family Movies
MOVIE,Sierra Burgess Is A Loser,Ian Samuels,United States,2018,PG-13,2018,9,106.0,,Comedies
MOVIE,The Most Assassinated Woman in the World,Franck Ribière,Belgium,2018,TV-MA,2018,9,102.0,,Dramas
MOVIE,PK,Rajkumar Hirani,India,2014,TV-14,2018,9,146.0,,Comedies
MOVIE,The Debt Collector,Jesse V. Johnson,United Kingdom,2018,TV-MA,2018,9,96.0,,Action & Adventure
TV SHOW,Age of Rebellion,Peter Ho,Taiwan,2018,TV-MA,2018,9,,1.0,Crime Tv Shows
MOVIE,Carbon,Olivier Marchal,France,2017,TV-MA,2018,9,104.0,,Dramas
MOVIE,Garbage,Qaushiq Mukherjee,India,2018,TV-MA,2018,9,109.0,,Dramas
MOVIE,​​Kuch Bheege Alfaaz,Onir,India,2018,TV-14,2018,9,110.0,,Dramas
MOVIE,Love and Shukla,Jatla Siddartha,India,2017,TV-MA,2018,9,110.0,,Dramas
MOVIE,Once Again,Kanwal Sethi,India,2018,TV-PG,2018,9,101.0,,Dramas
MOVIE,Sparring,Samuel Jouy,France,2017,TV-MA,2018,9,94.0,,Dramas
MOVIE,Bert Kreischer: Secret Time,Todd Biermann,Not Given,2018,TV-MA,2018,8,57.0,,Stand-Up Comedy
MOVIE,The Laws of Thermodynamics,Mateo Gil,Spain,2018,TV-MA,2018,8,101.0,,Comedies
MOVIE,Naam Shabana,Shivam Nair,India,2017,TV-14,2018,8,141.0,,Action & Adventure
MOVIE,Qarib Qarib Singlle,Tanuja Chandra,India,2017,TV-14,2018,8,120.0,,Comedies
MOVIE,Spyder,A.R. Murugadoss,India,2017,TV-14,2018,8,140.0,,Action & Adventure
MOVIE,Maria Bamford: The Special Special Special,Jordan Brady,United States,2012,TV-MA,2018,8,50.0,,Stand-Up Comedy
TV SHOW,GHOUL,Patrick Graham,India,2018,TV-MA,2018,8,,1.0,International Tv Shows
MOVIE,One Last Shot,Mike Clattenburg,Canada,1998,TV-MA,2018,8,31.0,,Comedies
TV SHOW,Take My Brother Away,Han Qing,China,2018,TV-14,2018,8,,1.0,International Tv Shows
MOVIE,The After Party,Ian Edelman,United States,2018,TV-MA,2018,8,90.0,,Comedies
MOVIE,Bareilly Ki Barfi,Ashwiny Iyer Tiwari,India,2017,TV-14,2018,8,110.0,,Comedies
MOVIE,Mersal,Atlee Kumar,India,2017,TV-14,2018,8,162.0,,Action & Adventure
MOVIE,Mom,Ravi Udyawar,India,2017,TV-14,2018,8,139.0,,Dramas
MOVIE,Pad Man,R. Balki,India,2018,PG-13,2018,8,130.0,,Dramas
MOVIE,Toilet: Ek Prem Katha,Shree Narayan Singh,India,2017,TV-14,2018,8,145.0,,Comedies
MOVIE,The Motive,Manuel Martín Cuenca,Spain,2017,TV-MA,2018,8,114.0,,Comedies
MOVIE,To All the Boys I’ve Loved Before,Susan Johnson,United States,2018,TV-14,2018,8,100.0,,Comedies
MOVIE,Yoo Byung Jae: Discomfort Zone,Y. Joon Chung,South Korea,2018,TV-MA,2018,8,54.0,,Stand-Up Comedy
MOVIE,Bhavesh Joshi Superhero,Vikramaditya Motwane,India,2018,TV-14,2018,8,150.0,,Dramas
MOVIE,For Here or to Go?,Rucha Humnabadkar,United States,2015,TV-MA,2018,8,105.0,,Comedies
MOVIE,The Guernsey Literary and Potato Peel Pie Society,Mike Newell,United Kingdom,2018,TV-PG,2018,8,124.0,,Dramas
MOVIE,The Package,Jake Szymanski,United States,2018,TV-MA,2018,8,95.0,,Comedies
MOVIE,Zion,Floyd Russ,United States,2018,TV-PG,2018,8,,,Documentaries
MOVIE,Perdida,Alejandro Montiel,Argentina,2018,TV-MA,2018,8,104.0,,Dramas
MOVIE,2 States,Abhishek Varman,India,2014,TV-PG,2018,8,143.0,,Comedies
MOVIE,Baaghi,Sabir Khan,India,2016,TV-14,2018,8,127.0,,Action & Adventure
MOVIE,Brij Mohan Amar Rahe,Nikhil Nagesh Bhat,India,2018,TV-MA,2018,8,100.0,,Comedies
MOVIE,Flavors of Youth: International Version,"Xiaoxing Yi, Yoshitaka Takeuchi, Haoling Li",China,2018,TV-PG,2018,8,74.0,,Anime Features
MOVIE,Like Father,Lauren Miller Rogen,United States,2018,TV-MA,2018,8,104.0,,Comedies
MOVIE,7 Khoon Maaf,Vishal Bhardwaj,India,2011,TV-MA,2018,8,148.0,,Dramas
MOVIE,Chillar Party,"Vikas Bahl, Nitesh Tiwari",India,2011,TV-PG,2018,8,127.0,,Children & Family Movies
MOVIE,Fashion,Madhur Bhandarkar,India,2008,TV-MA,2018,8,158.0,,Dramas
MOVIE,Fitoor,Abhishek Kapoor,India,2016,TV-14,2018,8,124.0,,Dramas
MOVIE,Fiza,Khalid Mohamed,India,2000,TV-14,2018,8,163.0,,Dramas
MOVIE,Guzaarish,Sanjay Leela Bhansali,India,2010,TV-14,2018,8,121.0,,Dramas
MOVIE,Haider,Vishal Bhardwaj,India,2014,TV-MA,2018,8,154.0,,Dramas
MOVIE,Highway,Imtiaz Ali,India,2014,TV-14,2018,8,127.0,,Action & Adventure
MOVIE,I Hate Luv Storys,Punit Malhotra,India,2010,TV-14,2018,8,128.0,,Comedies
MOVIE,Joker,Shirish Kunder,India,2012,TV-PG,2018,8,98.0,,Comedies
MOVIE,Main aurr Mrs. Khanna,Prem Soni,India,2009,TV-14,2018,8,109.0,,International Movies
MOVIE,Mohenjo Daro,Ashutosh Gowariker,India,2016,TV-14,2018,8,168.0,,Action & Adventure
MOVIE,Raajneeti,Prakash Jha,India,2010,TV-14,2018,8,162.0,,Dramas
MOVIE,Malena Pichot: Estupidez compleja,"Raúl Campos, Jan Suter",Argentina,2018,TV-MA,2018,3,51.0,,Stand-Up Comedy
MOVIE,Rang De Basanti,Rakeysh Omprakash Mehra,India,2006,TV-14,2018,8,159.0,,Dramas
MOVIE,Rowdy Rathore,Prabhu Deva,India,2012,TV-14,2018,8,137.0,,Action & Adventure
MOVIE,Tamasha,Imtiaz Ali,India,2015,TV-14,2018,8,133.0,,Dramas
MOVIE,Tere Naal Love Ho Gaya,Mandeep Kumar,India,2012,TV-14,2018,8,127.0,,Comedies
MOVIE,Thank You,Anees Bazmee,India,2011,TV-14,2018,8,131.0,,Comedies
MOVIE,The Blue Umbrella,Vishal Bhardwaj,India,2005,TV-PG,2018,8,90.0,,Children & Family Movies
MOVIE,Being Napoleon,"Jesse Handsher, Olivier Roland",United States,2018,TV-MA,2018,8,88.0,,Documentaries
MOVIE,Invisible,Pablo Giorgelli,Argentina,2017,TV-MA,2018,8,87.0,,Dramas
MOVIE,Da Kath & Kim Code,Ted Emery,Australia,2005,TV-PG,2018,7,82.0,,Movies
MOVIE,Kath & Kimderella,Ted Emery,Australia,2012,TV-14,2018,7,86.0,,Comedies
MOVIE,The Mansion,Tony Datis,France,2017,TV-MA,2018,7,100.0,,Comedies
MOVIE,Coco y Raulito: Carrusel de ternura,"Raúl Campos, Jan Suter",Mexico,2018,TV-MA,2018,7,57.0,,Stand-Up Comedy
MOVIE,Extinction,Ben Young,United States,2018,TV-MA,2018,7,95.0,,Action & Adventure
MOVIE,The Bleeding Edge,Kirby Dick,Australia,2018,TV-14,2018,7,101.0,,Documentaries
MOVIE,Parmanu: The Story of Pokhran,Abhishek Sharma,India,2018,TV-PG,2018,7,124.0,,Dramas
MOVIE,Iliza Shlesinger: Elder Millennial,Steve Paley,United States,2018,TV-MA,2018,7,72.0,,Stand-Up Comedy
MOVIE,The Warning,Daniel Calparsoro,Spain,2018,TV-MA,2018,7,93.0,,International Movies
MOVIE,Duck Duck Goose,Chris Jenkins,China,2018,PG,2018,7,92.0,,Children & Family Movies
MOVIE,Nothing to Lose,Alexandre Avancini,Brazil,2018,PG,2018,7,133.0,,Dramas
MOVIE,Camarón: The Film,Alexis Morante,Spain,2018,TV-14,2018,7,105.0,,Documentaries
MOVIE,GODZILLA City on the Edge of Battle,"Kobun Shizuno, Hiroyuki Seshita",Japan,2018,TV-14,2018,7,101.0,,Action & Adventure
MOVIE,Going for Gold,Clay Glen,Australia,2018,TV-G,2018,7,88.0,,Children & Family Movies
MOVIE,How It Ends,David M. Rosenthal,United States,2018,TV-MA,2018,7,113.0,,Action & Adventure
MOVIE,Jim Jefferies: This Is Me Now,Scott Zabielski,United States,2018,TV-MA,2018,7,71.0,,Stand-Up Comedy
MOVIE,Romina,Diego Cohen,Mexico,2018,TV-MA,2018,7,75.0,,Horror Movies
TV SHOW,Mr. Sunshine,Lee Eung-bok,South Korea,2018,TV-MA,2018,7,,1.0,International Tv Shows
MOVIE,Luciano Mellera: Infantiloide,"Raúl Campos, Jan Suter",Argentina,2018,TV-14,2018,7,66.0,,Stand-Up Comedy
MOVIE,The Legacy of a Whitetail Deer Hunter,Jody Hill,United States,2018,TV-14,2018,7,83.0,,Action & Adventure
MOVIE,The Skin of the Wolf,Samu Fuentes,Spain,2018,TV-MA,2018,7,110.0,,Dramas
MOVIE,White Fang,Alexandre Espigares,France,2018,TV-PG,2018,7,88.0,,Children & Family Movies
MOVIE,Sommore: Chandelier Status,Kevin Layne,United States,2013,TV-MA,2018,7,77.0,,Stand-Up Comedy
MOVIE,Felipe Esparza: They're Not Going to Laugh at You,Scott L. Montoya,United States,2012,TV-MA,2018,7,58.0,,Stand-Up Comedy
MOVIE,Joan Rivers: Don't Start with Me,Scott L. Montoya,United States,2012,TV-MA,2018,7,69.0,,Stand-Up Comedy
MOVIE,Katt Williams: Kattpacalypse,Marcus Raboy,United States,2012,TV-MA,2018,7,61.0,,Stand-Up Comedy
MOVIE,King of Peking,Sam Voutas,China,2018,TV-14,2018,7,88.0,,Comedies
MOVIE,Anthony Kaun Hai?,Raj Kaushal,India,2006,TV-14,2018,7,122.0,,Comedies
MOVIE,Bo Burnham: what.,"Bo Burnham, Christopher Storer",United States,2013,TV-MA,2018,7,60.0,,Stand-Up Comedy
MOVIE,Chalte Chalte,Aziz Mirza,India,2003,TV-14,2018,7,166.0,,Dramas
MOVIE,Deewana Main Deewana,K.C. Bokadia,India,2013,TV-14,2018,7,107.0,,Comedies
MOVIE,Duck Butter,Miguel Arteta,United States,2018,TV-MA,2018,7,94.0,,Dramas
MOVIE,I Am Kalam,Nila Madhab Panda,India,2010,TV-PG,2018,7,87.0,,Children & Family Movies
MOVIE,My Birthday Song,Samir Soni,India,2018,TV-14,2018,7,92.0,,Dramas
MOVIE,Namastey London,Vipul Amrutlal Shah,India,2007,TV-14,2018,7,130.0,,Comedies
MOVIE,Soul Robbers,Juan Antonio de la Riva,Mexico,2015,TV-14,2018,7,88.0,,Horror Movies
MOVIE,Tum Milo Toh Sahi,Kabir Sadanand,India,2010,TV-14,2018,7,128.0,,Comedies
MOVIE,What We Started,"Bert Marcus, Cyrus Saidi",United States,2017,TV-MA,2018,7,96.0,,Documentaries
MOVIE,Zoo,Shlok Sharma,India,2018,TV-MA,2018,7,94.0,,Dramas
MOVIE,Bill Burr: You People Are All the Same,Jay Karas,United States,2012,TV-MA,2018,6,69.0,,Stand-Up Comedy
MOVIE,The Maus,Yayo Herrero,Spain,2017,TV-MA,2018,6,90.0,,Horror Movies
MOVIE,Calibre,Matt Palmer,United Kingdom,2018,TV-MA,2018,6,101.0,,Dramas
MOVIE,Jani Dueñas: Grandes fracasos de ayer y hoy,"Raúl Campos, Jan Suter",Chile,2018,TV-MA,2018,6,77.0,,Stand-Up Comedy
MOVIE,Penalty Kick,Rodrigo Triana,Colombia,2018,TV-14,2018,6,89.0,,Comedies
MOVIE,Recovery Boys,Elaine McMillion Sheldon,United States,2018,TV-MA,2018,6,90.0,,Documentaries
MOVIE,TAU,Federico D'Alessandro,United States,2018,R,2018,6,98.0,,Sci-Fi & Fantasy
MOVIE,W. Kamau Bell: Private School Negro,Shannon Hartman,United States,2018,TV-MA,2018,6,66.0,,Stand-Up Comedy
MOVIE,Expelled from Paradise,Seiji Mizushima,Japan,2014,TV-MA,2018,6,103.0,,Action & Adventure
MOVIE,"To Each, Her Own",Myriam Aziza,France,2018,TV-MA,2018,6,95.0,,Comedies
MOVIE,Brain on Fire,Gerard Barrett,United States,2016,PG-13,2018,6,89.0,,Dramas
MOVIE,Us and Them,Rene Liu,China,2018,TV-MA,2018,6,119.0,,Dramas
MOVIE,Hannah Gadsby: Nanette,"Madeleine Parry, Jon Olb",Australia,2018,TV-MA,2018,6,70.0,,Stand-Up Comedy
MOVIE,Lust Stories,"Zoya Akhtar, Karan Johar, Anurag Kashyap, Dibakar Banerjee",India,2018,TV-MA,2018,6,121.0,,Comedies
MOVIE,Maktub,Oded Raz,Israel,2018,TV-MA,2018,6,106.0,,Comedies
MOVIE,Pacificum: Return to the Ocean,"Mariana Tschudi, Héctor Gálvez",Peru,2017,TV-G,2018,6,74.0,,Documentaries
MOVIE,Set It Up,Claire Scanlon,United States,2018,TV-MA,2018,6,106.0,,Comedies
MOVIE,Sunday's Illness,Ramón Salazar,Spain,2017,PG-13,2018,6,113.0,,Dramas
MOVIE,The last hour,Eduardo Mendoza de Echave,Chile,2017,TV-MA,2018,6,119.0,,Dramas
MOVIE,Alex Strangelove,Craig Johnson,United States,2018,TV-MA,2018,6,100.0,,Comedies
MOVIE,Ali's Wedding,Jeffrey Walker,Australia,2018,TV-MA,2018,6,110.0,,Comedies
MOVIE,Franco Escamilla: Por la anécdota,Ulises Valencia,Mexico,2018,TV-MA,2018,6,66.0,,Stand-Up Comedy
TV SHOW,Life Sentence,Not Given,United States,2018,TV-14,2018,6,,1.0,Tv Dramas
MOVIE,Derren Brown: Miracle,Not Given,United Kingdom,2018,TV-MA,2018,6,74.0,,International Movies
TV SHOW,The Staircase,Not Given,France,2018,TV-MA,2018,6,,1.0,Crime Tv Shows
MOVIE,B.A. Pass 2,Shadab Khan,India,2017,TV-14,2018,6,126.0,,Dramas
MOVIE,Bad Genius,Nattawut Poonpiriya,Thailand,2017,TV-MA,2018,6,130.0,,Dramas
MOVIE,Outside In,Lynn Shelton,United States,2018,TV-MA,2018,6,110.0,,Dramas
MOVIE,Pedal the World,Felix Starck,Germany,2015,TV-MA,2018,6,85.0,,Documentaries
MOVIE,Sara's Notebook,Norberto López Amado,Spain,2018,TV-MA,2018,5,117.0,,Dramas
MOVIE,Fernando Sanjiao: Hombre,"Raúl Campos, Jan Suter",Argentina,2018,TV-MA,2018,5,63.0,,Stand-Up Comedy
MOVIE,Ibiza,Alex Richanbach,United States,2018,TV-MA,2018,5,94.0,,Comedies
MOVIE,Steve Martin and Martin Short: An Evening You Will Forget for the Rest of Your Life,Marcus Raboy,United States,2018,TV-14,2018,5,74.0,,Stand-Up Comedy
MOVIE,Tig Notaro Happy To Be Here,Tig Notaro,United States,2018,TV-14,2018,5,58.0,,Stand-Up Comedy
MOVIE,Catching Feelings,Kagiso Lediga,South Africa,2018,TV-MA,2018,5,117.0,,Comedies
TV SHOW,The Night Shift,Not Given,United States,2017,TV-14,2018,6,,4.0,Tv Dramas
MOVIE,Katt Williams: American Hustle (The Movie),Brit McAdams,United States,2007,TV-MA,2018,5,89.0,,Stand-Up Comedy
MOVIE,Food on the Go,Mercedes Cordova,Argentina,2017,TV-MA,2018,5,66.0,,Documentaries
MOVIE,Aiyaary,Neeraj Pandey,India,2018,TV-MA,2018,5,158.0,,Action & Adventure
MOVIE,Lupin the 3rd: The Castle of Cagliostro: Special Edition,Hayao Miyazaki,Japan,1979,PG-13,2018,5,100.0,,Action & Adventure
MOVIE,Ali Wong: Hard Knock Wife,Jay Karas,United States,2018,TV-MA,2018,5,64.0,,Stand-Up Comedy
MOVIE,Spivak,"Anthony Abrams, Adam Larson Broder",United States,2017,TV-MA,2018,5,92.0,,Comedies
MOVIE,Carlos Ballarta: Furia Ñera,"Raúl Campos, Jan Suter",Mexico,2018,TV-MA,2018,5,63.0,,Stand-Up Comedy
TV SHOW,Evil Genius,"Trey Borzillieri, Barbara Schroeder",United States,2018,TV-MA,2018,5,,1.0,Crime Tv Shows
MOVIE,The Kissing Booth,Vince Marcello,United Kingdom,2018,TV-14,2018,5,105.0,,Comedies
MOVIE,Hari Kondabolu: Warn Your Relatives,Bobcat Goldthwait,United States,2018,TV-MA,2018,5,67.0,,Stand-Up Comedy
MOVIE,My Fuhrer,Dani Levy,Germany,2007,TV-14,2018,5,91.0,,Comedies
MOVIE,Family Blood,Sonny Mallhi,United States,2018,TV-MA,2018,5,92.0,,Horror Movies
MOVIE,Pup Star: World Tour,Robert Vince,Canada,2018,G,2018,5,87.0,,Children & Family Movies
MOVIE,Anon,Andrew Niccol,United Kingdom,2018,TV-MA,2018,5,100.0,,Dramas
MOVIE,Dany Boon: Des Hauts De France,Isabelle Nanty,France,2018,TV-MA,2018,5,113.0,,Stand-Up Comedy
MOVIE,End Game,"Rob Epstein, Jeffrey Friedman",United States,2018,TV-PG,2018,5,40.0,,Documentaries
MOVIE,Forgive Us Our Debts,Antonio Morabito,Italy,2018,TV-MA,2018,5,105.0,,Dramas
MOVIE,Pocoyo Special Sports,"Guillermo Garcia, David Cantolla",Not Given,2016,TV-Y,2018,5,,,Movies
MOVIE,Lo más sencillo es complicarlo todo,Rene Bueno,Mexico,2018,TV-14,2018,5,94.0,,Comedies
MOVIE,Manhunt,John Woo,China,2017,TV-MA,2018,5,109.0,,Action & Adventure
MOVIE,Thi Mai,Patricia Ferreira,Spain,2017,TV-MA,2018,5,99.0,,Comedies
MOVIE,Si saben cómo me pongo ¿pá qué me invitan?,Fernando Ayllón,Colombia,2018,TV-MA,2018,5,89.0,,Comedies
MOVIE,Jailbreak,Jimmy Henderson,Cambodia,2017,TV-MA,2018,5,92.0,,Action & Adventure
MOVIE,Ajji,Devashish Makhija,India,2017,TV-MA,2018,5,105.0,,Dramas
MOVIE,CIA: Comrade in America,Amal Neerad,India,2017,TV-14,2018,5,130.0,,Action & Adventure
MOVIE,Coffee for All,"Fluvio Iannuci, Roly Santos",Italy,2017,TV-PG,2018,5,69.0,,Documentaries
MOVIE,Darc,Julius R. Nasso,United States,2018,TV-MA,2018,5,98.0,,Action & Adventure
MOVIE,Despido Procedente,Lucas Figueroa,Argentina,2017,TV-MA,2018,5,90.0,,Comedies
MOVIE,John Mulaney: Kid Gorgeous at Radio City,Alex Timbers,United States,2018,TV-MA,2018,5,65.0,,Stand-Up Comedy
MOVIE,My Perfect Romance,Justin G. Dyck,Canada,2018,PG,2018,5,92.0,,Comedies
MOVIE,Pocoyo & The Space Circus,Alfonso Rodríguez,Spain,2008,TV-Y,2018,5,,,Movies
MOVIE,Sometimes,Priyadarshan,India,2016,TV-14,2018,5,101.0,,Dramas
MOVIE,The Clapper,Dito Montiel,United States,2017,R,2018,5,90.0,,Comedies
MOVIE,Toc Toc,Vicente Villanueva,Spain,2017,TV-MA,2018,5,96.0,,Comedies
TV SHOW,Bobby Kennedy for President,Dawn Porter,Not Given,2018,TV-MA,2018,4,,1.0,Docuseries
MOVIE,Running Shaadi,Amit Roy,India,2017,TV-14,2018,4,115.0,,Comedies
MOVIE,The Price of Success,Teddy Lussi-Modeste,France,2017,TV-MA,2018,4,92.0,,Dramas
MOVIE,Candy Jar,Ben Shelton,United States,2018,TV-14,2018,4,93.0,,Children & Family Movies
MOVIE,Holy Goalie,Curro Velázquez,Spain,2017,TV-MA,2018,4,95.0,,Comedies
MOVIE,The Rachel Divide,Laura Brownson,United States,2018,TV-MA,2018,4,105.0,,Documentaries
MOVIE,The Week Of,Robert Smigel,United States,2018,TV-14,2018,4,117.0,,Comedies
MOVIE,Enissa Amani: Ehrenwort,Max Amini,Germany,2018,TV-MA,2018,4,66.0,,Stand-Up Comedy
MOVIE,Bill Nye: Science Guy,"Jason Sussberg, David Alvarado",United States,2017,TV-PG,2018,4,97.0,,Documentaries
MOVIE,Fishtronaut: The Movie,"Célia Catunda, Kiko Mistrorigo, Rodrigo Eba",Brazil,2018,TV-Y,2018,4,78.0,,Children & Family Movies
MOVIE,Psychokinesis,Sang-ho Yeon,South Korea,2018,TV-MA,2018,4,102.0,,Action & Adventure
MOVIE,Kevin James: Never Don't Give Up,Andy Fickman,United States,2018,TV-PG,2018,4,62.0,,Stand-Up Comedy
MOVIE,Dude,Olivia Milch,United States,2018,TV-MA,2018,4,97.0,,Comedies
MOVIE,Kodachrome,Mark Raso,Canada,2018,TV-MA,2018,4,105.0,,Comedies
MOVIE,Mercury 13,"David Sington, Heather Walsh",United States,2018,TV-PG,2018,4,79.0,,Documentaries
MOVIE,All The Reasons To Forget,Pedro Coutinho,Brazil,2017,TV-MA,2018,4,90.0,,Comedies
MOVIE,Beyond Skyline,Liam O'Donnell,United States,2017,R,2018,4,107.0,,Action & Adventure
MOVIE,Come Sunday,Joshua Marston,United States,2018,TV-14,2018,4,105.0,,Dramas
MOVIE,I Am not an Easy Man,Eleonore Pourriat,France,2018,TV-MA,2018,4,99.0,,Comedies
MOVIE,Pickpockets,Peter Webber,Colombia,2017,TV-MA,2018,4,108.0,,Dramas
MOVIE,Greg Davies: You Magnificent Beast,Peter Orton,United Kingdom,2018,TV-MA,2018,4,66.0,,Stand-Up Comedy
MOVIE,6 Balloons,Marja Lewis Ryan,United States,2018,TV-MA,2018,4,75.0,,Dramas
MOVIE,Amateur,Ryan Koo,United States,2018,TV-MA,2018,4,96.0,,Dramas
MOVIE,Orbiter 9,Hatem Khraiche,Spain,2017,TV-14,2018,4,95.0,,Dramas
MOVIE,"Ram Dass, Going Home",Derek Peck,United States,2018,TV-14,2018,4,32.0,,Documentaries
MOVIE,Seth Rogen's Hilarity for Charity,Ryan Polito,United States,2018,TV-MA,2018,4,70.0,,Stand-Up Comedy
MOVIE,Sun Dogs,Jennifer Morrison,Mexico,2017,TV-MA,2018,4,94.0,,Comedies
MOVIE,Todo lo que sería Lucas Lauriente,"Raúl Campos, Jan Suter",Argentina,2018,TV-MA,2018,4,78.0,,Stand-Up Comedy
MOVIE,Day of the Dead: Bloodline,Hèctor Hernández Vicens,Bulgaria,2018,R,2018,4,91.0,,Horror Movies
MOVIE,Fary Is the New Black,Kader Aoun,France,2018,TV-MA,2018,4,75.0,,Stand-Up Comedy
MOVIE,Ittefaq,Abhay Chopra,India,2017,TV-MA,2018,4,105.0,,Dramas
MOVIE,A Sort of Family,Diego Lerman,Argentina,2017,TV-14,2018,4,96.0,,Dramas
MOVIE,Billu,Priyadarshan,India,2009,TV-PG,2018,4,132.0,,Dramas
MOVIE,John Mulaney: New in Town,Ryan Polito,United States,2012,TV-MA,2018,4,60.0,,Stand-Up Comedy
MOVIE,Main Hoon Na,Farah Khan,India,2004,TV-14,2018,4,171.0,,Action & Adventure
MOVIE,Metro,Ananda Krishnan,India,2016,TV-14,2018,4,116.0,,Dramas
MOVIE,Om Shanti Om,Farah Khan,India,2007,TV-14,2018,4,169.0,,Comedies
MOVIE,Paheli,Amol Palekar,India,2005,TV-PG,2018,4,134.0,,Dramas
MOVIE,Phir Bhi Dil Hai Hindustani,Aziz Mirza,India,2000,TV-14,2018,4,159.0,,Comedies
MOVIE,Revolt,Joe Miale,United Kingdom,2017,R,2018,3,87.0,,Action & Adventure
MOVIE,First Match,Olivia Newman,United States,2018,TV-MA,2018,3,103.0,,Dramas
MOVIE,Happy Anniversary,Jared Stern,United States,2018,TV-MA,2018,3,78.0,,Comedies
MOVIE,Sofía Niño de Rivera: Selección Natural,"Raúl Campos, Jan Suter",Mexico,2018,TV-MA,2018,3,62.0,,Stand-Up Comedy
MOVIE,The Titan,Lennart Ruff,United Kingdom,2018,TV-MA,2018,3,97.0,,Dramas
MOVIE,Trailer Park Boys: Countdown to Liquor Day,Mike Clattenburg,Canada,2009,R,2018,3,102.0,,Comedies
MOVIE,Trailer Park Boys: The Movie,Mike Clattenburg,Canada,2006,R,2018,3,95.0,,Comedies
TV SHOW,James Acaster: Repertoire,Dan Lucchesi,United Kingdom,2018,TV-14,2018,3,,1.0,British Tv Shows
MOVIE,Birdshot,Mikhail Red,Philippines,2016,TV-MA,2018,3,115.0,,Dramas
MOVIE,"Game Over, Man!",Kyle Newacheck,United States,2018,TV-MA,2018,3,102.0,,Action & Adventure
MOVIE,Layla M.,Mijke de Jong,Netherlands,2016,TV-MA,2018,3,99.0,,Dramas
MOVIE,Paradox,Daryl Hannah,United States,2018,TV-MA,2018,3,74.0,,Dramas
MOVIE,Roxanne Roxanne,Michael Larnell,United States,2018,TV-MA,2018,3,100.0,,Dramas
MOVIE,Secret Superstar,Advait Chandan,India,2017,TV-14,2018,3,150.0,,Dramas
MOVIE,Benji,Brandon Camp,United Arab Emirates,2018,TV-PG,2018,3,87.0,,Children & Family Movies
MOVIE,Take Your Pills,Alison Klayman,United States,2018,TV-14,2018,3,88.0,,Documentaries
MOVIE,In This Corner of the World,Sunao Katabuchi,Japan,2016,PG-13,2018,3,129.0,,Anime Features
MOVIE,Jag älskar dig: En skilsmässokomedi,Johan Brisinger,Sweden,2016,TV-MA,2018,3,91.0,,Comedies
MOVIE,Expedition China,Ben Wallis,United States,2017,TV-G,2018,3,78.0,,Children & Family Movies
MOVIE,The Art of Loving,Maria Sadowska,Poland,2017,TV-MA,2018,3,115.0,,Dramas
MOVIE,Steel Rain,Yang Woo-seok,South Korea,2018,TV-MA,2018,3,140.0,,Action & Adventure
MOVIE,Ricky Gervais: Humanity,John L. Spencer,United Kingdom,2018,TV-MA,2018,3,79.0,,Stand-Up Comedy
MOVIE,Stretch Armstrong: The Breakout,Victor Cook,United States,2018,TV-Y7,2018,3,104.0,,Children & Family Movies
TV SHOW,A.I.C.O.,Kazuya Murata,Japan,2018,TV-14,2018,3,,1.0,Anime Series
MOVIE,The Outsider,Martin Zandvliet,United States,2018,TV-MA,2018,3,121.0,,Dramas
MOVIE,Ladies First,Uraaz Bahl,India,2018,TV-G,2018,3,40.0,,Documentaries
MOVIE,Bullet Head,"Paul Solet, Rick Benattar",Bulgaria,2017,R,2018,3,94.0,,International Movies
MOVIE,Gad Elmaleh: American Dream,Michael Simon,United States,2018,TV-14,2018,3,58.0,,Stand-Up Comedy
MOVIE,Natalia Valdebenito: El especial,"Raúl Campos, Jan Suter",Chile,2018,TV-MA,2018,3,69.0,,Stand-Up Comedy
MOVIE,Ravenous,Robin Aubert,Canada,2017,TV-MA,2018,3,104.0,,Horror Movies
MOVIE,Battle Drone,Mitch Gould,United States,2018,TV-MA,2018,3,94.0,,Action & Adventure
MOVIE,Dil Se,Mani Ratnam,India,1998,TV-14,2018,3,166.0,,Dramas
MOVIE,Guru,Mani Ratnam,India,2007,TV-PG,2018,3,155.0,,Dramas
MOVIE,Judwaa 2,David Dhawan,India,2017,TV-14,2018,3,145.0,,Action & Adventure
MOVIE,Love Beats Rhymes,RZA,United States,2016,R,2018,3,106.0,,Dramas
MOVIE,Schubert In Love,Lars Büchel,Germany,2016,TV-14,2018,3,94.0,,Comedies
MOVIE,Shubh Aarambh,Amit Barot,India,2017,TV-PG,2018,3,127.0,,Dramas
MOVIE,Something Huge,Carlo Padial,Spain,2017,TV-MA,2018,3,87.0,,Comedies
MOVIE,Swades,Ashutosh Gowariker,India,2004,TV-PG,2018,3,185.0,,Dramas
MOVIE,Swearnet Live,"Mike Smith, John Paul Tremblay, Robb Wells",Canada,2014,TV-MA,2018,3,75.0,,Comedies
MOVIE,Trailer Park Boys Live at the North Pole,"Mike Smith, John Paul Tremblay, Robb Wells",Canada,2014,TV-MA,2018,3,89.0,,Movies
MOVIE,Trailer Park Boys Live In F**kin' Dublin,"Mike Smith, John Paul Tremblay, Robb Wells",Canada,2014,TV-MA,2018,3,81.0,,Movies
MOVIE,Trailer Park Boys: Say Goodnight to the Bad Guys,Mike Clattenburg,Canada,2008,TV-MA,2018,3,47.0,,Comedies
MOVIE,Trailer Park Boys: Xmas Special,Mike Clattenburg,Canada,2004,TV-MA,2018,3,46.0,,Movies
MOVIE,Tu Hai Mera Sunday,Milind Dhaimade,India,2016,TV-14,2018,3,125.0,,Comedies
MOVIE,Yuva,Mani Ratnam,India,2004,TV-14,2018,3,160.0,,Dramas
MOVIE,반드시 잡는다,Hong-seon Kim,South Korea,2017,TV-MA,2018,2,110.0,,Dramas
MOVIE,Marlon Wayans: Woke-ish,Marcus Raboy,United States,2018,TV-MA,2018,2,67.0,,Stand-Up Comedy
MOVIE,Veronica,Paco Plaza,Spain,2017,TV-MA,2018,2,105.0,,Horror Movies
MOVIE,Mute,Duncan Jones,United Kingdom,2018,TV-MA,2018,2,127.0,,Sci-Fi & Fantasy
MOVIE,Forgotten,Hang-Jun Jang,South Korea,2017,TV-MA,2018,2,109.0,,Dramas
MOVIE,FullMetal Alchemist,Fumihiko Sori,Japan,2017,TV-PG,2018,2,134.0,,Action & Adventure
MOVIE,Agustín Aristarán: Soy Rada,Mariano Baez,Argentina,2018,TV-MA,2018,2,60.0,,Stand-Up Comedy
MOVIE,Irreplaceable You,Stephanie Laing,United States,2018,TV-MA,2018,2,96.0,,Dramas
MOVIE,Chris Rock: Tamborine,Bo Burnham,United States,2018,TV-MA,2018,2,65.0,,Stand-Up Comedy
MOVIE,Love Per Square Foot,Anand Tiwari,India,2018,TV-14,2018,2,133.0,,Comedies
MOVIE,Seeing Allred,"Roberta Grossman, Sophie Sartain",United States,2018,TV-14,2018,2,96.0,,Documentaries
MOVIE,The Ritual,David Bruckner,United Kingdom,2018,TV-MA,2018,2,95.0,,Horror Movies
MOVIE,The Trader (Sovdagari),Tamta Gabrichidze,Georgia,2018,TV-PG,2018,2,,,Documentaries
MOVIE,When We First Met,Ari Sandel,United States,2018,TV-14,2018,2,97.0,,Comedies
MOVIE,Fred Armisen: Standup For Drummers,Lance Bangs,United States,2018,TV-PG,2018,2,65.0,,Music & Musicals
MOVIE,The Cloverfield Paradox,Julius Onah,United States,2018,PG-13,2018,2,102.0,,Action & Adventure
MOVIE,Kavin Jay: Everybody Calm Down!,Michael McKay,United States,2018,TV-MA,2018,2,53.0,,Stand-Up Comedy
MOVIE,On Body and Soul,Ildiko Enyedi,Hungary,2017,TV-MA,2018,2,116.0,,Dramas
MOVIE,The Bros,You-Jeong Chang,South Korea,2017,TV-14,2018,2,102.0,,Comedies
MOVIE,Newness,Drake Doremus,United States,2017,TV-MA,2018,2,117.0,,Dramas
TV SHOW,Under Arrest,Dan Forrer,United States,2016,TV-MA,2018,2,,8.0,Crime Tv Shows
MOVIE,Expedition Happiness,Selima Taibi,Germany,2017,TV-PG,2018,1,96.0,,Documentaries
MOVIE,Jerry Seinfeld: I'm Telling You for the Last Time,Marty Callner,United States,1998,TV-14,2018,1,69.0,,Stand-Up Comedy
MOVIE,Holy Camp!,"Javier Ambrossi, Javier Calvo",Spain,2017,TV-MA,2018,1,108.0,,Comedies
MOVIE,A Futile and Stupid Gesture,David Wain,United States,2018,TV-MA,2018,1,102.0,,Comedies
MOVIE,Fakkah Fuzz: Almost Banned,Michael McKay,Singapore,2018,TV-MA,2018,1,61.0,,Stand-Up Comedy
MOVIE,Sebastián Marcelo Wainraich,"Raúl Campos, Jan Suter",Argentina,2018,TV-MA,2018,1,49.0,,Stand-Up Comedy
MOVIE,Acts of Vengeance,Isaac Florentine,Bulgaria,2017,R,2018,1,87.0,,Action & Adventure
MOVIE,Countdown to Death: Pablo Escobar,"Santiago Diaz, Pablo Martin Farina",Not Given,2017,TV-MA,2018,1,69.0,,Documentaries
MOVIE,Ricardo Quevedo: Hay gente así,"Raúl Campos, Jan Suter",Colombia,2018,TV-MA,2018,1,59.0,,Stand-Up Comedy
MOVIE,Todd Glass: Act Happy,Scott Moran,United States,2018,TV-MA,2018,1,63.0,,Stand-Up Comedy
MOVIE,Harith Iskander: I Told You So,Michael McKay,United States,2018,TV-14,2018,1,62.0,,Stand-Up Comedy
MOVIE,Step Sisters,Charles Stone III,United States,2018,PG-13,2018,1,108.0,,Comedies
MOVIE,The Open House,"Matt Angel, Suzanne Coote",Canada,2018,TV-MA,2018,1,95.0,,Horror Movies
MOVIE,Bad Day for the Cut,Chris Baugh,United Kingdom,2017,TV-MA,2018,1,99.0,,Independent Movies
MOVIE,Arango y Sanint: Ríase el show,"Raúl Campos, Jan Suter",Colombia,2018,TV-MA,2018,1,62.0,,Stand-Up Comedy
TV SHOW,Godzilla,"Kobun Shizuno, Hiroyuki Seshita",Japan,2017,TV-14,2018,1,,1.0,Tv Shows
MOVIE,Alibaba Aur 40 Chor,"Latif Faiziyev, Umesh Mehra",Soviet Union,1980,TV-14,2018,1,147.0,,Action & Adventure
MOVIE,Pyar Ke Do Pal,Rajiv Mehra,India,1986,TV-14,2018,1,153.0,,Dramas
MOVIE,Rip Tide,Rhiannon Bannenberg,Australia,2017,TV-PG,2018,1,87.0,,Children & Family Movies
MOVIE,Milada,David Mrnka,Czech Republic,2017,TV-14,2018,1,124.0,,Dramas
MOVIE,The Polka King,Maya Forbes,United States,2018,TV-14,2018,1,94.0,,Comedies
MOVIE,The Reservoir Game,Choi Jin-seong,South Korea,2017,TV-MA,2018,1,100.0,,Documentaries
MOVIE,Tom Segura: Disgraceful,Jay Karas,United States,2018,TV-MA,2018,1,71.0,,Stand-Up Comedy
MOVIE,The House Next Door,Milind Rau,India,2017,TV-MA,2018,1,135.0,,Horror Movies
MOVIE,Before I Wake,Mike Flanagan,United States,2016,PG-13,2018,1,97.0,,Horror Movies
TV SHOW,Devilman Crybaby,Masaaki Yuasa,Japan,2018,TV-MA,2018,1,,1.0,Anime Series
MOVIE,Mustang Island,Craig Elrod,United States,2017,TV-14,2018,1,86.0,,Comedies
MOVIE,Eve's Apple,Jose Manuel Colón,Spain,2017,TV-MA,2018,1,91.0,,Documentaries
TV SHOW,Fullmetal Alchemist: Brotherhood,Yasuhiro Irie,Japan,2010,TV-14,2018,1,,5.0,Anime Series
TV SHOW,Dave Chappelle: Equanimity & The Bird Revelation,Stan Lathan,United States,2017,TV-MA,2017,12,,1.0,Stand-Up Comedy & Talk Shows
MOVIE,Fun Mom Dinner,Alethea Jones,United States,2017,R,2017,12,82.0,,Comedies
MOVIE,Goon: Last of the Enforcers,Jay Baruchel,Canada,2016,R,2017,12,102.0,,Comedies
MOVIE,The Climb,Ludovic Bernard,France,2017,TV-14,2017,12,105.0,,Action & Adventure
MOVIE,Bibi & Tina: Tohuwabohu Total,Detlev Buck,Germany,2017,TV-14,2017,12,106.0,,Children & Family Movies
MOVIE,Mr. Roosevelt,Noël Wells,United States,2017,TV-MA,2017,12,91.0,,Comedies
MOVIE,Todd Barry: Spicy Honey,Jay Chapman,United States,2017,TV-MA,2017,12,61.0,,Stand-Up Comedy
MOVIE,Creep 2,Patrick Brice,United States,2017,TV-MA,2017,12,80.0,,Horror Movies
TV SHOW,Myths & Monsters,Daniel Kontur,United Kingdom,2017,TV-PG,2017,12,,1.0,British Tv Shows
MOVIE,Bright,David Ayer,United States,2017,TV-MA,2017,12,118.0,,Action & Adventure
MOVIE,Desire,Diego Kaplan,Argentina,2017,TV-MA,2017,12,94.0,,Dramas
MOVIE,48 Christmas Wishes,"Marco Deufemia, Justin G. Dyck",Canada,2017,TV-G,2017,12,84.0,,Children & Family Movies
MOVIE,Jeremiah Tower: The Last Magnificent,Lydia Tenaglia,Mexico,2016,R,2017,12,103.0,,Documentaries
MOVIE,Russell Howard: Recalibrate,Peter Orton,United Kingdom,2017,TV-MA,2017,12,69.0,,Stand-Up Comedy
MOVIE,Christmas Inheritance,Ernie Barbarash,United States,2017,TV-G,2017,12,105.0,,Dramas
MOVIE,Muramba,Varun Narvekar,India,2017,TV-MA,2017,12,128.0,,Comedies
MOVIE,Pottersville,Seth Henrikson,United States,2017,PG-13,2017,12,86.0,,Comedies
MOVIE,Seoul Searching,Benson Lee,South Korea,2015,TV-MA,2017,12,109.0,,Comedies
MOVIE,Judd Apatow: The Return,Marcus Raboy,United States,2017,TV-MA,2017,12,70.0,,Stand-Up Comedy
MOVIE,El Camino Christmas,David E. Talbert,United States,2017,TV-MA,2017,12,89.0,,Comedies
MOVIE,Jaal,Umesh Mehra,India,1986,TV-14,2017,12,162.0,,Action & Adventure
MOVIE,Shikari,"Latif Faiziyev, Umesh Mehra",India,1991,TV-14,2017,12,163.0,,Dramas
MOVIE,The Secret,Drew Heriot,Australia,2006,TV-14,2017,12,91.0,,Documentaries
MOVIE,Trolls Holiday Special,Joel Crawford,United States,2017,TV-Y7,2017,12,,,Children & Family Movies
MOVIE,Craig Ferguson: Tickle Fight,Jay Chapman,United States,2017,TV-MA,2017,12,67.0,,Stand-Up Comedy
MOVIE,Jab Harry Met Sejal,Imtiaz Ali,India,2017,TV-MA,2017,12,142.0,,Comedies
MOVIE,Temple,Michael Barrett,Japan,2017,TV-MA,2017,12,78.0,,Horror Movies
MOVIE,A StoryBots Christmas,"Evan Spiridellis, Jeff Gill",United States,2017,TV-Y,2017,12,,,Children & Family Movies
MOVIE,Monster Island,Leopoldo Aguilar,India,2017,TV-Y7,2017,12,81.0,,Children & Family Movies
MOVIE,My Happy Family,"Nana Ekvtimishvili, Simon Gross",Georgia,2017,TV-14,2017,12,119.0,,Dramas
TV SHOW,Oggy and the Cockroaches,Olivier Jean-Marie,France,2017,TV-Y7,2017,12,,1.0,Kids' Tv
MOVIE,Jack Whitehall: At Large,Brian Klein,United Kingdom,2017,TV-MA,2017,10,68.0,,Stand-Up Comedy
TV SHOW,Bright: The Music Videos,David Ayer,United States,2017,TV-MA,2017,11,,1.0,Tv Shows
MOVIE,The Worthy,Ali F. Mostafa,United Arab Emirates,2016,TV-MA,2017,12,99.0,,International Movies
MOVIE,Voyeur,"Myles Kane, Josh Koury",United States,2017,TV-MA,2017,12,96.0,,Documentaries
MOVIE,Poster Boys,Shreyas Talpade,India,2017,PG-13,2017,11,128.0,,Comedies
MOVIE,Cuba and the Cameraman,Jon Alpert,United States,2017,TV-14,2017,11,114.0,,Documentaries
MOVIE,The Girl from the Song,Ibai Abad,Spain,2016,TV-MA,2017,11,101.0,,Dramas
MOVIE,Barbra: The Music ... The Mem'ries ... The Magic!,"Barbra Streisand, Jim Gable",United States,2017,TV-14,2017,11,109.0,,Music & Musicals
MOVIE,Beat Bugs: All Together Now,Josh Wakely,Australia,2017,TV-Y,2017,11,51.0,,Children & Family Movies
MOVIE,Brian Regan: Nunchucks and Flamethrowers,Troy Miller,United States,2017,TV-PG,2017,11,61.0,,Stand-Up Comedy
MOVIE,Saving Capitalism,Jacob Kornbluth,United States,2017,TV-PG,2017,11,73.0,,Documentaries
MOVIE,A Christmas Prince,Alex Zamm,United States,2017,TV-PG,2017,11,92.0,,Children & Family Movies
MOVIE,"Jim & Andy: The Great Beyond - Featuring a Very Special, Contractually Obligated Mention of Tony Clifton",Chris Smith,Canada,2017,TV-MA,2017,11,94.0,,Documentaries
MOVIE,Mudbound,Dee Rees,United States,2017,R,2017,11,135.0,,Dramas
MOVIE,DeRay Davis: How to Act Black,Marcus Raboy,United States,2017,TV-MA,2017,11,66.0,,Stand-Up Comedy
MOVIE,Bon Cop Bad Cop 2,Alain Desrochers,Canada,2017,TV-MA,2017,11,126.0,,Action & Adventure
TV SHOW,Glitter Force Doki Doki,Go Koga,Japan,2017,TV-Y7,2017,11,,2.0,Anime Series
MOVIE,Mea Culpa,"Raúl Campos, Jan Suter",Mexico,2017,TV-MA,2017,11,54.0,,Stand-Up Comedy
MOVIE,The Killer,Marcelo Galvão,Brazil,2017,TV-MA,2017,11,100.0,,Action & Adventure
MOVIE,Jerry Seinfeld: Comedian,Christian Charles,United States,2002,R,2017,11,81.0,,Documentaries
MOVIE,The Journey Is the Destination,Bronwen Hughes,United States,2016,R,2017,11,123.0,,Dramas
MOVIE,Let It Fall: Los Angeles 1982-1992,John Ridley,United States,2017,TV-MA,2017,11,144.0,,Documentaries
MOVIE,Mubarakan,Anees Bazmee,India,2017,PG-13,2017,11,153.0,,Comedies
TV SHOW,Akulah Balqis,Pali Yahya,Not Given,2015,TV-14,2017,11,,1.0,International Tv Shows
MOVIE,Bandie,Alo Sarkar,India,1978,TV-PG,2017,11,141.0,,Action & Adventure
MOVIE,Getaway Plan,Iñaki Dorronsoro,Spain,2016,TV-MA,2017,11,104.0,,International Movies
MOVIE,Hajwala: The Missing Engine,"Ali Bin Matar, Ibrahim Bin Mohamed",United Arab Emirates,2016,TV-PG,2017,11,97.0,,Action & Adventure
MOVIE,Pettersson and Findus 2,Ali Samadi Ahadi,Germany,2016,TV-G,2017,11,82.0,,Children & Family Movies
MOVIE,The Bittersweet,D Ho,China,2017,TV-MA,2017,11,98.0,,Action & Adventure
MOVIE,Judah Friedlander: America Is the Greatest Country in the United States,Judah Friedlander,United States,2017,TV-MA,2017,10,84.0,,Stand-Up Comedy
MOVIE,The B-Side: Elsa Dorfman's Portrait Photography,Errol Morris,United States,2016,R,2017,10,76.0,,Documentaries
MOVIE,SPF-18,Alex Israel,United States,2017,PG-13,2017,10,75.0,,Dramas
MOVIE,Pup Star: Better 2Gether,Robert Vince,Canada,2017,PG,2017,10,93.0,,Children & Family Movies
MOVIE,Joan Didion: The Center Will Not Hold,Griffin Dunne,United States,2017,TV-14,2017,10,98.0,,Documentaries
MOVIE,Strange Weather,Katherine Dieckmann,United States,2016,R,2017,10,91.0,,Dramas
MOVIE,The Hateful Eight,Quentin Tarantino,United States,2015,R,2017,10,168.0,,Action & Adventure
MOVIE,1922,Zak Hilditch,United States,2017,TV-MA,2017,10,103.0,,Dramas
MOVIE,One of Us,"Heidi Ewing, Rachel Grady",United States,2017,TV-14,2017,10,95.0,,Documentaries
MOVIE,Wheelman,Jeremy Rush,United States,2017,TV-MA,2017,10,82.0,,Action & Adventure
MOVIE,Wedding Unplanned,Reem Kherici,France,2017,TV-MA,2017,10,94.0,,Comedies
MOVIE,Patton Oswalt: Annihilation,Bobcat Goldthwait,United States,2017,TV-MA,2017,10,66.0,,Stand-Up Comedy
MOVIE,Baadshaho,Milan Luthria,India,2017,TV-14,2017,10,135.0,,Action & Adventure
MOVIE,Lucknow Central,Ranjit Tiwari,India,2017,TV-14,2017,10,144.0,,Dramas
MOVIE,Belief: The Possession of Janet Moses,David Stubbs,New Zealand,2015,TV-MA,2017,10,90.0,,Documentaries
MOVIE,Singapore,Shakti Samanta,India,1960,TV-PG,2017,10,158.0,,Comedies
MOVIE,Blessed Benefit,Mahmoud al Massad,Germany,2016,TV-14,2017,10,83.0,,Comedies
MOVIE,Clair Obscur,Yesim Ustaoglu,Turkey,2016,TV-MA,2017,10,102.0,,Dramas
MOVIE,"El Especial de Alex Fernández, el Especial",Jan Suter,Mexico,2017,TV-MA,2017,10,52.0,,Stand-Up Comedy
MOVIE,Kingdom of Us,Lucy Cohen,United Kingdom,2017,TV-MA,2017,10,110.0,,Documentaries
MOVIE,The Babysitter,McG,United States,2017,TV-MA,2017,10,85.0,,Comedies
MOVIE,The Meyerowitz Stories (New and Selected),Noah Baumbach,United States,2017,TV-MA,2017,10,113.0,,Comedies
MOVIE,Barakah Meets Barakah,Mahmoud Sabbagh,Saudi Arabia,2016,TV-MA,2017,10,88.0,,Comedies
MOVIE,Bomb Scared,Borja Cobeaga,Spain,2017,TV-MA,2017,10,89.0,,Comedies
MOVIE,Christina P: Mother Inferior,Jay Karas,United States,2017,TV-MA,2017,10,59.0,,Stand-Up Comedy
MOVIE,The Death and Life of Marsha P. Johnson,David France,Greece,2017,TV-MA,2017,10,106.0,,Documentaries
MOVIE,Rodney Carrington: Here Comes the Truth,Brandon Jones,United States,2017,TV-MA,2017,10,66.0,,Stand-Up Comedy
MOVIE,26 Years,Geun-hyun Cho,South Korea,2012,TV-MA,2017,10,135.0,,Dramas
MOVIE,For Your Own Good,Carlos Therón,Spain,2017,TV-MA,2017,10,93.0,,Comedies
MOVIE,Franca: Chaos and Creation,Francesco Carrozzini,United States,2016,TV-MA,2017,10,79.0,,Documentaries
MOVIE,Generation Iron 2,Vlad Yudin,United States,2017,PG-13,2017,10,107.0,,Documentaries
MOVIE,Ghost Patrol,Karen J. Lloyd,Canada,2016,TV-Y7,2017,10,47.0,,Children & Family Movies
MOVIE,The Lion Woman,Vibeke Idsøe,Norway,2016,TV-14,2017,10,118.0,,Dramas
MOVIE,Verónica,"Carlos Algara, Alejandro Martinez-Beltran",Mexico,2017,TV-MA,2017,10,81.0,,Dramas
MOVIE,Out of Thin Air,Dylan Howitt,Not Given,2017,TV-MA,2017,9,85.0,,Documentaries
MOVIE,Gerald's Game,Mike Flanagan,United States,2017,TV-MA,2017,9,103.0,,Horror Movies
MOVIE,Long Shot,Jacob LaMendola,United States,2017,TV-14,2017,9,40.0,,Documentaries
MOVIE,Our Souls at Night,Ritesh Batra,United States,2017,TV-14,2017,9,103.0,,Dramas
MOVIE,Much Loved,Nabil Ayouch,France,2015,TV-MA,2017,9,104.0,,Dramas
MOVIE,Def Comedy Jam 25,Louis J. Horvitz,United States,2017,TV-MA,2017,9,82.0,,Stand-Up Comedy
MOVIE,Swearnet: The Movie,Warren P. Sonoda,Canada,2014,NC-17,2017,9,112.0,,Comedies
MOVIE,The Bar,Álex de la Iglesia,Spain,2017,TV-MA,2017,9,102.0,,Comedies
MOVIE,Gaga: Five Foot Two,Chris Moukarbel,United States,2017,TV-MA,2017,9,101.0,,Documentaries
MOVIE,The Bad Batch,Ana Lily Amirpour,United States,2016,R,2017,9,119.0,,Dramas
MOVIE,Jerry Before Seinfeld,Michael Bonfiglio,United States,2017,TV-14,2017,9,62.0,,Stand-Up Comedy
MOVIE,Barbie Dolphin Magic,Conrad Helten,United States,2017,TV-Y,2017,9,64.0,,Children & Family Movies
MOVIE,First They Killed My Father,Angelina Jolie,Cambodia,2017,TV-MA,2017,9,137.0,,Dramas
MOVIE,Strong Island,Yance Ford,United States,2017,TV-MA,2017,9,108.0,,Documentaries
MOVIE,Joaquín Reyes: Una y no más,José Miguel Contreras,Not Given,2017,TV-MA,2017,9,78.0,,Stand-Up Comedy
MOVIE,Ghost of the Mountains,Ben Wallis,United States,2017,G,2017,9,78.0,,Children & Family Movies
MOVIE,Heroin(e),Elaine McMillion Sheldon,United States,2017,TV-14,2017,9,40.0,,Documentaries
MOVIE,Jeff Dunham: Relative Disaster,Michael Simon,United States,2017,TV-MA,2017,9,71.0,,Stand-Up Comedy
MOVIE,#realityhigh,Fernando Lebrija,United States,2017,TV-14,2017,9,99.0,,Comedies
MOVIE,Fabrizio Copano: Solo pienso en mi,"Rodrigo Toro, Francisco Schultz",Chile,2017,TV-MA,2017,9,60.0,,Stand-Up Comedy
MOVIE,Carrie Pilby,Susan Johnson,United States,2016,TV-MA,2017,9,98.0,,Comedies
MOVIE,Marc Maron: Too Real,Lynn Shelton,United States,2017,TV-MA,2017,9,70.0,,Stand-Up Comedy
MOVIE,Aakhri Adaalat,Rajiv Mehra,India,1988,TV-14,2017,9,148.0,,Action & Adventure
MOVIE,Berserk: The Golden Age Arc II - The Battle for Doldrey,Toshiyuki Kubooka,Japan,2012,TV-MA,2017,9,92.0,,Action & Adventure
MOVIE,Berserk: The Golden Age Arc III - The Advent,Toshiyuki Kubooka,Japan,2013,TV-MA,2017,9,107.0,,Action & Adventure
MOVIE,Brother's Shadow,Todd S. Yellin,United States,2006,TV-MA,2017,9,90.0,,Dramas
MOVIE,Ek Jaan Hain Hum,Rajiv Mehra,India,1983,TV-14,2017,9,151.0,,Dramas
MOVIE,Khoon Khoon,Mohammed Hussain,India,1973,TV-14,2017,9,132.0,,Action & Adventure
MOVIE,Little Evil,Eli Craig,United States,2017,TV-MA,2017,9,95.0,,Comedies
MOVIE,Manoranjan,Shammi Kapoor,India,1974,TV-14,2017,9,162.0,,Comedies
MOVIE,Mujrim,Umesh Mehra,India,1989,TV-14,2017,9,163.0,,Action & Adventure
MOVIE,Offline - Das leben ist kein bonuslevel,Florian Schnell,Germany,2016,TV-MA,2017,9,89.0,,Action & Adventure
MOVIE,Resurface,"Josh Izenberg, Wynn Padula",United States,2017,TV-MA,2017,9,,,Documentaries
MOVIE,Rocco,"Thierry Demaizière, Alban Teurlai",France,2016,TV-MA,2017,9,103.0,,Documentaries
MOVIE,Sohni Mahiwal,"Latif Faiziyev, Umesh Mehra",India,1984,TV-14,2017,9,160.0,,Dramas
MOVIE,The Distinguished Citizen,"Gastón Duprat, Mariano Cohn",Argentina,2016,TV-MA,2017,9,113.0,,Comedies
MOVIE,The Guardian Brothers,Gary Wang,China,2016,TV-G,2017,9,86.0,,Children & Family Movies
MOVIE,The Last Shaman,Raz Degan,United Kingdom,2016,TV-14,2017,9,83.0,,Documentaries
MOVIE,The Lost Brother,Israel Adrián Caetano,Argentina,2017,TV-MA,2017,9,113.0,,Dramas
MOVIE,Todo Sobre El Asado,"Mariano Cohn, Gastón Duprat",Argentina,2016,TV-MA,2017,9,86.0,,Documentaries
MOVIE,Ryan Hamilton: Happy Face,Marcus Raboy,United States,2017,TV-14,2017,8,57.0,,Stand-Up Comedy
MOVIE,Buster's Mal Heart,Sarah Adina Smith,United States,2016,TV-MA,2017,8,98.0,,Independent Movies
MOVIE,Berlin Syndrome,Cate Shortland,Australia,2017,R,2017,8,116.0,,International Movies
MOVIE,Death Note,Adam Wingard,United States,2017,TV-MA,2017,8,100.0,,Horror Movies
MOVIE,Lynne Koplitz: Hormonal Beast,Marcus Raboy,United States,2017,TV-MA,2017,8,51.0,,Stand-Up Comedy
MOVIE,Undefeated,"Daniel Lindsay, T.J. Martin",United States,2011,PG-13,2017,8,113.0,,Documentaries
MOVIE,What Happened to Monday,Tommy Wirkola,United Kingdom,2017,TV-MA,2017,8,124.0,,Action & Adventure
MOVIE,Brad Paisley's Comedy Rodeo,Jay Chapman,United States,2017,TV-MA,2017,8,63.0,,Music & Musicals
MOVIE,Colin Quinn: Unconstitutional,Jay Chapman,United States,2015,TV-MA,2017,8,56.0,,Stand-Up Comedy
MOVIE,The Outcasts,Peter Hutchings,United States,2017,TV-14,2017,8,94.0,,Comedies
MOVIE,Chocolate City: Vegas Strip,Jean-Claude La Marre,United States,2017,TV-MA,2017,8,90.0,,Dramas
MOVIE,Los Herederos,Jorge Hernandez Aldana,Mexico,2015,TV-MA,2017,8,71.0,,Dramas
MOVIE,Naked,Michael Tiddes,United States,2017,TV-14,2017,8,97.0,,Comedies
MOVIE,Demonic,Will Canon,United States,2015,R,2017,8,83.0,,Horror Movies
MOVIE,The Saint,Ernie Barbarash,United States,2017,TV-14,2017,8,92.0,,Action & Adventure
MOVIE,Baahubali 2: The Conclusion (Hindi Version),S.S. Rajamouli,India,2017,TV-MA,2017,8,165.0,,Action & Adventure
MOVIE,Baahubali: The Beginning (Hindi Version),S.S. Rajamouli,India,2015,TV-14,2017,8,159.0,,Action & Adventure
MOVIE,LEGO Marvel Super Heroes: Avengers Reassembled!,Rob Silvestri,United States,2015,TV-Y7,2017,8,,,Children & Family Movies
MOVIE,Enter the Warriors Gate,Matthias Hoene,France,2016,PG-13,2017,8,105.0,,Action & Adventure
MOVIE,Alan Saldaña: Mi vida de pobre,"Raúl Campos, Jan Suter",Mexico,2017,TV-MA,2017,8,54.0,,Stand-Up Comedy
MOVIE,Icarus,Bryan Fogel,United States,2017,TV-MA,2017,8,121.0,,Documentaries
MOVIE,Message from the King,Fabrice Du Welz,United Kingdom,2017,R,2017,8,103.0,,Independent Movies
MOVIE,Baahubali 2: The Conclusion (Malayalam Version),S.S. Rajamouli,Not Given,2017,TV-14,2017,8,166.0,,Action & Adventure
MOVIE,The Invisible Guardian,Fernando González Molina,Spain,2017,TV-MA,2017,8,129.0,,International Movies
MOVIE,Baahubali 2: The Conclusion (Tamil Version),S.S. Rajamouli,Not Given,2017,TV-MA,2017,8,166.0,,Action & Adventure
MOVIE,Baahubali: The Beginning (Malayalam Version),S.S. Rajamouli,Not Given,2015,TV-14,2017,8,160.0,,Action & Adventure
MOVIE,Baahubali: The Beginning (Tamil Version),S.S. Rajamouli,Not Given,2015,TV-14,2017,8,159.0,,Action & Adventure
MOVIE,Maz Jobrani: Immigrant,Maz Jobrani,Not Given,2017,TV-14,2017,8,67.0,,Stand-Up Comedy
MOVIE,Handsome Devil,John Butler,Ireland,2016,TV-MA,2017,8,95.0,,Comedies
MOVIE,Jessica Darling's It List,Ali Scher,United States,2016,TV-Y,2017,8,80.0,,Children & Family Movies
MOVIE,Opening Night,Isaac Rentz,United States,2016,TV-MA,2017,8,84.0,,Comedies
MOVIE,Raising the Bar,Clay Glen,Australia,2016,TV-Y,2017,8,97.0,,Children & Family Movies
MOVIE,The Blind Christ,Christopher Murray,Chile,2016,TV-MA,2017,8,86.0,,Dramas
MOVIE,Un plus une,Claude Lelouch,France,2015,TV-MA,2017,8,114.0,,Comedies
TV SHOW,Daughters of Destiny,Vanessa Roth,United States,2017,TV-14,2017,7,,1.0,Docuseries
MOVIE,The Incredible Jessica James,Jim Strouse,United States,2017,TV-MA,2017,7,84.0,,Comedies
MOVIE,Joe Mande’s Award-Winning Comedy Special,Daniel Gray Longino,United States,2017,TV-MA,2017,7,67.0,,Stand-Up Comedy
MOVIE,I Called Him Morgan,Kasper Collin,Sweden,2016,TV-14,2017,7,91.0,,Documentaries
MOVIE,Aditi Mittal: Things They Wouldn't Let Me Say,Fazila Allana,India,2017,TV-MA,2017,7,63.0,,Stand-Up Comedy
TV SHOW,Ari Shaffir: Double Negative,Eric Abrams,United States,2017,TV-MA,2017,7,,1.0,Stand-Up Comedy & Talk Shows
MOVIE,Uncertain Glory,Agustí Villaronga,Spain,2017,TV-MA,2017,7,116.0,,Dramas
MOVIE,Amar,Esteban Crespo,Spain,2017,TV-MA,2017,7,104.0,,Dramas
MOVIE,Buddy Thunderstruck: The Maybe Pile,Harry Chaskin,United States,2017,TV-Y7,2017,7,,,Children & Family Movies
MOVIE,Chasing Coral,Jeff Orlowski,United States,2017,TV-PG,2017,7,89.0,,Documentaries
MOVIE,To the Bone,Marti Noxon,United States,2017,TV-MA,2017,7,108.0,,Dramas
MOVIE,D.L. Hughley: Clear,Jay Chapman,United States,2014,TV-MA,2017,7,59.0,,Stand-Up Comedy
MOVIE,Tom Segura: Completely Normal,Jay Chapman,United States,2014,TV-MA,2017,7,74.0,,Stand-Up Comedy
TV SHOW,Degrassi: Next Class,Stefan Brogren,Canada,2017,TV-14,2017,7,,4.0,International Tv Shows
MOVIE,Take Me,Pat Healy,United States,2017,TV-MA,2017,7,84.0,,Comedies
MOVIE,10 jours en or,Nicolas Brossette,France,2012,TV-14,2017,7,97.0,,Comedies
TV SHOW,46,Serdar Akar,Turkey,2016,TV-MA,2017,7,,1.0,International Tv Shows
MOVIE,A 2nd Chance,Clay Glen,Australia,2011,PG,2017,7,95.0,,Children & Family Movies
MOVIE,Amrapali,Lekh Tandon,India,1966,TV-PG,2017,7,116.0,,Dramas
MOVIE,Hans Teeuwen: Real Rancour,Doesjka van Hoogdalem,Netherlands,2018,TV-MA,2017,7,86.0,,Stand-Up Comedy
MOVIE,Lal Patthar,Sushil Majumdar,India,1971,TV-14,2017,7,153.0,,Classic Movies
MOVIE,Liar's Dice,Geetu Mohandas,India,2013,TV-MA,2017,7,104.0,,Dramas
MOVIE,Professor,Lekh Tandon,India,1962,TV-PG,2017,7,163.0,,Comedies
MOVIE,The Invisible Guest,Paulo Oriol,Spain,2016,TV-14,2017,7,106.0,,International Movies
MOVIE,Yaar Gaddar,Umesh Mehra,India,1994,TV-14,2017,7,148.0,,Dramas
MOVIE,Zipi & Zape y la Isla del Capitan,Oskar Santos,Spain,2016,TV-PG,2017,7,105.0,,Children & Family Movies
MOVIE,Okja,Bong Joon Ho,South Korea,2017,TV-MA,2017,6,121.0,,Action & Adventure
MOVIE,Chris D'Elia: Man on Fire,Bill D'Elia,United States,2017,TV-MA,2017,6,66.0,,Stand-Up Comedy
MOVIE,I Am Michael,Justin Kelly,United States,2015,TV-MA,2017,6,102.0,,Dramas
MOVIE,Nobody Speak: Trials of the Free Press,Brian Knappenberger,Netherlands,2017,TV-14,2017,6,96.0,,Documentaries
MOVIE,You Get Me,Brent Bonacorso,United States,2017,TV-MA,2017,6,89.0,,Dramas
MOVIE,Dangal,Nitesh Tiwari,India,2016,TV-PG,2017,6,161.0,,Dramas
MOVIE,Puss in Book: Trapped in an Epic Tale,"Roy Burdine, Johnny Castuciano",United States,2017,TV-Y7,2017,6,,,Children & Family Movies
MOVIE,Rory Scovel Tries Stand-Up for the First Time,Scott Moran,United States,2017,TV-MA,2017,6,66.0,,Stand-Up Comedy
MOVIE,Counterpunch,Jay Bulger,United States,2017,TV-MA,2017,6,91.0,,Documentaries
MOVIE,What the Health,"Kip Andersen, Keegan Kuhn",United States,2017,TV-PG,2017,6,92.0,,Documentaries
TV SHOW,World of Winx,Iginio Straffi,Italy,2017,TV-Y7,2017,6,,2.0,Kids' Tv
MOVIE,Kanavu Variyam,Arun Chidambaram,India,2017,TV-PG,2017,6,104.0,,Comedies
MOVIE,"Oh, Hello On Broadway",Michael John Warren,United States,2017,TV-MA,2017,6,102.0,,Stand-Up Comedy
TV SHOW,Man to Man,Chang-Min Lee,South Korea,2017,TV-14,2017,6,,1.0,Crime Tv Shows
MOVIE,Shimmer Lake,Oren Uziel,Canada,2017,TV-MA,2017,6,87.0,,Dramas
MOVIE,The Wishing Tree,Manika Sharma,India,2017,TV-14,2017,6,117.0,,Children & Family Movies
MOVIE,Headshot,"Timo Tjahjanto, Kimo Stamboel",Indonesia,2016,TV-MA,2017,6,119.0,,Action & Adventure
MOVIE,1898: Our Last Men in the Philippines,Salvador Calvo,Spain,2016,R,2017,6,130.0,,Dramas
MOVIE,Lucid Dream,Jun-seong Kim,South Korea,2017,TV-MA,2017,6,102.0,,International Movies
MOVIE,Aashik Awara,Umesh Mehra,India,1993,TV-14,2017,6,154.0,,Dramas
MOVIE,Amelia: A Tale of Two Sisters,Edward Cotterill,United Kingdom,2017,TV-PG,2017,6,44.0,,Documentaries
MOVIE,Catfight,Onur Tukel,United States,2016,TV-MA,2017,6,96.0,,Comedies
MOVIE,How to Stage a Coup,Cal Seville,United Kingdom,2017,TV-14,2017,6,47.0,,Documentaries
MOVIE,Jackie: A Tale of Two Sisters,Edward Cotterill,United Kingdom,2017,TV-PG,2017,6,44.0,,Documentaries
MOVIE,Lens,Jayaprakash Radhakrishnan,India,2015,TV-MA,2017,6,109.0,,Dramas
MOVIE,Little Boxes,Rob Meyer,United States,2016,TV-MA,2017,6,89.0,,Comedies
MOVIE,Love.com,Anita Barbosa,Brazil,2017,TV-MA,2017,6,92.0,,Comedies
MOVIE,Maya Memsaab,Ketan Mehta,France,1993,TV-14,2017,6,122.0,,Dramas
MOVIE,Michael Lost and Found,Daniel Wilner,Canada,2017,TV-PG,2017,6,,,Documentaries
MOVIE,Oh Darling Yeh Hai India,Ketan Mehta,India,1995,TV-14,2017,6,154.0,,Action & Adventure
MOVIE,Prince,Lekh Tandon,India,1969,TV-PG,2017,6,152.0,,Dramas
MOVIE,Qila,Umesh Mehra,India,1998,TV-14,2017,6,161.0,,Dramas
MOVIE,Smoke & Mirrors,Alberto Rodríguez,Spain,2016,TV-14,2017,6,123.0,,Dramas
MOVIE,The Mitfords: A Tale of Two Sisters,Edward Cotterill,United Kingdom,2017,TV-PG,2017,6,44.0,,Documentaries
MOVIE,Without Gorky,Cosima Spender,United Kingdom,2011,TV-14,2017,5,80.0,,Documentaries
MOVIE,Sarah Silverman A Speck of Dust,Liam Lynch,United States,2017,TV-MA,2017,5,71.0,,Stand-Up Comedy
MOVIE,Rangoon,Vishal Bhardwaj,India,2017,TV-14,2017,5,153.0,,Action & Adventure
MOVIE,Joshua: Teenager vs. Superpower,Joe Piscatella,United States,2017,TV-14,2017,5,79.0,,Documentaries
MOVIE,Raees,Rahul Dholakia,India,2017,TV-14,2017,5,143.0,,Action & Adventure
MOVIE,Simplemente Manu NNa,"Jan Suter, Raúl Campos",Mexico,2017,TV-MA,2017,5,72.0,,Stand-Up Comedy
MOVIE,War Machine,David Michôd,United States,2017,TV-MA,2017,5,123.0,,Comedies
MOVIE,Arès,Jean-Patrick Benes,France,2016,TV-MA,2017,5,80.0,,Action & Adventure
MOVIE,BLAME!,Hiroyuki Seshita,Japan,2017,TV-14,2017,5,106.0,,Action & Adventure
MOVIE,Hasan Minhaj: Homecoming King,Christopher Storer,United States,2017,TV-MA,2017,5,73.0,,Stand-Up Comedy
MOVIE,Laerte-se,"Lygia Barbosa da Silva, Eliane Brum",Brazil,2017,TV-MA,2017,5,101.0,,Documentaries
MOVIE,Tracy Morgan: Staying Alive,Ryan Polito,United States,2017,TV-MA,2017,5,59.0,,Stand-Up Comedy
MOVIE,Chamatkar,Rajiv Mehra,India,1992,TV-14,2017,5,164.0,,Comedies
MOVIE,Kabhi Haan Kabhi Naa,Kundan Shah,India,1994,TV-14,2017,5,151.0,,Comedies
MOVIE,Lovesong,So Yong Kim,United States,2016,TV-MA,2017,5,84.0,,Dramas
MOVIE,Natascha Kampusch: The Whole Story,Alina Teodorescu,United States,2010,TV-14,2017,5,51.0,,Movies
MOVIE,Ram Jaane,Rajiv Mehra,India,1995,TV-14,2017,5,142.0,,Dramas
MOVIE,The Devil's Mistress,Filip Renc,Czech Republic,2016,TV-MA,2017,5,110.0,,Dramas
MOVIE,Wild Oats,Andy Tennant,Germany,2016,PG-13,2017,5,86.0,,Comedies
MOVIE,Get Me Roger Stone,"Dylan Bank, Daniel DiMauro, Morgan Pehme",United States,2017,TV-MA,2017,5,101.0,,Documentaries
MOVIE,Mindhorn,Sean Foley,United Kingdom,2017,TV-MA,2017,5,88.0,,Comedies
MOVIE,Sahara,Pierre Coré,France,2017,TV-Y7,2017,5,86.0,,Children & Family Movies
MOVIE,"Norm Macdonald: Hitler's Dog, Gossip & Trickery",Liz Plonka,United States,2017,TV-MA,2017,5,61.0,,Stand-Up Comedy
MOVIE,Handsome: A Netflix Mystery Movie,Jeff Garlin,United States,2017,TV-MA,2017,5,81.0,,Comedies
MOVIE,The Mars Generation,Michael Barnett,United States,2017,TV-PG,2017,5,98.0,,Children & Family Movies
MOVIE,Maria Bamford: Old Baby,Jessica Yu,United States,2017,TV-MA,2017,5,64.0,,Stand-Up Comedy
MOVIE,A Yellow Bird,K. Rajagopal,Singapore,2016,TV-MA,2017,5,111.0,,Dramas
MOVIE,Chaahat,Mahesh Bhatt,India,1996,TV-14,2017,5,148.0,,Dramas
MOVIE,English Babu Desi Mem,Praveen Nischol,India,1996,TV-14,2017,5,163.0,,Comedies
MOVIE,He Even Has Your Eyes,Lucien Jean-Baptiste,France,2016,TV-MA,2017,5,95.0,,Comedies
MOVIE,In the Shadow of Iris,Jalil Lespert,France,2016,TV-MA,2017,5,99.0,,Dramas
MOVIE,JFK: The Making of a President,Edward Cotterill,United Kingdom,2017,TV-PG,2017,5,44.0,,Documentaries
MOVIE,Kiss & Cry,Sean Cisterna,Canada,2017,TV-MA,2017,5,93.0,,Dramas
MOVIE,Loev,Sudhanshu Saria,India,2015,TV-MA,2017,5,89.0,,Dramas
MOVIE,Mostly Sunny,Dilip Mehta,Canada,2016,TV-MA,2017,5,83.0,,Documentaries
MOVIE,The Next Skin,"Isaki Lacuesta, Isa Campo",Spain,2016,TV-MA,2017,5,104.0,,Dramas
MOVIE,Casting JonBenet,Kitty Green,United States,2017,TV-14,2017,4,81.0,,Documentaries
MOVIE,Rodney King,Spike Lee,United States,2017,TV-MA,2017,4,53.0,,Dramas
MOVIE,Small Crimes,Evan Katz,Canada,2017,TV-MA,2017,4,95.0,,Dramas
MOVIE,Dear Zindagi,Gauri Shinde,India,2016,TV-14,2017,4,149.0,,Comedies
MOVIE,Shepherds and Butchers,Oliver Schmitz,South Africa,2016,R,2017,4,106.0,,Dramas
MOVIE,The 101-Year-Old Man Who Skipped Out on the Bill and Disappeared,"Felix Herngren, Måns Herngren",Sweden,2016,TV-MA,2017,4,108.0,,Comedies
MOVIE,Vir Das: Abroad Understanding,Marcus Raboy,United States,2017,TV-MA,2017,4,66.0,,Stand-Up Comedy
TV SHOW,Hot Girls Wanted: Turned On,"Jill Bauer, Ronna Gradus, Rashida Jones",United States,2017,TV-MA,2017,4,,1.0,Docuseries
MOVIE,Sand Castle,Fernando Coimbra,United States,2017,TV-MA,2017,4,113.0,,Action & Adventure
MOVIE,Tramps,Adam Leon,United States,2017,TV-MA,2017,4,83.0,,Dramas
MOVIE,Lucas Brothers: On Drugs,Jay Chapman,United States,2017,TV-MA,2017,4,50.0,,Stand-Up Comedy
MOVIE,Bibi & Tina,Detlev Buck,Germany,2014,TV-PG,2017,4,97.0,,Children & Family Movies
MOVIE,Bibi & Tina II,Detlev Buck,Germany,2014,TV-14,2017,4,105.0,,Children & Family Movies
MOVIE,Bibi & Tina: Girls Versus Boys,Detlev Buck,Germany,2016,TV-14,2017,4,107.0,,Children & Family Movies
MOVIE,Slam,Andrea Molaioli,Italy,2017,TV-MA,2017,4,99.0,,Comedies
MOVIE,The Wedding Party,Kemi Adetiba,Nigeria,2016,TV-14,2017,4,101.0,,Comedies
MOVIE,Arctic Heart,Marie Madinier,France,2016,TV-14,2017,4,81.0,,Dramas
MOVIE,Our Lovers,Miguel Ángel Lamata,Spain,2016,TV-MA,2017,4,92.0,,Comedies
MOVIE,Sandy Wexler,Steven Brill,United States,2017,TV-14,2017,4,131.0,,Comedies
MOVIE,Macho,Antonio Serrano,Mexico,2016,TV-MA,2017,4,101.0,,Comedies
MOVIE,Kevin Hart: What Now?,Leslie Small,United States,2016,R,2017,4,96.0,,Stand-Up Comedy
MOVIE,Frat Star,"Grant S. Johnson, Ippsie Jones",United States,2017,TV-MA,2017,4,85.0,,Comedies
TV SHOW,Five Came Back,Laurent Bouzereau,Not Given,2017,TV-MA,2017,3,,1.0,Docuseries
MOVIE,The Lighthouse of the Orcas,Gerardo Olivares,Spain,2016,TV-MA,2017,4,110.0,,Dramas
MOVIE,Win It All,Joe Swanberg,United States,2017,TV-MA,2017,4,89.0,,Comedies
MOVIE,Couples Counseling,Alexandre Reinecke,Brazil,2016,TV-MA,2017,4,88.0,,Comedies
MOVIE,Deuces,Jamal Hill,United States,2016,TV-MA,2017,4,88.0,,Dramas
MOVIE,Elaan,K. Ramanlal,India,1971,TV-14,2017,4,143.0,,Action & Adventure
MOVIE,Five Nights in Maine,Maris Curran,United States,2015,TV-MA,2017,4,83.0,,Dramas
MOVIE,Killa,Avinash Arun,India,2014,TV-14,2017,4,107.0,,Dramas
MOVIE,Life 2.0,Jason Spingarn-Koff,United States,2010,TV-MA,2017,4,99.0,,Documentaries
MOVIE,Salaakhen,A. Salaam,India,1975,TV-14,2017,4,134.0,,Action & Adventure
MOVIE,Skins,Eduardo Casanova,Spain,2017,TV-MA,2017,4,78.0,,Dramas
MOVIE,The Tenth Man,Daniel Burman,Argentina,2016,TV-MA,2017,4,81.0,,Dramas
MOVIE,Toro,Kike Maíllo,Spain,2016,TV-MA,2017,4,106.0,,Dramas
TV SHOW,Hoff the Record,Gordon Anderson,United Kingdom,2016,TV-MA,2017,3,,2.0,British Tv Shows
MOVIE,The Discovery,Charlie McDowell,United States,2017,TV-MA,2017,3,102.0,,Dramas
MOVIE,Jo Koy: Live from Seattle,Shannon Hartman,United States,2017,TV-MA,2017,3,63.0,,Stand-Up Comedy
MOVIE,Dieter Nuhr: Nuhr in Berlin,Volker Weicker,Germany,2016,TV-MA,2016,11,69.0,,Stand-Up Comedy
MOVIE,Felipe Neto: My Life Makes No Sense,Diego Pignataro,Brazil,2017,TV-MA,2017,3,91.0,,Stand-Up Comedy
MOVIE,The C Word,Meghan O'Hara,United States,2016,TV-14,2017,3,93.0,,Documentaries
MOVIE,The Most Hated Woman in America,Tommy O'Haver,United States,2017,TV-MA,2017,3,93.0,,Dramas
TV SHOW,Dave Chappelle,Stan Lathan,United States,2017,TV-MA,2017,3,,1.0,Stand-Up Comedy & Talk Shows
MOVIE,Best Worst Thing That Ever Could Have Happened,Lonny Price,United States,2016,TV-MA,2017,3,97.0,,Documentaries
MOVIE,Deidra & Laney Rob a Train,Sydney Freeland,United States,2017,TV-14,2017,3,92.0,,Comedies
MOVIE,Pandora,Jung-woo Park,South Korea,2016,TV-MA,2017,3,137.0,,Dramas
MOVIE,Howards End,James Ivory,United Kingdom,1992,PG,2017,3,143.0,,Classic Movies
MOVIE,Asoka,Santosh Sivan,India,2001,R,2017,3,168.0,,Action & Adventure
MOVIE,"Bon Cop, Bad Cop",Erik Canuel,Canada,2006,TV-MA,2017,3,117.0,,Action & Adventure
MOVIE,Notes on Blindness,"Peter Middleton, James Spinney",United Kingdom,2016,TV-PG,2017,3,87.0,,Documentaries
MOVIE,One 2 Ka 4,Shashilal K. Nair,India,2001,TV-14,2017,3,160.0,,Action & Adventure
MOVIE,Jim Norton: Mouthful of Shame,Shannon Hartman,United States,2017,TV-MA,2017,3,62.0,,Stand-Up Comedy
MOVIE,100 Meters,Marcel Barrena,Portugal,2016,TV-MA,2017,3,109.0,,Dramas
MOVIE,Burning Sands,Gerard McMurray,United States,2017,TV-MA,2017,3,102.0,,Dramas
MOVIE,The Butterfly's Dream,Yılmaz Erdoğan,Turkey,2013,TV-PG,2017,3,118.0,,Dramas
MOVIE,Amy Schumer: The Leather Special,Amy Schumer,United States,2017,TV-MA,2017,3,57.0,,Stand-Up Comedy
MOVIE,Nila,Selvamani Selvaraj,India,2016,TV-MA,2017,3,94.0,,Dramas
MOVIE,Mike Birbiglia: Thank God for Jokes,"Seth Barrish, Mike Birbiglia",United States,2017,TV-MA,2017,2,71.0,,Stand-Up Comedy
MOVIE,Force 2,Abhinay Deo,India,2016,TV-14,2017,2,123.0,,Action & Adventure
MOVIE,Jonas,Lô Politi,Brazil,2015,TV-MA,2017,2,97.0,,Dramas
MOVIE,Operações Especiais,Tomas Portella,Brazil,2015,TV-MA,2017,2,99.0,,Action & Adventure
MOVIE,I Don't Feel at Home in This World Anymore,Macon Blair,United States,2017,TV-MA,2017,2,97.0,,Dramas
MOVIE,Trevor Noah: Afraid of the Dark,David Paul Meyer,United States,2017,TV-14,2017,2,67.0,,Stand-Up Comedy
MOVIE,Boy Missing,Mar Targarona,Spain,2016,TV-MA,2017,2,105.0,,International Movies
MOVIE,Growing Up Wild,Keith Scholey,United States,2016,G,2017,2,78.0,,Children & Family Movies
MOVIE,Tini: The New Life of Violetta,Juan Pablo Buscarini,Spain,2016,G,2017,2,99.0,,Children & Family Movies
MOVIE,Rocky Handsome,Nishikant Kamat,India,2016,TV-MA,2017,2,119.0,,Action & Adventure
MOVIE,A Heavy Heart,Thomas Stuber,Germany,2015,TV-MA,2017,2,109.0,,Dramas
MOVIE,Rush: Beyond the Lighted Stage,"Sam Dunn, Scot McFadyen",Canada,2010,TV-MA,2017,2,107.0,,Documentaries
MOVIE,The Fury of a Patient Man,Raúl Arévalo,Spain,2016,TV-MA,2017,2,92.0,,International Movies
MOVIE,The Memory of Water,Matías Bize,Chile,2015,TV-MA,2017,2,88.0,,Dramas
MOVIE,Girlfriend's Day,Michael Paul Stephenson,United States,2017,TV-MA,2017,2,71.0,,Comedies
MOVIE,Katherine Ryan: In Trouble,Colin Dench,United Kingdom,2017,TV-MA,2017,2,64.0,,Stand-Up Comedy
MOVIE,David Brent: Life on the Road,Ricky Gervais,United Kingdom,2016,TV-MA,2017,2,97.0,,Comedies
MOVIE,Hitler - A Career,"Joachim Fest, Christian Herrendoerfer",West Germany,1977,TV-MA,2017,2,150.0,,Documentaries
MOVIE,"Michael Bolton's Big, Sexy Valentine's Day Special","Scott Aukerman, Akiva Schaffer",United States,2017,TV-MA,2017,2,54.0,,Comedies
MOVIE,Daniel Sosa: Sosafado,"Raúl Campos, Jan Suter",Mexico,2017,TV-MA,2017,2,78.0,,Stand-Up Comedy
MOVIE,Imperial Dreams,Malik Vitthal,United States,2014,TV-MA,2017,2,86.0,,Dramas
MOVIE,Dilwale,Rohit Shetty,India,2015,TV-PG,2017,2,154.0,,Action & Adventure
MOVIE,Happy New Year,Farah Khan,India,2014,TV-14,2017,2,179.0,,Action & Adventure
MOVIE,Haraamkhor,Shlok Sharma,India,2015,TV-14,2017,2,93.0,,Dramas
MOVIE,Heroes Wanted,Joaquín Mazón,Spain,2016,TV-MA,2017,2,97.0,,Action & Adventure
MOVIE,The Reconquest,Jonás Trueba,Spain,2016,TV-MA,2017,2,108.0,,Dramas
MOVIE,Zapped,Peter DeLuise,Canada,2014,TV-Y,2017,2,92.0,,Children & Family Movies
MOVIE,Bill Burr: Walk Your Way Out,Jay Karas,United States,2017,TV-MA,2017,1,78.0,,Stand-Up Comedy
MOVIE,Semana Santa,Alejandra Márquez Abella,Mexico,2015,TV-MA,2017,1,87.0,,Dramas
MOVIE,Journey to Greenland,Sébastien Betbeder,France,2016,TV-14,2017,1,99.0,,Comedies
MOVIE,IBOY,Adam Randall,United Kingdom,2017,TV-MA,2017,1,91.0,,International Movies
MOVIE,O Silêncio do Céu,Marco Dutra,Brazil,2016,TV-MA,2017,1,102.0,,Dramas
MOVIE,Cristela Alonzo: Lower Classy,Marcus Raboy,United States,2017,TV-MA,2017,1,67.0,,Stand-Up Comedy
MOVIE,Gad Gone Wild,Mario Rouleau,France,2017,TV-MA,2017,1,57.0,,Stand-Up Comedy
MOVIE,Pink,Aniruddha Roy Chowdhury,India,2016,TV-14,2017,1,130.0,,Dramas
MOVIE,Take the 10,Chester Tam,United States,2017,TV-MA,2017,1,80.0,,Comedies
MOVIE,Neal Brennan: 3 Mics,Neal Brennan,United States,2017,TV-MA,2017,1,66.0,,Stand-Up Comedy
MOVIE,Berlin Calling,Hannes Stöhr,Germany,2008,TV-MA,2017,1,105.0,,Dramas
MOVIE,Sarajevo,Andreas Prochaska,Austria,2014,TV-PG,2017,1,98.0,,Dramas
MOVIE,Stereo,Maximilian Erlenwein,Germany,2014,TV-MA,2017,1,91.0,,International Movies
MOVIE,We Are Young. We Are Strong.,Burhan Qurbani,Germany,2014,TV-MA,2017,1,123.0,,Dramas
MOVIE,Casablancas: The Man Who Loved Women,Hubert Woroniecki,France,2016,TV-14,2017,1,82.0,,Documentaries
MOVIE,13TH,Ava DuVernay,United States,2016,TV-MA,2016,10,101.0,,Documentaries
MOVIE,Clinical,Alistair Legrand,United States,2017,TV-MA,2017,1,104.0,,Horror Movies
MOVIE,Very Big Shot,Mir-Jean Bou Chaaya,Lebanon,2015,TV-MA,2017,1,109.0,,Comedies
MOVIE,Jim Gaffigan: Cinco,Jeannie Gaffigan,United States,2017,TV-14,2017,1,74.0,,Stand-Up Comedy
MOVIE,Under the Shadow,Babak Anvari,United Kingdom,2016,PG-13,2017,1,84.0,,Horror Movies
MOVIE,Coin Heist,Emily Hagins,United States,2017,TV-14,2017,1,98.0,,Children & Family Movies
MOVIE,LEGO: Marvel Super Heroes: Maximum Overload,Greg Richardson,United States,2013,TV-Y7,2017,1,,,Children & Family Movies
MOVIE,Rampage: President Down,Uwe Boll,Canada,2016,TV-MA,2017,1,100.0,,Action & Adventure
MOVIE,Marvel's Hulk: Where Monsters Dwell,Mitch Schauer,United States,2016,PG,2017,1,75.0,,Children & Family Movies
MOVIE,Jen Kirkman: Just Keep Livin’?,Lance Bangs,United States,2017,TV-MA,2017,1,69.0,,Stand-Up Comedy
MOVIE,Autohead,Rohit Mittal,India,2016,TV-MA,2017,1,97.0,,Dramas
MOVIE,Bee Movie,"Steve Hickner, Simon J. Smith",United States,2007,PG,2017,1,92.0,,Children & Family Movies
MOVIE,Headwinds,Jalil Lespert,France,2011,TV-MA,2017,1,92.0,,Dramas
MOVIE,Udta Punjab,Abhishek Chaubey,India,2016,TV-MA,2017,1,146.0,,Dramas
MOVIE,Mr. Pig,Diego Luna,Mexico,2016,TV-MA,2016,12,97.0,,Dramas
MOVIE,7:19,Jorge Michel Grau,Mexico,2016,TV-MA,2016,12,93.0,,Dramas
MOVIE,Garfunkel and Oates: Trying to be Special,"Riki Lindhome, Jeremy Konner",United States,2016,TV-MA,2016,12,62.0,,Music & Musicals
MOVIE,A Christmas Special: Miraculous: Tales of Ladybug & Cat Noir,Thomas Astruc,France,2016,TV-Y7,2016,12,,,Movies
MOVIE,Gabriel lglesias: I’m Sorry For What I Said When I Was Hungry,Manny Rodriguez,United States,2016,TV-14,2016,12,88.0,,Stand-Up Comedy
MOVIE,Barry,Vikram Gandhi,United States,2016,TV-MA,2016,12,105.0,,Dramas
MOVIE,Sister Cities,Sean Hanish,United States,2016,TV-MA,2016,12,88.0,,Dramas
MOVIE,3 Türken & ein Baby,Sinan Akkuş,Germany,2015,TV-MA,2016,12,93.0,,Comedies
MOVIE,Eddie - Strongman,Matt Bell,United Kingdom,2015,TV-MA,2016,12,98.0,,Documentaries
TV SHOW,Merlin,James Hawes,United Kingdom,2012,TV-PG,2016,12,,5.0,British Tv Shows
MOVIE,Russell Peters: Almost Famous,Dave Higby,United States,2016,TV-MA,2016,10,73.0,,Stand-Up Comedy
MOVIE,Sand Storm,Elite Zexer,Israel,2016,TV-PG,2016,12,88.0,,Dramas
MOVIE,Ricardo O'Farrill: Abrazo navideño,"Raúl Campos, Jan Suter",Mexico,2016,TV-MA,2016,12,31.0,,Stand-Up Comedy
MOVIE,Asperger's Are Us,Alex Lehmann,United States,2016,TV-MA,2016,12,83.0,,Documentaries
MOVIE,Mariah Carey's Merriest Christmas,James Yukich,United States,2015,TV-G,2016,12,38.0,,Children & Family Movies
MOVIE,Spectral,Nic Mathieu,United States,2016,TV-14,2016,12,108.0,,Action & Adventure
MOVIE,Other People,Chris Kelly,United States,2016,TV-MA,2016,12,97.0,,Comedies
MOVIE,Blue Jay,Alex Lehmann,United States,2016,TV-MA,2016,12,81.0,,Dramas
MOVIE,One in a Billion,Roman Gackowski,United States,2016,TV-14,2016,12,70.0,,Documentaries
MOVIE,Reggie Watts: Spatial,Benjamin Dickinson,United States,2016,TV-MA,2016,12,62.0,,Music & Musicals
MOVIE,Mercenary,Sacha Wolff,France,2016,TV-MA,2016,12,99.0,,Dramas
MOVIE,For the Love of Spock,Adam Nimoy,Canada,2016,TV-14,2016,12,112.0,,Documentaries
MOVIE,White Girl,Elizabeth Wood,United States,2016,TV-MA,2016,12,90.0,,Dramas
MOVIE,#Rucker50,Robert McCullough Jr.,United States,2016,TV-PG,2016,12,56.0,,Documentaries
MOVIE,1000 Rupee Note,Shrihari Sathe,India,2014,TV-14,2016,12,89.0,,Dramas
MOVIE,Across Grace Alley,Ralph Macchio,United States,2013,TV-PG,2016,12,,,Dramas
MOVIE,Asu Mare 2,Ricardo Maldonado,Peru,2015,TV-14,2016,12,100.0,,Comedies
MOVIE,Interrogation,Vetrimaaran,India,2015,TV-MA,2016,12,116.0,,Dramas
MOVIE,Rainbow Time,Linas Phillips,United States,2016,TV-MA,2016,12,92.0,,Comedies
MOVIE,Richard Pryor: Live in Concert,Jeff Margolis,United States,1979,TV-MA,2016,12,79.0,,Stand-Up Comedy
MOVIE,The Violin Player,Bauddhayan Mukherji,India,2016,TV-14,2016,12,72.0,,Dramas
MOVIE,Beauties of the Night,María Jose Cuevas,Mexico,2016,TV-MA,2016,11,92.0,,Documentaries
MOVIE,Michael Che Matters,Oz Rodriguez,United States,2016,TV-MA,2016,11,61.0,,Stand-Up Comedy
MOVIE,Mercy,Chris Sparling,United States,2016,TV-MA,2016,11,88.0,,Dramas
MOVIE,The Land of Cards,Qaushiq Mukherjee,India,2012,TV-14,2016,11,113.0,,Dramas
MOVIE,Carlos Ballarta: El amor es de putos,"Jan Suter, Raúl Campos Delgado",Mexico,2016,TV-MA,2016,11,67.0,,Stand-Up Comedy
MOVIE,Donald Glover: Weirdo,"Shannon Hartman, Michelle Caputo",United States,2012,TV-MA,2016,11,65.0,,Stand-Up Comedy
MOVIE,Colin Quinn: The New York Story,Jerry Seinfeld,United States,2016,TV-MA,2016,11,62.0,,Stand-Up Comedy
MOVIE,Divines,Houda Benyamina,France,2016,TV-MA,2016,11,107.0,,Dramas
MOVIE,Mumbai Cha Raja,Manjeet Singh,India,2012,TV-MA,2016,11,77.0,,Dramas
MOVIE,True Memoirs of an International Assassin,Jeff Wadlow,United States,2016,TV-14,2016,11,98.0,,Action & Adventure
MOVIE,Santa Pac's Merry Berry Day,Moto Sakakibara,Not Given,2016,TV-Y,2016,11,44.0,,Movies
MOVIE,Kathleen Madigan: Bothering Jesus,Lorene Machado,United States,2016,TV-MA,2016,11,71.0,,Stand-Up Comedy
MOVIE,"Dana Carvey: Straight White Male, 60",Marcus Raboy,United States,2016,TV-MA,2016,11,64.0,,Stand-Up Comedy
MOVIE,The Ivory Game,"Kief Davidson, Richard Ladkani",Austria,2016,TV-14,2016,11,112.0,,Documentaries
MOVIE,A Grand Night In: The Story of Aardman,Richard Mears,United Kingdom,2015,TV-PG,2016,11,59.0,,Documentaries
MOVIE,Norman Lear: Just Another Version of You,"Heidi Ewing, Rachel Grady",United States,2016,TV-MA,2016,11,91.0,,Documentaries
MOVIE,Spanish Affair 2,Emilio Martínez Lázaro,Spain,2015,TV-MA,2016,11,107.0,,Comedies
MOVIE,Pup Star,Robert Vince,Canada,2016,G,2016,10,92.0,,Children & Family Movies
MOVIE,I Am the Pretty Thing That Lives in the House,Osgood Perkins,Canada,2016,TV-14,2016,10,89.0,,Horror Movies
MOVIE,Into the Inferno,Werner Herzog,United Kingdom,2016,TV-PG,2016,10,107.0,,Documentaries
MOVIE,The African Doctor,Julien Rambaldi,France,2016,TV-14,2016,10,94.0,,Comedies
MOVIE,They Are Everywhere,Yvan Attal,France,2016,TV-MA,2016,10,110.0,,Comedies
MOVIE,West Coast,Benjamin Weill,France,2016,TV-MA,2016,10,81.0,,Comedies
MOVIE,7 años,Roger Gual,Spain,2016,TV-MA,2016,10,77.0,,Dramas
MOVIE,Joe Rogan: Triggered,Anthony Giordano,United States,2016,TV-MA,2016,10,64.0,,Stand-Up Comedy
MOVIE,A Mighty Team,Thomas Sorriaux,France,2016,TV-MA,2016,10,97.0,,Comedies
MOVIE,Berserk: The Golden Age Arc I - The Egg of the King,Toshiyuki Kubooka,Japan,2012,TV-MA,2016,10,77.0,,Action & Adventure
MOVIE,Bleach The Movie: Fade to Black,Noriyuki Abe,Japan,2008,TV-PG,2016,10,94.0,,Action & Adventure
MOVIE,Bleach the Movie: Hell Verse,Noriyuki Abe,Japan,2010,TV-14,2016,10,94.0,,Action & Adventure
MOVIE,Blind Date,Clovis Cornillac,France,2015,TV-14,2016,10,91.0,,Comedies
MOVIE,Sky Ladder: The Art of Cai Guo-Qiang,Kevin MacDonald,United States,2016,TV-MA,2016,10,80.0,,Documentaries
MOVIE,Mascots,Christopher Guest,United States,2016,TV-MA,2016,10,95.0,,Comedies
MOVIE,Justin Timberlake + the Tennessee Kids,Jonathan Demme,United States,2016,TV-MA,2016,10,90.0,,Music & Musicals
MOVIE,The Siege of Jadotville,Richie Smyth,Ireland,2016,TV-MA,2016,10,108.0,,Action & Adventure
MOVIE,LEGO Jurassic World: The Indominus Escape,Michael D. Black,United States,2016,TV-Y7,2016,10,,,Children & Family Movies
MOVIE,Bombshell,Riccardo Pilizzeri,New Zealand,2016,TV-MA,2016,10,86.0,,Dramas
MOVIE,Chatô: The King of Brazil,Guilherme Fontes,Brazil,2015,TV-MA,2016,10,105.0,,Dramas
MOVIE,Harud,Aamir Bashir,India,2010,TV-MA,2016,10,100.0,,Dramas
MOVIE,Much Ado About Nothing,Alejandro Fernández Almendras,Chile,2016,TV-MA,2016,10,96.0,,Dramas
MOVIE,My Big Night,Álex de la Iglesia,Spain,2015,TV-MA,2016,10,97.0,,Comedies
MOVIE,My Little Pony Equestria Girls: Legend of Everfree,Ishi Rudell,United States,2016,TV-Y7,2016,10,73.0,,Children & Family Movies
TV SHOW,Old Money,David Schalko,United States,2015,TV-MA,2016,10,,1.0,International Tv Shows
MOVIE,Riphagen - The Untouchable,Pieter Kuijpers,Netherlands,2016,TV-14,2016,10,132.0,,Dramas
MOVIE,Umrika,Prashant Nair,India,2015,TV-MA,2016,10,96.0,,Dramas
MOVIE,Unchained: The Untold Story of Freestyle Motocross,"Paul Taublieb, Jon Freeman",United States,2016,TV-MA,2016,10,92.0,,Documentaries
MOVIE,Welcome Mr. President,Riccardo Milani,Italy,2013,TV-MA,2016,10,99.0,,Comedies
MOVIE,Amanda Knox,"Rod Blackhurst, Brian McGinn",Denmark,2016,TV-MA,2016,9,92.0,,Documentaries
MOVIE,Audrie & Daisy,"Bonni Cohen, Jon Shenk",United States,2016,TV-MA,2016,9,99.0,,Documentaries
MOVIE,Iliza Shlesinger: Confirmed Kills,Bobcat Goldthwait,United States,2016,TV-MA,2016,9,78.0,,Stand-Up Comedy
MOVIE,ARQ,Tony Elliott,Canada,2016,TV-MA,2016,9,89.0,,International Movies
MOVIE,Cedric the Entertainer: Live from the Ville,Troy Miller,United States,2016,TV-MA,2016,9,60.0,,Stand-Up Comedy
MOVIE,The White Helmets,Orlando von Einsiedel,United Kingdom,2016,TV-PG,2016,9,41.0,,Documentaries
MOVIE,Sample This,Dan Forrer,United States,2012,TV-14,2016,9,83.0,,Documentaries
MOVIE,Extremis,Dan Krauss,United States,2016,TV-PG,2016,9,,,Documentaries
MOVIE,Jeff Foxworthy and Larry the Cable Guy: We’ve Been Thinking...,Jay Karas,United States,2016,TV-14,2016,8,75.0,,Stand-Up Comedy
MOVIE,XOXO,Christopher Louie,United States,2016,TV-MA,2016,8,92.0,,Dramas
MOVIE,I'll Sleep When I'm Dead,Justin Krook,United States,2016,TV-MA,2016,8,80.0,,Documentaries
MOVIE,Jim Gaffigan: Beyond the Pale,Michael Drumm,United States,2005,TV-14,2016,8,72.0,,Stand-Up Comedy
MOVIE,Jim Gaffigan: King Baby,Troy Miller,United States,2009,TV-PG,2016,8,71.0,,Stand-Up Comedy
MOVIE,Jim Gaffigan: Mr. Universe,Jay Karas,United States,2012,TV-14,2016,8,77.0,,Stand-Up Comedy
MOVIE,Jim Gaffigan: Obsessed,Jay Chapman,United States,2014,TV-14,2016,8,70.0,,Stand-Up Comedy
MOVIE,David Cross: Making America Great Again!,Alex Coletti,United States,2016,TV-MA,2016,8,73.0,,Stand-Up Comedy
MOVIE,Lavell Crawford: Can a Brother Get Some Love?,Michael Drumm,United States,2011,TV-MA,2016,8,81.0,,Stand-Up Comedy
MOVIE,Children of God,John Smithson,United Kingdom,1994,TV-MA,2016,8,63.0,,Documentaries
MOVIE,Interview with a Serial Killer,Christopher Martin,United States,2008,TV-MA,2016,8,45.0,,Documentaries
MOVIE,Real Crime: Diamond Geezers,Tom Whitter,United Kingdom,2008,TV-14,2016,8,46.0,,Documentaries
MOVIE,Tallulah,Sian Heder,United States,2016,TV-MA,2016,7,112.0,,Dramas
MOVIE,Rebirth,Karl Mueller,United States,2016,TV-MA,2016,7,101.0,,Dramas
MOVIE,Tony Robbins: I Am Not Your Guru,Joe Berlinger,United States,2016,TV-MA,2016,7,117.0,,Documentaries
MOVIE,Gridlocked,Allan Ungar,Canada,2015,R,2016,7,114.0,,Action & Adventure
MOVIE,Brahman Naman,Qaushiq Mukherjee,India,2016,TV-MA,2016,7,96.0,,Comedies
TV SHOW,Kuromukuro,Tensai Okamura,Japan,2016,TV-14,2016,7,,2.0,Anime Series
MOVIE,Jim Jefferies: Freedumb,Ryan Polito,United States,2016,TV-MA,2016,7,87.0,,Stand-Up Comedy
MOVIE,X: Past Is Present,"Hemant Gaba, Pratim D. Gupta, Sudhish Kamath, Nalan Kumarasamy, Anu Menon, Sandeep Mohan, Qaushiq Mukherjee, Rajshree Ojha, Raja Sen, Abhinav Shiv Tiwari, Suparn Verma",India,2015,TV-MA,2016,7,105.0,,Dramas
MOVIE,Sofía Niño de Rivera: Exposed,"Raúl Campos, Jan Suter",Mexico,2016,TV-MA,2016,6,80.0,,Stand-Up Comedy
MOVIE,The Fundamentals of Caring,Rob Burnett,United States,2016,TV-MA,2016,6,97.0,,Comedies
MOVIE,Ip Man 3,Wilson Yip,China,2015,PG-13,2016,6,105.0,,Action & Adventure
MOVIE,Bo Burnham: Make Happy,"Bo Burnham, Christopher Storer",United States,2016,TV-MA,2016,6,60.0,,Music & Musicals
MOVIE,#cats_the_mewvie,Michael Margolis,Canada,2020,TV-14,2020,2,90.0,,Documentaries
MOVIE,The Do-Over,Steven Brill,United States,2016,TV-MA,2016,5,109.0,,Action & Adventure
MOVIE,Ali Wong: Baby Cobra,Jay Karas,United States,2016,TV-MA,2016,5,60.0,,Stand-Up Comedy
MOVIE,Special Correspondents,Ricky Gervais,Canada,2016,TV-MA,2016,4,101.0,,Comedies
MOVIE,Team Foxcatcher,Jon Greenhalgh,United States,2016,TV-MA,2016,4,91.0,,Documentaries
MOVIE,Belgica,"Felix Van Groeningen, Felix van Groeningen",Belgium,2016,TV-MA,2016,4,127.0,,Dramas
MOVIE,Hush,Mike Flanagan,United States,2016,R,2016,4,82.0,,Horror Movies
MOVIE,Frank and Cindy,G.J. Echternkamp,United States,2007,TV-MA,2016,4,70.0,,Documentaries
MOVIE,Kung Fu Panda: Secrets of the Scroll,Rodolphe Guenoden,United States,2016,TV-PG,2016,3,,,Children & Family Movies
MOVIE,He Never Died,Jason Krawczyk,Canada,2015,R,2016,3,97.0,,Comedies
MOVIE,Jimmy Carr: Funny Business,Sam Wrench,United Kingdom,2016,TV-MA,2016,3,62.0,,Stand-Up Comedy
MOVIE,My Beautiful Broken Brain,"Sophie Robinson, Lotje Sodderland",United Kingdom,2016,TV-14,2016,3,84.0,,Documentaries
MOVIE,Pee-wee's Big Holiday,John Lee,United States,2016,TV-PG,2016,3,90.0,,Children & Family Movies
MOVIE,"Crouching Tiger, Hidden Dragon: Sword of Destiny",Yuen Wo-Ping,China,2016,PG-13,2016,2,101.0,,Action & Adventure
MOVIE,Marvel Super Hero Adventures: Frost Fight!,Mitch Schauer,United States,2015,PG,2016,2,74.0,,Children & Family Movies
MOVIE,Hannibal Buress: Comedy Camisado,Lance Bangs,United States,2016,TV-MA,2016,2,68.0,,Stand-Up Comedy
MOVIE,Ricardo O'Farrill Abrazo Genial,"Raúl Campos, Jan Suter",Mexico,2016,TV-MA,2016,1,92.0,,Stand-Up Comedy
MOVIE,Ip Man,Wilson Yip,Hong Kong,2008,R,2016,1,107.0,,Action & Adventure
MOVIE,Ip Man 2,Wilson Yip,Hong Kong,2010,R,2016,1,108.0,,Action & Adventure
MOVIE,Tom Segura: Mostly Stories,Jay Karas,United States,2016,TV-MA,2016,1,74.0,,Stand-Up Comedy
MOVIE,Marco Polo: One Hundred Eyes,Alik Sakharov,United States,2015,TV-MA,2015,12,,,Movies
MOVIE,Mike Epps: Don't Take It Personal,L. Frazier,United States,2015,TV-MA,2015,12,60.0,,Stand-Up Comedy
MOVIE,The Ridiculous 6,Frank Coraci,United States,2015,TV-14,2015,12,120.0,,Action & Adventure
MOVIE,"Trailer Park Boys: Drunk, High and Unemployed: Live in Austin","Gary Howsam, Mike Smith, John Paul Tremblay, Robb Wells",Canada,2015,TV-MA,2015,12,74.0,,Comedies
MOVIE,A Very Murray Christmas,Sofia Coppola,United States,2015,TV-14,2015,12,57.0,,Comedies
MOVIE,Naomi and Ely's No Kiss List,Kristin Hanggi,United States,2015,TV-MA,2015,11,91.0,,Comedies
MOVIE,John Mulaney: The Comeback Kid,Rhys Thomas,United States,2015,TV-MA,2015,11,62.0,,Stand-Up Comedy
MOVIE,Manson Family Vacation,J. Davis,United States,2015,TV-MA,2015,10,85.0,,Comedies
MOVIE,Walt Disney Animation Studios Short Films Collection,"Chris Buck, Jennifer Lee, Patrick Osborne, Lauren MacMullan, John Kahrs, Nathan Greno, Byron Howard, Stevie Wermers, Dean Wellins, Kevin Deters, Roger Allers, Mike Gabriel, Mark Henn",United States,2015,TV-Y,2015,10,90.0,,Children & Family Movies
TV SHOW,Hemlock Grove,Eli Roth,United States,2015,TV-MA,2015,10,,3.0,Tv Horror
MOVIE,Results,Andrew Bujalski,United States,2015,R,2015,10,105.0,,Comedies
MOVIE,Anthony Jeselnik: Thoughts and Prayers,Adam Dubin,United States,2015,TV-MA,2015,10,59.0,,Stand-Up Comedy
MOVIE,Beasts of No Nation,Cary Joji Fukunaga,United States,2015,TV-MA,2015,10,137.0,,Dramas
MOVIE,Circle,"Aaron Hann, Mario Miscione",United States,2015,TV-MA,2015,10,86.0,,Dramas
MOVIE,Winter on Fire: Ukraine's Fight for Freedom,Evgeny Afineevsky,United Kingdom,2015,TV-MA,2015,10,99.0,,Documentaries
MOVIE,Anjelah Johnson: Not Fancy,Jay Karas,United States,2015,TV-14,2015,10,64.0,,Stand-Up Comedy
MOVIE,Keith Richards: Under the Influence,Morgan Neville,United States,2015,TV-14,2015,9,82.0,,Documentaries
MOVIE,Cowspiracy: The Sustainability Secret,"Kip Andersen, Keegan Kuhn",United States,2014,TV-PG,2015,9,90.0,,Documentaries
MOVIE,6 Years,Hannah Fidell,United States,2015,TV-MA,2015,9,80.0,,Dramas
MOVIE,Demetri Martin: Live (At the Time),Jay Karas,United States,2015,TV-MA,2015,8,62.0,,Stand-Up Comedy
MOVIE,Tig,"Kristina Goolsby, Ashley York",United States,2015,TV-14,2015,7,92.0,,Documentaries
MOVIE,Creep,Patrick Brice,United States,2014,R,2015,7,78.0,,Horror Movies
MOVIE,Chris Tucker Live,Phil Joanou,United States,2015,TV-MA,2015,7,92.0,,Stand-Up Comedy
MOVIE,Ralphie May: Imperfectly Yours,Anthony Pierce,United States,2015,TV-MA,2015,6,69.0,,Stand-Up Comedy
MOVIE,"What Happened, Miss Simone?",Liz Garbus,United States,2015,TV-14,2015,6,103.0,,Documentaries
MOVIE,Advantageous,Jennifer Phang,United States,2015,TV-MA,2015,6,92.0,,Dramas
MOVIE,The Perfect Dictatorship,Luis Estrada,Mexico,2014,TV-MA,2015,6,143.0,,Comedies
MOVIE,Hot Girls Wanted,"Jill Bauer, Ronna Gradus",United States,2015,TV-MA,2015,5,83.0,,Documentaries
MOVIE,Jen Kirkman: I'm Gonna Die Alone (And I Feel Fine),Lance Bangs,United States,2015,TV-MA,2015,5,78.0,,Stand-Up Comedy
MOVIE,The Other One: The Long Strange Trip of Bob Weir,Mike Fleiss,United States,2015,TV-14,2015,5,84.0,,Documentaries
MOVIE,Chris D'Elia: Incorrigible,Bill D'Elia,United States,2015,TV-MA,2015,4,84.0,,Stand-Up Comedy
MOVIE,Aziz Ansari Live at Madison Square Garden,Aziz Ansari,United States,2015,TV-MA,2015,3,58.0,,Stand-Up Comedy
MOVIE,My Own Man,David Sampliner,United States,2015,TV-MA,2015,3,82.0,,Documentaries
MOVIE,Ralphie May: Unruly,John Asher,United States,2015,TV-MA,2015,2,83.0,,Stand-Up Comedy
MOVIE,Bill Burr: I'm Sorry You Feel That Way,Jay Karas,United States,2014,TV-MA,2014,12,81.0,,Stand-Up Comedy
MOVIE,Chelsea Peretti: One of the Greats,Lance Bangs,United States,2014,TV-MA,2014,11,75.0,,Stand-Up Comedy
MOVIE,Virunga,Orlando von Einsiedel,United Kingdom,2014,TV-MA,2014,11,100.0,,Documentaries
MOVIE,E-Team,"Katy Chevigny, Ross Kauffman",United States,2014,TV-MA,2014,10,90.0,,Documentaries
MOVIE,Wyatt Cenac: Brooklyn,Wyatt Cenac,United States,2014,TV-MA,2014,10,68.0,,Stand-Up Comedy
MOVIE,Chelsea Handler: Uganda Be Kidding Me Live,James Yukich,United States,2014,TV-MA,2014,10,71.0,,Stand-Up Comedy
MOVIE,Print the Legend,"Luis Lopez, Clay Tweel",United States,2014,TV-14,2014,9,100.0,,Documentaries
MOVIE,Mission Blue,"Robert Nixon, Fisher Stevens",United States,2014,TV-PG,2014,8,94.0,,Documentaries
MOVIE,The Battered Bastards of Baseball,"Chapman Way, Maclain Way",United States,2014,TV-MA,2014,7,80.0,,Documentaries
MOVIE,From One Second to the Next,Werner Herzog,United States,2013,TV-14,2014,4,35.0,,Documentaries
MOVIE,Mitt,Greg Whiteley,United States,2014,TV-PG,2014,1,93.0,,Documentaries
MOVIE,The Square,Jehane Noujaim,United Kingdom,2013,TV-MA,2014,1,105.0,,Documentaries
MOVIE,Shrek the Musical,Jason Moore,United States,2013,TV-G,2013,12,130.0,,Children & Family Movies
MOVIE,The Short Game,Josh Greenbaum,United States,2013,PG,2013,12,100.0,,Children & Family Movies
MOVIE,Aziz Ansari: Buried Alive,"Will Lovelace, Dylan Southern",United States,2013,TV-MA,2013,11,80.0,,Stand-Up Comedy
MOVIE,Being Elmo: A Puppeteer's Journey,Constance Marks,United States,2011,PG,2012,2,76.0,,Documentaries
MOVIE,A Stoning in Fulham County,Larry Elikann,United States,1988,TV-14,2011,10,95.0,,Dramas
MOVIE,Adam: His Song Continues,Robert Markowitz,United States,1986,TV-MA,2011,10,96.0,,Dramas
MOVIE,Hard Lessons,Eric Laneuville,United States,1986,TV-14,2011,10,94.0,,Dramas
MOVIE,In Defense of a Married Man,Joel Oliansky,United States,1990,TV-14,2011,10,94.0,,Dramas
MOVIE,Quiet Victory: The Charlie Wedemeyer Story,Roy Campanella II,United States,1988,TV-PG,2011,10,93.0,,Dramas
MOVIE,Strange Voices,Arthur Allan Seidelman,United States,1987,TV-PG,2011,10,96.0,,Dramas
MOVIE,The Ryan White Story,John Herzfeld,United States,1989,TV-PG,2011,10,94.0,,Dramas
MOVIE,Too Young the Hero,Buzz Kulik,United States,1988,TV-MA,2011,10,94.0,,Dramas
MOVIE,Triumph of the Heart,Richard Michaels,United States,1991,TV-PG,2011,10,93.0,,Dramas
MOVIE,Unspeakable Acts,Linda Otto,United States,1990,TV-14,2011,10,95.0,,Dramas
MOVIE,Victim of Beauty,Roger Young,United States,1991,TV-14,2011,10,93.0,,Dramas
MOVIE,Joseph: King of Dreams,"Rob LaDuca, Robert C. Ramirez",United States,2000,TV-PG,2011,9,75.0,,Children & Family Movies
MOVIE,Even the Rain,Icíar Bollaín,Spain,2010,TV-MA,2011,5,103.0,,Dramas
MOVIE,Splatter,Joe Dante,United States,2009,TV-MA,2009,11,,,Horror Movies
MOVIE,Just Another Love Story,Ole Bornedal,Denmark,2007,TV-MA,2009,5,104.0,,Dramas
MOVIE,To and From New York,Sorin Dan Mihalcescu,United States,2006,TV-MA,2008,1,81.0,,Dramas
MOVIE,9,Shane Acker,United States,2009,PG-13,2017,11,80.0,,Action & Adventure
MOVIE,21,Robert Luketic,United States,2008,PG-13,2020,1,123.0,,Dramas
MOVIE,187,Kevin Reynolds,United States,1997,R,2019,11,119.0,,Dramas
MOVIE,706,Shravan Kumar,India,2019,TV-14,2019,4,118.0,,Horror Movies
MOVIE,1920,Vikram Bhatt,India,2008,TV-MA,2017,12,143.0,,Horror Movies
MOVIE,1-Oct,Kunle Afolayan,Nigeria,2014,TV-14,2019,9,149.0,,Dramas
MOVIE,22-Jul,Paul Greengrass,Norway,2018,R,2018,10,144.0,,Dramas
MOVIE,15-Aug,Swapnaneel Jayakar,India,2019,TV-14,2019,3,124.0,,Comedies
MOVIE,​Goli Soda 2,Vijay Milton,India,2018,TV-14,2018,9,128.0,,Action & Adventure
MOVIE,​Maj Rati ​​Keteki,Santwana Bardoloi,India,2017,TV-14,2018,9,117.0,,Dramas
MOVIE,​Mayurakshi,Atanu Ghosh,India,2017,TV-14,2018,9,100.0,,Dramas
MOVIE,(T)ERROR,"Lyric R. Cabral, David Felix Sutcliffe",United States,2015,NR,2016,6,84.0,,Documentaries
MOVIE,#Roxy,Michael Kennedy,Canada,2018,TV-14,2019,4,105.0,,Comedies
MOVIE,Ég man þig,Óskar Thór Axelsson,Iceland,2017,TV-MA,2018,3,106.0,,Horror Movies
MOVIE,Çok Filim Hareketler Bunlar,Ozan Açıktan,Turkey,2010,TV-MA,2017,3,99.0,,Comedies
MOVIE,Æon Flux,Karyn Kusama,United States,2005,PG-13,2018,2,93.0,,Action & Adventure
MOVIE,1 Chance 2 Dance,Adam Deyoe,United States,2014,TV-PG,2017,7,89.0,,Dramas
MOVIE,1 Mile to You,Leif Tilden,United States,2017,TV-14,2017,7,105.0,,Dramas
MOVIE,"10,000 B.C.",Roland Emmerich,United States,2008,PG-13,2019,6,109.0,,Action & Adventure
MOVIE,100 Years: One Woman's Fight for Justice,Melinda Janko,United States,2016,TV-14,2018,3,75.0,,Documentaries
MOVIE,12 ROUND GUN,Sam Upton,United States,2017,TV-MA,2019,3,90.0,,Dramas
MOVIE,13 Cameras,Victor Zarcoff,United States,2015,NR,2016,8,90.0,,Horror Movies
MOVIE,13 Sins,Daniel Stamm,United States,2014,R,2019,1,93.0,,Horror Movies
MOVIE,14 Blades,Daniel Lee,Hong Kong,2010,R,2019,4,113.0,,Action & Adventure
MOVIE,14 Cameras,"Scott Hussion, Seth Fuller",United States,2018,TV-MA,2018,10,89.0,,Horror Movies
MOVIE,16 Blocks,Richard Donner,United States,2006,PG-13,2019,11,102.0,,Action & Adventure
MOVIE,17 Again,Burr Steers,United States,2009,PG-13,2021,1,102.0,,Comedies
MOVIE,1BR,David Marmor,United States,2019,TV-MA,2020,8,90.0,,Horror Movies
MOVIE,1st Summoning,Raymond Wood,United States,2018,TV-MA,2019,7,94.0,,Horror Movies
MOVIE,20 Feet From Stardom,Morgan Neville,United States,2013,PG-13,2018,9,91.0,,Documentaries
MOVIE,3 Deewarein,Nagesh Kukunoor,India,2003,TV-MA,2019,12,121.0,,Dramas
MOVIE,2036 Origin Unknown,Hasraf Dulull,United Kingdom,2018,TV-14,2018,12,95.0,,Sci-Fi & Fantasy
MOVIE,20th Century Women,Mike Mills,United States,2016,R,2019,6,119.0,,Dramas
MOVIE,21 & Over,"Jon Lucas, Scott Moore",United States,2013,R,2019,4,93.0,,Comedies
MOVIE,2307: Winter's Dream,Joey Curtis,United States,2016,TV-MA,2018,3,101.0,,Action & Adventure
MOVIE,24 Hours to Live,Brian Smrz,South Africa,2017,R,2018,4,93.0,,Action & Adventure
MOVIE,"27, el club de los malditos",Nicanor Loreti,Argentina,2018,TV-MA,2018,5,82.0,,Action & Adventure
MOVIE,27: Gone Too Soon,Simon Napier-Bell,United Kingdom,2017,TV-MA,2018,5,70.0,,Documentaries
MOVIE,28 Days,Betty Thomas,United States,2000,PG-13,2020,9,104.0,,Comedies
MOVIE,3 Generations,Gaby Dellal,United States,2015,PG-13,2017,8,92.0,,Dramas
MOVIE,3 Heroines,Iman Brotoseno,Indonesia,2016,TV-PG,2019,1,124.0,,Dramas
MOVIE,3 Seconds Divorce,Shazia Javed,Canada,2018,TV-PG,2019,6,53.0,,Documentaries
MOVIE,30 Days of Luxury,Hani Hamdi,Egypt,2016,TV-14,2019,4,91.0,,Comedies
MOVIE,30 Minutes or Less,Ruben Fleischer,United States,2011,R,2021,1,83.0,,Action & Adventure
MOVIE,300 Miles to Heaven,Maciej Dejczer,Denmark,1989,TV-14,2019,10,93.0,,Dramas
MOVIE,42 Grams,Jack C. Newell,United States,2017,TV-MA,2018,2,81.0,,Documentaries
MOVIE,4th Man Out,Andrew Nackman,United States,2015,NR,2016,5,86.0,,Comedies
MOVIE,5 to 7,Victor Levin,United States,2014,R,2017,3,97.0,,Comedies
MOVIE,50 First Dates,Peter Segal,United States,2004,PG-13,2020,12,99.0,,Comedies
MOVIE,50/50,Jonathan Levine,United States,2011,R,2019,6,100.0,,Comedies
MOVIE,5CM,Rizal Mantovani,Indonesia,2012,TV-14,2018,9,126.0,,Dramas
MOVIE,6 Days,Toa Fraser,New Zealand,2017,R,2018,2,94.0,,Action & Adventure
MOVIE,6-5=2,Bharat Jain,India,2014,TV-MA,2017,11,103.0,,Horror Movies
MOVIE,68 Kill,Trent Haaga,United States,2017,R,2019,9,96.0,,Comedies
TV SHOW,7 (Seven),Nizar Shafi,India,2019,TV-14,2019,7,,1.0,Tv Shows
MOVIE,7 Din Mohabbat In,"Meenu Gaur, Farjad Nabi",Pakistan,2018,TV-PG,2019,5,137.0,,Comedies
MOVIE,5 Cowok Jagoan,Anggy Umbara,Not Given,2017,TV-MA,2019,1,106.0,,Action & Adventure
MOVIE,A Bad Moms Christmas,"Jon Lucas, Scott Moore",United States,2017,R,2020,2,104.0,,Comedies
MOVIE,A Billion Colour Story,Padmakumar Narasimhamurthy,India,2016,TV-14,2018,4,104.0,,Dramas
MOVIE,A Boy Called Po,John Asher,United States,2016,PG,2018,1,94.0,,Dramas
MOVIE,A Bridge Too Far,Richard Attenborough,United States,1977,PG,2020,7,176.0,,Action & Adventure
MOVIE,A Clockwork Orange,Stanley Kubrick,United Kingdom,1971,R,2020,11,137.0,,Classic Movies
MOVIE,A Dangerous Woman,Stephen Gyllenhaal,United States,1993,R,2018,4,101.0,,Dramas
MOVIE,A Family Affair,Tom Fassaert,Netherlands,2015,TV-PG,2016,10,111.0,,Documentaries
MOVIE,A Family Man,Mark Williams,Canada,2016,R,2019,12,110.0,,Dramas
MOVIE,A Flying Jatt,Remo D'Souza,India,2016,TV-14,2017,11,142.0,,Action & Adventure
MOVIE,A Glimpse Inside the Mind of Charles Swan III,Roman Coppola,United States,2012,R,2018,7,86.0,,Comedies
MOVIE,A Mission in an Old Movie,Ahmad El-Badri,Egypt,2012,TV-MA,2019,4,98.0,,Comedies
MOVIE,A Gray State,Erik Nelson,United States,2017,TV-MA,2017,12,93.0,,Documentaries
MOVIE,A Haunted House,Michael Tiddes,United States,2013,R,2020,2,86.0,,Comedies
MOVIE,A Haunting at Silver Falls: The Return,Teo Konuralp,United States,2019,TV-14,2019,9,80.0,,Horror Movies
MOVIE,A Holiday Engagement,Jim Fall,United States,2011,TV-G,2019,11,92.0,,Children & Family Movies
MOVIE,A Kind of Murder,Andy Goddard,United States,2016,R,2017,5,96.0,,Thrillers
MOVIE,A Leaf of Faith,Chris Bell,United States,2018,TV-MA,2018,8,87.0,,Documentaries
MOVIE,A Most Violent Year,J.C. Chandor,United Arab Emirates,2014,R,2018,7,125.0,,Dramas
MOVIE,A Murder in the Park,"Christopher S. Rech, Brandon Kimber",United States,2014,PG-13,2017,4,91.0,,Documentaries
MOVIE,A Night at the Roxbury,John Fortenberry,United States,1998,PG-13,2019,12,82.0,,Comedies
MOVIE,A Noble Intention,Joram Lürsen,Netherlands,2015,TV-MA,2016,9,111.0,,Dramas
MOVIE,A Patch of Fog,Michael Lennox,United Kingdom,2015,TV-MA,2017,4,92.0,,Dramas
MOVIE,A Perfect Man,Kees Van Oostrum,United States,2013,R,2019,6,94.0,,Dramas
MOVIE,A Princess for Christmas,Michael Damian,United States,2011,TV-PG,2020,8,91.0,,Children & Family Movies
MOVIE,A Russell Peters Christmas,Henry Sarwer-Foner,Canada,2011,NR,2013,11,44.0,,Stand-Up Comedy
MOVIE,A Scandall,Ishaan Trivedi,India,2016,TV-MA,2017,10,108.0,,International Movies
MOVIE,A Separation,Asghar Farhadi,Iran,2011,PG-13,2019,3,123.0,,Dramas
MOVIE,A Serious Man,"Ethan Coen, Joel Coen",United States,2009,R,2018,1,106.0,,Comedies
MOVIE,A Sort of Homecoming,Maria Burton,United States,2015,TV-PG,2017,8,89.0,,Dramas
MOVIE,A Tale of Love and Darkness,Natalie Portman,Israel,2015,PG-13,2019,10,98.0,,Dramas
MOVIE,A Thin Line Between Love & Hate,Martin Lawrence,United States,1996,R,2020,12,108.0,,Comedies
MOVIE,A Thousand Words,Brian Robbins,United States,2012,PG-13,2020,7,92.0,,Comedies
MOVIE,A Walk to Remember,Adam Shankman,United States,2002,PG,2020,7,102.0,,Dramas
MOVIE,A Wednesday,Neeraj Pandey,India,2008,TV-MA,2018,11,103.0,,Action & Adventure
MOVIE,A Week in Watts,Gregory Caruso,United States,2017,TV-14,2018,2,91.0,,Documentaries
MOVIE,A Wrinkle in Time,Ava DuVernay,United States,2018,PG,2018,9,110.0,,Children & Family Movies
MOVIE,A.M.I.,Rusty Nixon,Canada,2019,TV-MA,2020,10,77.0,,Horror Movies
MOVIE,Acts of Violence,Brett Donowho,Canada,2018,R,2020,8,87.0,,Action & Adventure
MOVIE,A.X.L.,Oliver Daly,United States,2018,PG,2019,3,99.0,,Action & Adventure
MOVIE,Aşk Tesadüfleri Sever,Ömer Faruk Sorak,Turkey,2011,TV-MA,2018,4,122.0,,Dramas
MOVIE,Aadu 2,Midhun Manuel Thomas,India,2017,TV-MA,2018,5,150.0,,Comedies
MOVIE,Aajcha Divas Majha,Chandrakant Kulkarni,India,2013,TV-PG,2018,1,126.0,,Comedies
MOVIE,Aarakshan,Prakash Jha,India,2011,TV-14,2019,12,164.0,,Dramas
MOVIE,Aashayein,Nagesh Kukunoor,India,2010,TV-14,2017,10,115.0,,Dramas
MOVIE,Aata Pita,Uttung Shelar,India,2010,TV-14,2018,1,133.0,,Comedies
MOVIE,Abby Sen,Atanu Ghosh,India,2015,TV-PG,2017,5,127.0,,Comedies
MOVIE,Abhinetri,A. L. Vijay,India,2016,TV-14,2018,5,131.0,,Comedies
TV SHOW,Abnormal Summit,"Jung-ah Im, Seung-uk Jo",South Korea,2017,TV-PG,2017,8,,2.0,International Tv Shows
MOVIE,Abominable Christmas,Chad Van De Keere,United States,2012,TV-Y7,2016,2,44.0,,Children & Family Movies
MOVIE,About a Boy,"Chris Weitz, Paul Weitz",United Kingdom,2002,PG-13,2019,2,101.0,,Comedies
MOVIE,Abzurdah,Daniela Goggi,Argentina,2015,TV-MA,2016,8,90.0,,Dramas
MOVIE,Acapulco La vida va,Alfonso Serrano Maturino,Mexico,2016,TV-MA,2017,6,89.0,,Comedies
MOVIE,Across The Line,Julien Christian Lutz,Canada,2015,TV-MA,2019,4,88.0,,Dramas
MOVIE,Across the Universe,Julie Taymor,United States,2007,PG-13,2019,1,133.0,,Dramas
MOVIE,Act of Valor,"Mike McCoy, Scott Waugh",United States,2012,R,2020,6,110.0,,Action & Adventure
MOVIE,Act of Vengeance,Mahsun Kırmızıgül,Turkey,2010,NR,2018,9,112.0,,Action & Adventure
MOVIE,Addicted to Life,Thierry Donard,France,2014,TV-14,2020,6,91.0,,Action & Adventure
MOVIE,Adore,Anne Fontaine,Australia,2013,R,2019,11,111.0,,Dramas
MOVIE,Adrishya,Sandeep Chatterjee,India,2017,TV-14,2019,12,99.0,,Horror Movies
MOVIE,Adventures in Public School,Kyle Rideout,Canada,2018,NR,2018,8,86.0,,Comedies
MOVIE,After Porn Ends,Bryce Wagoner,United States,2012,NR,2019,5,93.0,,Documentaries
MOVIE,After Porn Ends 3,Brittany Andrews,United States,2018,TV-MA,2018,12,87.0,,Documentaries
MOVIE,Afterschool,Antonio Campos,United States,2008,TV-MA,2020,8,107.0,,Dramas
MOVIE,Aftershock,Nicolás López,United States,2012,R,2018,3,89.0,,Action & Adventure
MOVIE,Agatha and the Truth of Murder,Terry Loane,United Kingdom,2018,TV-MA,2019,1,92.0,,Dramas
MOVIE,Ahista Ahista,Shivam Nair,India,2006,TV-14,2019,12,122.0,,Dramas
MOVIE,Ai Weiwei: Never Sorry,Alison Klayman,United States,2012,R,2018,3,91.0,,Documentaries
MOVIE,Aisa Yeh Jahaan,Biswajeet Bora,India,2015,TV-14,2017,10,127.0,,Dramas
MOVIE,Aitraaz,"Abbas Alibhai Burmawalla, Mastan Alibhai Burmawalla",India,2004,TV-14,2018,3,153.0,,International Movies
MOVIE,Albion: The Enchanted Stallion,Castille Landon,United States,2016,TV-PG,2017,7,106.0,,Children & Family Movies
MOVIE,Alejandro Sanz: What I Was Is What I Am,"Gervasio Iglesias, Alexis Morante",Spain,2018,TV-MA,2018,8,102.0,,Documentaries
TV SHOW,Age Gap Love,Not Given,United Kingdom,2017,TV-MA,2019,7,,1.0,British Tv Shows
MOVIE,Alarmoty in the Land of Fire,Not Given,Egypt,2017,TV-MA,2019,8,94.0,,Comedies
MOVIE,Alice Doesn't Live Here Anymore,Martin Scorsese,United States,1974,PG,2019,7,112.0,,Classic Movies
MOVIE,Alien Contact: Outer Space,J. Michael Long,United States,2017,TV-PG,2018,1,63.0,,Documentaries
MOVIE,Aliens Ate My Homework,Sean McNamara,United States,2018,PG,2018,3,90.0,,Children & Family Movies
MOVIE,Alive and Kicking,Susan Glatzer,Sweden,2016,TV-14,2017,8,89.0,,Documentaries
MOVIE,All About Nina,Eva Vives,United States,2018,R,2019,3,101.0,,Comedies
MOVIE,All Dogs Go to Heaven,"Don Bluth, Gary Goldman, Dan Kuenster",Ireland,1989,G,2020,6,85.0,,Children & Family Movies
MOVIE,All Good Ones Get Away,Víctor García,Spain,2019,TV-MA,2019,7,83.0,,International Movies
MOVIE,All Hallows' Eve,Charlie Vaughn,United States,2016,TV-G,2017,8,92.0,,Children & Family Movies
MOVIE,All Light Will End,Chris Blake,United States,2018,TV-MA,2019,2,84.0,,Horror Movies
MOVIE,All the Boys Love Mandy Lane,Jonathan Levine,United States,2006,R,2018,7,91.0,,Horror Movies
MOVIE,All the Devil's Men,Matthew Hope,United Kingdom,2018,R,2019,5,100.0,,Action & Adventure
MOVIE,Alone in Berlin,Vincent Perez,United Kingdom,2016,R,2019,2,103.0,,Dramas
MOVIE,Along Came a Spider,Lee Tamahori,United States,2001,R,2019,10,103.0,,Thrillers
MOVIE,Alpha and Omega 2: A Howl-iday Adventure,Richard Rich,United States,2013,TV-G,2019,10,45.0,,Children & Family Movies
MOVIE,Alpha and Omega: The Legend of the Saw Tooth Cave,Richard Rich,United States,2014,TV-Y7,2020,1,45.0,,Children & Family Movies
MOVIE,AlphaGo,Greg Kohs,United States,2017,TV-G,2018,1,90.0,,Documentaries
MOVIE,Always a Bridesmaid,Trey Haley,United States,2019,TV-14,2020,3,98.0,,Comedies
MOVIE,Amar Akbar & Tony,Atul Malhotra,United Kingdom,2015,TV-MA,2017,6,92.0,,Comedies
MOVIE,Figures of Speech,Ari Levinson,United States,2016,TV-PG,2016,12,92.0,,Documentaries
MOVIE,Amar Akbar Anthony,Manmohan Desai,India,1977,TV-14,2019,12,172.0,,Action & Adventure
MOVIE,Amar's Hands,Khaled Youssef,Egypt,2011,TV-14,2019,4,125.0,,Dramas
MOVIE,American Anarchist,Charlie Siskel,United States,2016,TV-MA,2017,6,81.0,,Documentaries
MOVIE,American Assassin,Michael Cuesta,United States,2017,R,2020,1,112.0,,Action & Adventure
MOVIE,American Beauty,Sam Mendes,United States,1999,R,2020,1,122.0,,Dramas
MOVIE,American Circumcision,Brendon Marotta,United States,2017,TV-14,2018,12,101.0,,Documentaries
MOVIE,American Experience: Ruby Ridge,Barak Goodman,United States,2017,TV-MA,2017,4,53.0,,Documentaries
TV SHOW,American Experience: The Circus,Sharon Grimberg,United States,2018,TV-PG,2019,5,,1.0,Docuseries
MOVIE,American Experience: The Island Murder,Mark Zwonitzer,United States,2018,TV-14,2019,5,53.0,,Documentaries
MOVIE,American Hangman,Wilson Coneybeare,Canada,2019,TV-MA,2019,7,99.0,,Thrillers
MOVIE,American Heist,Sarik Andreasyan,Canada,2014,R,2019,10,95.0,,Action & Adventure
MOVIE,American History X,Tony Kaye,United States,1998,R,2019,11,119.0,,Dramas
MOVIE,American Honey,Andrea Arnold,United Kingdom,2016,R,2019,4,163.0,,Dramas
MOVIE,American Masters: Ted Williams,Nick Davis,United States,2018,TV-MA,2019,4,55.0,,Documentaries
MOVIE,American Psycho,Mary Harron,United States,2000,R,2019,9,102.0,,Comedies
MOVIE,American Warfighter,Jerry G. Angelo,United States,2019,TV-MA,2019,9,106.0,,Dramas
MOVIE,Amy,Asif Kapadia,United Kingdom,2015,R,2018,7,128.0,,Documentaries
MOVIE,An American in Madras,Karan Bali,India,2013,TV-PG,2017,1,80.0,,Documentaries
MOVIE,An American Tail,Don Bluth,United States,1986,G,2018,4,80.0,,Children & Family Movies
MOVIE,An American Tail: Fievel Goes West,"Phil Nibbelink, Simon Wells",United States,1991,G,2018,4,75.0,,Children & Family Movies
MOVIE,An American Tail: The Mystery of the Night Monster,Larry Latham,United States,1999,G,2018,4,75.0,,Children & Family Movies
MOVIE,An American Tail: The Treasures of Manhattan Island,Larry Latham,United States,2000,G,2018,4,79.0,,Children & Family Movies
MOVIE,An Hour and a Half,Wael Ehsan,Egypt,2012,TV-14,2019,4,87.0,,Dramas
MOVIE,An Interview with God,Perry Lang,United States,2018,TV-PG,2019,3,97.0,,Dramas
MOVIE,An Upper Egyptian,"Ismail Farouk, Hazem Fouda",Egypt,2014,TV-MA,2019,6,85.0,,Comedies
MOVIE,Anarkali of Aarah,Avinash Das,India,2017,TV-MA,2017,8,111.0,,Dramas
MOVIE,Anchor and Hope,Carlos Marques-Marcet,Spain,2017,TV-MA,2019,2,113.0,,Comedies
MOVIE,Anesthesia,Tim Blake Nelson,United States,2015,R,2018,12,90.0,,Dramas
MOVIE,Angel Eyes,Luis Mandoki,United States,2001,R,2020,9,103.0,,Dramas
MOVIE,Anger Management,Peter Segal,United States,2003,PG-13,2019,11,105.0,,Comedies
MOVIE,Angry Indian Goddesses,Pan Nalin,India,2015,TV-MA,2017,3,104.0,,Dramas
MOVIE,Ankur Arora Murder Case,Sohail Tatari,India,2013,TV-14,2017,10,127.0,,Dramas
MOVIE,Annabelle Hooper and the Ghosts of Nantucket,Paul Serafini,United States,2016,TV-PG,2017,8,92.0,,Children & Family Movies
MOVIE,Black Man White Skin,Jose Manuel Colón,Spain,2015,TV-PG,2016,6,79.0,,Documentaries
MOVIE,Another Forever,Juan Zapata,Brazil,2016,TV-PG,2017,3,72.0,,Dramas
MOVIE,Ant-Man and the Wasp,Peyton Reed,United States,2018,PG-13,2019,1,118.0,,Action & Adventure
MOVIE,Antar: Son of Shadad,Sherif Ismail,Egypt,2017,TV-MA,2019,5,110.0,,Comedies
MOVIE,Antariksha Ke Rakhwale,Anirban Majumder,Not Given,2018,TV-Y7,2019,6,65.0,,Children & Family Movies
MOVIE,Antidote,Ken Barbet,United States,2018,TV-MA,2019,4,90.0,,Action & Adventure
MOVIE,Anwar,Manish Jha,India,2007,TV-14,2019,12,134.0,,Dramas
MOVIE,Apache Warrior,"David Salzberg, Christian Tureaud",United States,2017,TV-MA,2019,11,89.0,,Documentaries
MOVIE,APEX: The Story of the Hypercar,"J.F. Musial, Josh Vietze",United States,2016,NR,2016,8,86.0,,Documentaries
MOVIE,Apollo 18,Gonzalo López-Gallego,United States,2011,PG-13,2019,3,87.0,,Horror Movies
MOVIE,April and the Extraordinary World,"Christian Desmares, Franck Ekinci",France,2015,PG,2017,10,107.0,,Action & Adventure
MOVIE,"Aram, Aram",Christopher Chambers,United States,2015,TV-14,2017,2,79.0,,Dramas
MOVIE,Are We Done Yet?,Khaled El Halafawy,Egypt,2018,TV-14,2019,8,87.0,,Comedies
MOVIE,Arisan 2,Nia Dinata,Indonesia,2011,TV-14,2018,9,113.0,,Comedies
MOVIE,Arthur,Jason Winer,United States,2011,PG-13,2019,4,110.0,,Comedies
MOVIE,Arthur Christmas,Sarah Smith,United Kingdom,2011,PG,2020,1,98.0,,Children & Family Movies
MOVIE,"As Above, So Below",John Erick Dowdle,United States,2014,R,2018,9,93.0,,Horror Movies
MOVIE,As Good as It Gets,James L. Brooks,United States,1997,PG-13,2020,1,139.0,,Comedies
MOVIE,Assimilate,John Murlowski,United States,2019,TV-MA,2019,10,94.0,,Horror Movies
MOVIE,Asura: The City of Madness,Sung-soo Kim,South Korea,2016,NR,2018,2,133.0,,Action & Adventure
MOVIE,At All Costs,Mike Nicoll,United States,2016,TV-MA,2016,12,81.0,,Documentaries
MOVIE,At First Light,Jason Stone,Canada,2018,TV-14,2018,12,91.0,,Dramas
MOVIE,ATM,Mez Tharatorn,United States,2012,TV-14,2018,9,122.0,,Comedies
MOVIE,Attacking the Devil: Harold Evans and the Last Nazi War Crime,"David Morris, Jacqui Morris",United Kingdom,2014,TV-14,2016,5,102.0,,Documentaries
MOVIE,Attitude Test,"Fabrizio Copano, Augusto Matte",Chile,2016,TV-14,2018,8,88.0,,Comedies
MOVIE,Auschwitz: Blueprints of Genocide,Mike Rossiter,United Kingdom,1994,TV-PG,2019,1,49.0,,Documentaries
MOVIE,Automata,Gabe Ibáñez,Bulgaria,2014,R,2017,9,110.0,,International Movies
MOVIE,Avengers: Infinity War,"Anthony Russo, Joe Russo",United States,2018,PG-13,2018,12,150.0,,Action & Adventure
MOVIE,Avicii: True Stories,Levan Tsikurishvili,Sweden,2017,TV-MA,2018,12,97.0,,Documentaries
MOVIE,Azhar,Anthony D'Souza,India,2016,TV-14,2019,4,129.0,,Dramas
MOVIE,B.A. Pass,Ajay Bahl,India,2013,TV-14,2018,6,99.0,,Dramas
MOVIE,Babam ve Oğlum,Çagan Irmak,Turkey,2005,TV-14,2018,4,112.0,,Dramas
MOVIE,Babel,Alejandro G. Iñárritu,France,2006,R,2019,1,143.0,,Dramas
MOVIE,Bachelor Girls,Shikha Makan,India,2016,TV-MA,2018,3,61.0,,Documentaries
MOVIE,Back and Forth,José Eduardo Belmonte,Brazil,2016,NR,2017,1,95.0,,Comedies
MOVIE,Backcountry,Adam MacDonald,Canada,2014,NR,2017,3,92.0,,Horror Movies
MOVIE,Backfire,Dave Patten,United States,2019,TV-MA,2019,4,97.0,,Dramas
MOVIE,Backtrack,Michael Petroni,Australia,2015,R,2018,12,90.0,,Dramas
MOVIE,Bad Boys,Michael Bay,United States,1995,R,2019,10,119.0,,Action & Adventure
MOVIE,Bad Boys II,Michael Bay,United States,2003,R,2019,10,147.0,,Action & Adventure
MOVIE,Bad Match,David Chirchirillo,Singapore,2017,TV-MA,2018,3,83.0,,Thrillers
MOVIE,Bad Rap,Salima Koroma,United States,2016,TV-MA,2017,8,83.0,,Documentaries
MOVIE,Badha,"Sumitra Bhave, Sunil Sukthankar",India,2006,TV-14,2018,1,91.0,,Dramas
MOVIE,Badland,Justin Lee,United States,2019,TV-14,2020,3,117.0,,Dramas
MOVIE,Balto,Simon Wells,United States,1995,G,2018,4,78.0,,Children & Family Movies
MOVIE,Balto 2: Wolf Quest,Phil Weinstein,United States,2001,G,2018,4,75.0,,Children & Family Movies
MOVIE,Balto 3: Wings of Change,Phil Weinstein,United States,2004,G,2018,4,78.0,,Children & Family Movies
MOVIE,Balu Mahi,Haissam Hussain,Pakistan,2017,TV-MA,2018,3,149.0,,International Movies
MOVIE,Bana Masal Anlatma,Burak Aksak,Turkey,2015,TV-14,2017,3,103.0,,Comedies
MOVIE,Band Aid,Zoe Lister-Jones,United States,2017,R,2019,4,94.0,,Comedies
MOVIE,Jiro Dreams of Sushi,David Gelb,United States,2011,PG,2019,6,79.0,,Documentaries
MOVIE,Band of Robbers,"Aaron Nee, Adam Nee",United States,2015,NR,2016,4,95.0,,Action & Adventure
MOVIE,Bang Rajan 2,Tanit Jitnukul,Thailand,2010,TV-MA,2018,7,122.0,,Action & Adventure
MOVIE,Bangkok Hell,Manop Janjarasskul,Thailand,2002,TV-MA,2018,9,107.0,,Dramas
MOVIE,Bangkok Traffic (Love) Story,Adisorn Tresirikasem,Thailand,2009,TV-14,2018,9,126.0,,Comedies
MOVIE,Barça Dreams,Jordi Llompart,Spain,2015,TV-MA,2018,9,122.0,,Documentaries
MOVIE,Barah Aana,Raja Menon,India,2009,TV-14,2019,12,95.0,,Dramas
MOVIE,Barbecue,Matthew Salleh,Australia,2017,TV-MA,2017,8,101.0,,Documentaries
MOVIE,Barbie & Her Sisters in a Pony Tale,Kyran Kelly,United States,2013,TV-Y,2017,10,74.0,,Children & Family Movies
MOVIE,Barbie in A Mermaid Tale,Adam Wood,United States,2010,TV-Y,2017,10,74.0,,Children & Family Movies
MOVIE,Barbie in Princess Power,Zeke Norton,United States,2015,TV-Y,2017,10,74.0,,Children & Family Movies
MOVIE,Barbie in Rock 'N Royals,Karen J. Lloyd,United States,2015,TV-Y,2017,10,83.0,,Children & Family Movies
MOVIE,Barbie Star Light Adventure,"Andrew Tan, Michael Goguen",United States,2016,TV-Y,2017,10,79.0,,Children & Family Movies
MOVIE,Barbie: A Fairy Secret,William Lau,United States,2010,TV-Y7,2017,10,72.0,,Children & Family Movies
MOVIE,Barbie: Princess Charm School,Ezekiel Norton,United States,2011,TV-Y,2017,10,80.0,,Children & Family Movies
MOVIE,Barbie: Spy Squad,Conrad Helten,United States,2016,TV-Y,2017,10,75.0,,Children & Family Movies
MOVIE,Barbie: The Princess & the Popstar,Ezekiel Norton,United States,2012,TV-Y,2017,10,75.0,,Children & Family Movies
MOVIE,Barbie: Video Game Hero,"Conrad Helten, Ezekiel Norton, Michael Goguen",United States,2017,TV-Y,2017,10,72.0,,Children & Family Movies
MOVIE,Barely Lethal,Kyle Newman,United States,2015,PG-13,2018,7,99.0,,Action & Adventure
MOVIE,Barrio Universitario,Esteban Vidal,Chile,2013,TV-14,2018,8,91.0,,Comedies
MOVIE,Barsaat,Rajkumar Santoshi,India,1995,TV-PG,2018,4,166.0,,Action & Adventure
MOVIE,BASEketball,David Zucker,United States,1998,R,2018,11,103.0,,Comedies
MOVIE,Basic Instinct,Paul Verhoeven,United States,1992,R,2020,10,128.0,,Classic Movies
MOVIE,Bathtubs Over Broadway,Dava Whisenant,United States,2018,PG-13,2019,5,87.0,,Documentaries
MOVIE,Bawarchi,Hrishikesh Mukherjee,India,1972,TV-PG,2019,12,125.0,,Classic Movies
MOVIE,Bazaar,Sagar Sarhadi,India,1982,TV-14,2019,12,121.0,,Dramas
MOVIE,Be Here Now,Lilibet Foster,United States,2015,TV-MA,2017,2,110.0,,Documentaries
MOVIE,Be Somebody,Joshua Caldwell,United States,2016,PG,2019,11,88.0,,Comedies
MOVIE,Beak & Brain: Genius Birds From Down Under,"Volker Arzt, Angelika Sigl",Germany,2013,TV-G,2017,3,52.0,,Documentaries
MOVIE,Bean: The Ultimate Disaster Movie,Mel Smith,United Kingdom,1997,PG-13,2018,8,89.0,,Comedies
MOVIE,Beavis and Butt-head Do America,Mike Judge,United States,1996,PG-13,2019,11,81.0,,Comedies
MOVIE,Bebe's Kids,Bruce W. Smith,United States,1992,PG-13,2019,11,73.0,,Comedies
MOVIE,Because of Soccer,"Agasyah Karim, Khalid Kashogi",Indonesia,2008,TV-14,2018,12,75.0,,Comedies
MOVIE,Because We're Heading Out,Khaled El Halafawy,Egypt,2016,TV-14,2019,4,99.0,,Comedies
MOVIE,Becoming Jane,Julian Jarrold,United Kingdom,2007,PG-13,2019,1,121.0,,Dramas
MOVIE,Bedtime Stories,Adam Shankman,United States,2008,PG,2019,3,100.0,,Children & Family Movies
MOVIE,Before the Flood,Fisher Stevens,United States,2016,PG,2018,2,97.0,,Documentaries
MOVIE,Behind The Cove: The Quiet Japanese Speak Out,Keiko Yagi,Japan,2015,TV-14,2017,8,105.0,,Documentaries
MOVIE,Behind the Curtain: Todrick Hall,Katherine Fairfax Wright,United States,2017,TV-MA,2018,4,100.0,,Documentaries
MOVIE,Beiimaan Love,Rajeev Chaudhari,India,2016,TV-MA,2017,11,115.0,,Dramas
MOVIE,Being AP,Anthony Wonke,United Kingdom,2015,TV-14,2016,8,99.0,,Documentaries
MOVIE,Below Her Mouth,April Mullen,Canada,2016,TV-MA,2017,8,91.0,,Dramas
MOVIE,Beneath the Leaves,Adam Marino,United States,2019,TV-MA,2019,6,90.0,,Independent Movies
MOVIE,Benji: Off the Leash,Joe Camp,United States,2004,PG,2018,3,100.0,,Children & Family Movies
MOVIE,Benji's Very Own Christmas Story,Joe Camp,United States,1978,TV-G,2018,10,,,Children & Family Movies
MOVIE,Berlin Kaplani,Hakan Algül,Turkey,2012,TV-14,2017,3,99.0,,Comedies
MOVIE,Bheemayan,Rajiv Chilaka,India,2018,TV-Y,2019,5,63.0,,Children & Family Movies
MOVIE,Betting on Zero,Ted Braun,United States,2017,TV-PG,2017,6,104.0,,Documentaries
MOVIE,Bewafaa,Dharmesh Darshan,India,2005,TV-PG,2019,7,149.0,,Dramas
MOVIE,Bewildered Bolbol,Khaled Marei,Egypt,2010,TV-14,2019,6,112.0,,Comedies
MOVIE,Best Neighbors,Tamer Bassiouni,Not Given,2014,TV-14,2019,6,98.0,,Comedies
MOVIE,Beyond All Boundaries,Sushrut Jain,United States,2013,TV-14,2017,4,98.0,,Documentaries
MOVIE,Beyond the Clouds,Majid Majidi,India,2018,TV-14,2018,8,120.0,,Dramas
MOVIE,Bhagam Bhag,Priyadarshan,India,2006,TV-14,2019,12,151.0,,Comedies
MOVIE,Bhool Bhulaiyaa,Priyadarshan,India,2007,TV-14,2017,10,148.0,,Dramas
MOVIE,Bhoot,Ram Gopal Varma,India,2003,TV-MA,2019,12,114.0,,Horror Movies
MOVIE,Bhouri,Jasbir Bijendra Bhati,India,2017,TV-14,2017,12,123.0,,Dramas
MOVIE,Big Bear,Joey Kern,United States,2017,TV-MA,2018,2,87.0,,Comedies
MOVIE,Big Daddy,Dennis Dugan,United States,1999,PG-13,2020,10,93.0,,Comedies
MOVIE,Big Fat Liar,Shawn Levy,United States,2002,PG,2020,1,88.0,,Children & Family Movies
MOVIE,Big Kill,Scott Martin,United States,2018,R,2019,6,126.0,,Action & Adventure
MOVIE,Big Time,Kaspar Astrup Schröder,Denmark,2017,TV-MA,2018,4,90.0,,Documentaries
MOVIE,Bigger Fatter Liar,Ron Oliver,United States,2017,PG,2017,4,95.0,,Children & Family Movies
MOVIE,Biggie & Tupac,Nick Broomfield,United Kingdom,2002,R,2019,1,108.0,,Documentaries
MOVIE,Bill Burr: Let It Go,Shannon Hartman,United States,2010,NR,2017,11,65.0,,Stand-Up Comedy
MOVIE,Billy Elliot,Stephen Daldry,United Kingdom,2000,R,2019,2,110.0,,Dramas
MOVIE,Billy Graham: An Extraordinary Journey,"Vonda Harrell, Daniel Camenisch",United States,2018,TV-PG,2019,2,66.0,,Documentaries
MOVIE,Bilu Rakkhosh,Indrasis Acharya,India,2017,TV-MA,2018,3,127.0,,Dramas
MOVIE,Bioscope,"Gajendra Ahire, Viju Mane, Girish Mohite, Ravi Jadhav",India,2015,TV-14,2018,8,131.0,,Dramas
MOVIE,Birthmarked,Emanuel Hoss-Desmarais,Canada,2018,TV-MA,2018,6,88.0,,Comedies
MOVIE,Bitch,Marianna Palka,United States,2017,R,2018,3,97.0,,Comedies
MOVIE,Bitcoin Heist,Ham Tran,Vietnam,2016,TV-14,2017,9,116.0,,Action & Adventure
TV SHOW,Bitter Daisies,Miguel Conde,Spain,2018,TV-MA,2019,3,,1.0,Crime Tv Shows
MOVIE,Bittoo Boss,Supavitra Babul,India,2012,TV-14,2020,7,117.0,,Comedies
MOVIE,Black & Privileged: Volume 1,Mark Harris,United States,2019,TV-MA,2019,7,79.0,,Dramas
MOVIE,Black Hawk Down,Ridley Scott,United States,2001,R,2019,1,144.0,,Action & Adventure
MOVIE,Black Panther,Ryan Coogler,United States,2018,PG-13,2018,9,135.0,,Action & Adventure
MOVIE,Black Site Delta,Jesse Gustafson,United States,2017,TV-MA,2017,8,88.0,,Action & Adventure
MOVIE,Black Snake Moan,Craig Brewer,United States,2007,R,2019,11,116.0,,Dramas
MOVIE,Black Snow,Martin Hodara,Argentina,2017,TV-MA,2017,7,91.0,,Dramas
MOVIE,Blackfish,Gabriela Cowperthwaite,United States,2013,PG-13,2020,5,83.0,,Documentaries
MOVIE,Blackway,Daniel Alfredson,United States,2015,PG-13,2017,12,90.0,,Thrillers
MOVIE,Blaze,Ethan Hawke,United States,2018,R,2020,8,129.0,,Dramas
MOVIE,Bleed for This,Ben Younger,United States,2016,R,2020,4,120.0,,Dramas
MOVIE,Blinky Bill: The Movie,Deane Taylor,Australia,2015,PG,2017,2,91.0,,Children & Family Movies
MOVIE,Blockbuster,July Hygreck,France,2017,TV-MA,2018,1,85.0,,Comedies
MOVIE,Blood Father,Jean-François Richet,France,2016,R,2020,3,88.0,,Action & Adventure
MOVIE,Blow,Ted Demme,United States,2001,R,2019,10,123.0,,Dramas
MOVIE,Blue Is the Warmest Color,Abdellatif Kechiche,France,2013,NC-17,2016,8,180.0,,Dramas
MOVIE,Blue Jasmine,Woody Allen,United States,2013,PG-13,2019,3,98.0,,Comedies
MOVIE,Blue Mountain State: The Rise of Thadland,Lev L. Spiro,United States,2016,R,2016,3,90.0,,Comedies
MOVIE,Blue Ruin,Jeremy Saulnier,United States,2013,R,2019,2,90.0,,Independent Movies
MOVIE,Bottom of the World,Richard Sears,Canada,2017,TV-MA,2020,5,84.0,,Dramas
MOVIE,Blue Streak,Les Mayfield,Germany,1999,PG-13,2021,1,94.0,,Action & Adventure
MOVIE,Blue Valentine,Derek Cianfrance,United States,2010,R,2018,7,112.0,,Dramas
MOVIE,Blurred Lines: Inside the Art World,Barry Avrich,Canada,2017,TV-MA,2017,12,85.0,,Documentaries
MOVIE,Bob Lazar: Area 51 & Flying Saucers,Jeremy Kenyon Lockyer Corbell,United States,2018,TV-MA,2019,6,97.0,,Documentaries
MOVIE,Bob's Broken Sleigh,Jay Surridge,Canada,2015,TV-G,2015,12,47.0,,Children & Family Movies
MOVIE,Bobbi Jene,Elvira Lind,Denmark,2017,TV-MA,2018,6,99.0,,Documentaries
MOVIE,Bobby,Raj Kapoor,India,1973,TV-14,2019,12,168.0,,Classic Movies
MOVIE,Bobby Robson: More Than a Manager,"Gabriel Clarke, Torquil Jones",United Kingdom,2018,TV-14,2018,12,99.0,,Documentaries
MOVIE,Bobby Sands: 66 Days,Brendan Byrne,Ireland,2016,TV-14,2017,9,106.0,,Documentaries
MOVIE,Bokeh,"Geoffrey Orthwein, Andrew Sullivan",United States,2017,TV-14,2017,6,92.0,,Dramas
MOVIE,Bolt,"Byron Howard, Chris Williams",United States,2008,PG,2018,7,99.0,,Children & Family Movies
MOVIE,Bombshell: The Hedy Lamarr Story,Alexandra Dean,United States,2017,TV-14,2018,5,89.0,,Documentaries
MOVIE,Bon Bini Holland,Jelle de Jonge,Netherlands,2015,TV-MA,2016,9,88.0,,Comedies
MOVIE,Bonnie and Clyde,Arthur Penn,United States,1967,R,2021,1,111.0,,Action & Adventure
MOVIE,Boom,Kaizad Gustad,India,2003,TV-MA,2018,3,79.0,,Action & Adventure
MOVIE,Born Strong,"Gary Cohen, Ross Hockrow",United States,2017,TV-MA,2017,12,86.0,,Documentaries
MOVIE,Born to Be Free,Gayane Petrosyan,United Kingdom,2016,TV-14,2017,4,74.0,,Documentaries
MOVIE,Boy and the World,Alê Abreu,Brazil,2013,PG,2017,10,80.0,,Children & Family Movies
MOVIE,Boy Bye,Chris Stokes,United States,2016,TV-MA,2019,4,86.0,,Comedies
MOVIE,Brampton's Own,Michael Doneger,United States,2018,TV-MA,2019,4,90.0,,Dramas
MOVIE,Bratz: The Movie,Sean McNamara,United States,2007,PG,2020,6,102.0,,Children & Family Movies
TV SHOW,Brave Miss World,Cecilia Peck,United States,2013,TV-14,2018,2,,1.0,Crime Tv Shows
MOVIE,Brave New Jersey,Jody Lambert,United States,2016,TV-MA,2017,12,92.0,,Comedies
MOVIE,Breaking Free,Sridhar Rangayan,India,2015,TV-MA,2017,12,81.0,,Documentaries
MOVIE,Breath,Simon Baker,Australia,2018,TV-MA,2018,12,116.0,,Dramas
MOVIE,Brick,Rian Johnson,United States,2005,R,2018,9,110.0,,Independent Movies
MOVIE,Bring It On: Worldwide Showdown,Robert Adetuyi,United States,2017,PG-13,2017,8,95.0,,Comedies
MOVIE,Brooklyn's Finest,Antoine Fuqua,United States,2009,R,2018,10,133.0,,Dramas
MOVIE,Brotherhood of Blades II: The Infernal Battlefield,Lu Yang,China,2017,TV-MA,2018,11,120.0,,Action & Adventure
MOVIE,Bruno and Boots: Go Jump in the Pool,Vivieno Caldinelli,Canada,2016,TV-PG,2017,6,91.0,,Children & Family Movies
MOVIE,Bruno and Boots: The Wizzle War,Vivieno Caldinelli,Canada,2017,TV-PG,2017,7,90.0,,Children & Family Movies
MOVIE,Bruno and Boots: This Can't Be Happening at Macdonald Hall,Vivieno Caldinelli,Canada,2017,TV-PG,2017,6,90.0,,Children & Family Movies
MOVIE,Buffalo Boys,Mike Wiluan,Indonesia,2018,TV-MA,2019,4,103.0,,Action & Adventure
MOVIE,Bugs,Andreas Johnsen,Netherlands,2016,TV-G,2018,2,73.0,,Documentaries
MOVIE,Bullitt County,David McCracken,United States,2018,TV-MA,2019,6,98.0,,Independent Movies
MOVIE,Burlesque,Steve Antin,United States,2010,PG-13,2019,12,119.0,,Dramas
MOVIE,Burlesque: Heart of the Glitter Tribe,Jon Manning,United States,2017,TV-MA,2017,6,76.0,,Documentaries
MOVIE,Burning,Lee Chang-dong,South Korea,2018,TV-MA,2019,4,148.0,,Dramas
MOVIE,Bushwick,"Cary Murnion, Jonathan Milott",United States,2017,TV-MA,2017,11,94.0,,Action & Adventure
MOVIE,Butterfield 8,Daniel Mann,United States,1960,TV-14,2019,11,108.0,,Classic Movies
MOVIE,Cézanne et moi,Daniele Thompson,Belgium,2016,R,2017,9,114.0,,Dramas
MOVIE,Cabin Fever,Travis Zariwny,United States,2016,R,2019,6,98.0,,Horror Movies
MOVIE,Cahaya Dari Timur Beta Maluku,Angga Dwimas Sasongko,Indonesia,2014,TV-14,2018,10,151.0,,Dramas
MOVIE,Caida del Cielo,Néstor Sánchez Sotelo,Argentina,2016,TV-MA,2017,1,78.0,,Comedies
MOVIE,Cake,Asim Abbasi,United Kingdom,2018,TV-MA,2019,5,125.0,,Comedies
MOVIE,Calendar Girls,Madhur Bhandarkar,India,2015,TV-14,2017,10,126.0,,Dramas
MOVIE,Calico Critters: A Town of Dreams,Momoko Kamiya,Not Given,2017,TV-Y,2018,11,,,Children & Family Movies
MOVIE,Calico Critters: The Treasure of Calico Village,Momoko Kamiya,Not Given,2017,TV-Y,2018,11,,,Children & Family Movies
TV SHOW,Camelia la Texana,Carlos Bolado,Mexico,2014,TV-14,2017,2,,1.0,Crime Tv Shows
MOVIE,Camera Store,Scott Marshall Smith,United States,2016,TV-MA,2017,8,104.0,,Comedies
MOVIE,Camp Cool Kids,Lisa Arnold,United States,2017,TV-G,2018,1,104.0,,Children & Family Movies
MOVIE,Camp X-Ray,Peter Sattler,United States,2014,R,2017,1,117.0,,Dramas
MOVIE,Can't Hardly Wait,"Harry Elfont, Deborah Kaplan",United States,1998,PG-13,2021,1,101.0,,Comedies
MOVIE,Candyman,Bernard Rose,United States,1992,R,2019,10,99.0,,Cult Movies
MOVIE,Capital in the Twenty-First Century,Justin Pemberton,France,2019,TV-14,2020,9,103.0,,Documentaries
MOVIE,Cappuccino,Noushad,India,2017,TV-PG,2018,7,126.0,,Comedies
MOVIE,Cardboard Gangsters,Mark O'Connor,Ireland,2016,TV-MA,2018,9,92.0,,Dramas
MOVIE,Caregiver,Chito S. Roño,Philippines,2008,TV-14,2019,3,131.0,,Dramas
MOVIE,Carol,Todd Haynes,United Kingdom,2015,R,2020,10,119.0,,Dramas
MOVIE,Carrie,Brian De Palma,United States,1976,R,2019,6,98.0,,Classic Movies
MOVIE,Carriers,"Àlex Pastor, David Pastor",United States,2009,PG-13,2019,11,85.0,,Horror Movies
MOVIE,Casa de mi Padre,Matt Piedmont,United States,2012,R,2012,11,84.0,,Comedies
MOVIE,Casino Royale,Martin Campbell,United Kingdom,2006,PG-13,2020,8,145.0,,Action & Adventure
MOVIE,Casino Tycoon,Wong Jing,Hong Kong,1992,TV-MA,2018,8,125.0,,Action & Adventure
MOVIE,Casino Tycoon 2,Wong Jing,Hong Kong,1992,TV-MA,2018,8,108.0,,Action & Adventure
MOVIE,Cat on a Hot Tin Roof,Richard Brooks,United States,1958,NR,2019,11,108.0,,Classic Movies
MOVIE,Catching the Sun,Shalini Kantayya,China,2015,TV-14,2016,4,74.0,,Documentaries
MOVIE,Cats & Dogs: The Revenge of Kitty Galore,Brad Peyton,United States,2010,PG,2019,2,82.0,,Children & Family Movies
MOVIE,Catwalk: Tales from the Cat Show Circuit,"Aaron Hancox, Michael McNamara",Canada,2018,TV-PG,2019,1,75.0,,Documentaries
MOVIE,Cave,Henrik Martin Dahlsbakken,Norway,2016,TV-MA,2017,6,77.0,,Action & Adventure
MOVIE,Celluloid Man,Shivendra Singh Dungarpur,India,2012,TV-PG,2017,4,156.0,,Documentaries
MOVIE,Center Stage,Nicholas Hytner,United States,2000,PG-13,2020,1,116.0,,Dramas
MOVIE,Chaar Sahibzaade,Harry Baweja,India,2014,TV-PG,2018,11,126.0,,Dramas
MOVIE,Chal Dhar Pakad,Aatmaram Dharne,India,2010,TV-14,2018,3,129.0,,Comedies
MOVIE,Chal Mere Bhai,David Dhawan,India,2000,TV-14,2019,12,132.0,,Comedies
MOVIE,Chalay Thay Saath,Umer Adil,Pakistan,2017,TV-14,2018,5,118.0,,Comedies
MOVIE,Chandani: The Daughter of the Elephant Whisperer,Arne Birkenstock,Germany,2010,TV-G,2017,3,87.0,,Documentaries
MOVIE,Change in the Air,Dianne Dreyer,United States,2018,PG,2020,3,95.0,,Dramas
MOVIE,Chaotic Love Poems,Garin Nugroho,Indonesia,2016,TV-14,2019,1,86.0,,Dramas
MOVIE,Chappaquiddick,John Curran,United States,2017,PG-13,2018,10,106.0,,Dramas
MOVIE,Charlie and the Chocolate Factory,Tim Burton,United Kingdom,2005,PG,2020,1,115.0,,Children & Family Movies
MOVIE,Charlie's Angels: Full Throttle,McG,United States,2003,PG-13,2019,10,106.0,,Action & Adventure
MOVIE,Charlotte's Web,"Charles A. Nichols, Iwao Takamoto",United States,1973,G,2019,11,94.0,,Children & Family Movies
MOVIE,Chashme Buddoor,David Dhawan,India,2013,TV-PG,2017,5,121.0,,Comedies
MOVIE,Chasing Amy,Kevin Smith,United States,1997,R,2020,1,113.0,,Comedies
MOVIE,Chhota Bheem Aur Kaala Yodha,"Sidheswar Shukla, Asit Mohapatra",Not Given,2018,TV-Y7,2019,5,63.0,,Movies
MOVIE,Chasing the Dragon,"Wong Jing, Jason Kwan",Hong Kong,2017,TV-MA,2018,4,129.0,,Action & Adventure
MOVIE,Chasing Trane,John Scheinfeld,United States,2016,TV-PG,2017,11,99.0,,Documentaries
MOVIE,Chauthi Koot,Gurvinder Singh,India,2015,TV-14,2017,2,116.0,,Dramas
MOVIE,Chhota Bheem Ka Romani Adventure,"Asit Mohapatra, Shyamal Chaulia",Not Given,2018,TV-Y7,2019,5,62.0,,Children & Family Movies
MOVIE,Chhota Bheem Ka Troll Se Takkar,"Shyamal Chaulia, Asit Mohapatra",Not Given,2018,TV-Y7,2019,5,62.0,,Movies
MOVIE,Chernobyl Diaries,Bradley Parker,United States,2012,R,2018,8,88.0,,Horror Movies
MOVIE,Chhota Bheem Kungfu Dhamaka,"Rajiv Chilaka, Binayak Das",India,2019,TV-Y7,2019,8,112.0,,Children & Family Movies
MOVIE,Chicken Kokkachi,Anuranjan Premji,India,2017,TV-14,2018,7,113.0,,Comedies
MOVIE,Chicken Little,Mark Dindal,United States,2005,G,2016,3,82.0,,Children & Family Movies
MOVIE,Chief Daddy,Niyi Akinmolayan,Nigeria,2018,TV-MA,2019,3,98.0,,Comedies
MOVIE,Child's Play,Tom Holland,United States,1988,R,2019,12,87.0,,Cult Movies
MOVIE,Chingo Bling: They Can't Deport Us All,Luis Lopez,Not Given,2017,TV-MA,2017,6,63.0,,Stand-Up Comedy
MOVIE,China Salesman,Tan Bing,China,2017,TV-MA,2018,9,111.0,,Action & Adventure
MOVIE,Chittagong,Bedabrata Pain,United States,2012,NR,2018,1,105.0,,Dramas
MOVIE,Chitty Chitty Bang Bang,Ken Hughes,United Kingdom,1968,G,2020,1,146.0,,Children & Family Movies
MOVIE,Chloe,Atom Egoyan,United States,2009,R,2020,1,96.0,,Independent Movies
MOVIE,Chris Brown: Welcome to My Life,Andrew Sandler,United States,2017,TV-MA,2017,10,80.0,,Documentaries
MOVIE,Christian Mingle,Corbin Bernsen,United States,2014,PG,2019,6,99.0,,Comedies
MOVIE,Christmas Crush,Marita Grabiak,Canada,2012,TV-PG,2019,11,87.0,,Comedies
MOVIE,Christmas in the Smokies,Gary Wheeler,United States,2015,TV-G,2019,3,88.0,,Children & Family Movies
MOVIE,Christmas with the Kranks,Joe Roth,United States,2004,PG,2019,1,99.0,,Children & Family Movies
MOVIE,Christopher Robin,Marc Forster,United States,2018,PG,2019,3,104.0,,Children & Family Movies
MOVIE,Chronicle of an Escape,Israel Adrián Caetano,Argentina,2006,R,2018,6,104.0,,Dramas
MOVIE,Chupan Chupai,Mohsin Ali,Pakistan,2017,TV-14,2019,1,118.0,,Comedies
MOVIE,Chupke Chupke,Hrishikesh Mukherjee,India,1975,TV-PG,2019,12,127.0,,Classic Movies
MOVIE,Cirque du Freak: The Vampire's Assistant,Paul Weitz,United States,2009,PG-13,2018,4,109.0,,Action & Adventure
MOVIE,City of God,"Fernando Meirelles, Katia Lund",Brazil,2002,R,2020,1,130.0,,Dramas
MOVIE,City of Tiny Lights,Pete Travis,United Kingdom,2016,TV-MA,2017,7,110.0,,Dramas
MOVIE,Clarence Clemons: Who Do I Think I Am?,Nick Mead,United States,2019,TV-MA,2019,11,88.0,,Documentaries
MOVIE,Clash of the Titans,Louis Leterrier,United States,2010,PG-13,2019,8,106.0,,Action & Adventure
MOVIE,Class of '61,Gregory Hoblit,United States,1993,TV-PG,2018,4,91.0,,Dramas
MOVIE,Class Rank,Eric Stoltz,United States,2018,TV-MA,2018,9,103.0,,Comedies
MOVIE,Cleopatra Jones,Jack Starrett,United States,1973,PG,2019,11,89.0,,Action & Adventure
MOVIE,Click,Frank Coraci,United States,2006,PG-13,2020,1,108.0,,Comedies
MOVIE,Clive Davis: The Soundtrack of Our Lives,Chris Perkel,United States,2017,TV-MA,2019,9,124.0,,Documentaries
MOVIE,Closed Circuit,John Crowley,United Kingdom,2013,R,2017,10,96.0,,Dramas
MOVIE,Cloud Atlas,"Lilly Wachowski, Lana Wachowski, Tom Tykwer",Germany,2012,R,2017,8,172.0,,Action & Adventure
MOVIE,Clouds of Sils Maria,Olivier Assayas,France,2014,R,2017,2,124.0,,Dramas
MOVIE,Cloverfield,Matt Reeves,United States,2008,PG-13,2020,1,85.0,,Action & Adventure
MOVIE,Coach Carter,Thomas Carter,United States,2005,PG-13,2020,1,137.0,,Dramas
MOVIE,Code Name: The Cleaner,Les Mayfield,United States,2007,PG-13,2019,11,91.0,,Action & Adventure
MOVIE,Coffee with D,Vishal Mishra,India,2017,TV-PG,2017,11,120.0,,Comedies
MOVIE,Colkatay Columbus,Saurav Palodhi,India,2016,TV-14,2017,3,118.0,,Comedies
MOVIE,Colonia,Florian Gallenberger,Germany,2015,R,2018,7,110.0,,Dramas
MOVIE,Colours of Passion,Ketan Mehta,India,2008,TV-14,2018,5,114.0,,Dramas
MOVIE,Come and Find Me,Zack Whedon,Canada,2016,R,2019,9,112.0,,Dramas
MOVIE,Command and Control,Robert Kenner,United States,2017,TV-PG,2017,5,92.0,,Documentaries
MOVIE,Company,Ram Gopal Varma,India,2002,TV-MA,2018,3,137.0,,Action & Adventure
MOVIE,Compulsion,Craig Goodwill,United Kingdom,2016,TV-MA,2018,10,84.0,,Dramas
MOVIE,Concrete Football,"Jesse Adang, Syrine Boulanouar",Czech Republic,2016,TV-MA,2017,9,52.0,,Documentaries
MOVIE,Concussion,Stacie Passon,United States,2013,R,2018,8,96.0,,Dramas
MOVIE,Conjuring Spirit,Van M. Pham,Vietnam,2014,TV-MA,2018,8,112.0,,Horror Movies
MOVIE,Conor McGregor: Notorious,Gavin Fitzgerald,Ireland,2017,R,2018,3,90.0,,Documentaries
MOVIE,Consequences,Ozan Açıktan,Turkey,2014,TV-MA,2019,10,106.0,,Dramas
MOVIE,Contract,Ram Gopal Varma,India,2008,TV-14,2019,3,116.0,,Action & Adventure
MOVIE,Convict,Abdul Aziz Hashad,Not Given,2014,TV-14,2019,6,97.0,,Dramas
MOVIE,Cool Hand Luke,Stuart Rosenberg,United States,1967,TV-14,2021,1,127.0,,Classic Movies
MOVIE,Cop and a Half: New Recruit,Jon Rosenbaum,Canada,2017,PG,2017,8,96.0,,Children & Family Movies
MOVIE,Coraline,Henry Selick,United States,2009,PG,2017,3,101.0,,Children & Family Movies
MOVIE,Counterfeiting in Suburbia,Jason Bourque,Canada,2018,TV-14,2018,7,88.0,,Dramas
MOVIE,Cop Watchers,Ben Steele,Not Given,2016,TV-MA,2017,8,45.0,,Documentaries
MOVIE,Covered: Alive in Asia,"Micah Bickham, Galley Molina",United States,2016,TV-G,2016,3,75.0,,Documentaries
MOVIE,Crash,Paul Haggis,United States,2004,R,2019,10,112.0,,Dramas
MOVIE,CRD,Kranti Kanade,India,2016,TV-MA,2019,4,110.0,,Comedies
MOVIE,"Crouching Tiger, Hidden Dragon",Ang Lee,Taiwan,2000,PG-13,2019,3,120.0,,Action & Adventure
MOVIE,Cult of Chucky,Don Mancini,United States,2017,R,2017,10,90.0,,Horror Movies
MOVIE,Cutie and the Boxer,Zachary Heinzerling,United States,2013,R,2018,6,82.0,,Documentaries
MOVIE,Daagdi Chaawl,Chandrakant Kanse,India,2015,TV-14,2018,2,118.0,,Action & Adventure
MOVIE,Dabbe 6: The Return,Hasan Karacadağ,Turkey,2015,TV-MA,2019,4,153.0,,Horror Movies
MOVIE,Dad,Gary David Goldberg,United States,1989,PG,2018,4,117.0,,Dramas
MOVIE,Daddy Day Care,Steve Carr,United States,2003,PG,2019,1,93.0,,Children & Family Movies
MOVIE,Daddy Issues,Amara Cash,United States,2019,TV-MA,2019,9,82.0,,Dramas
MOVIE,Daemonium,Pablo Parés,Argentina,2015,NR,2016,12,115.0,,Action & Adventure
MOVIE,Daffedar,Johnson Esthappan,India,2017,TV-14,2018,7,151.0,,Dramas
MOVIE,Dagh Ujala,Raj Amit Kumar,United States,2015,TV-MA,2018,4,103.0,,Dramas
MOVIE,Dallas Buyers Club,Jean-Marc Vallée,United States,2013,R,2018,1,117.0,,Dramas
MOVIE,Dance Academy: The Comeback,Jeffrey Walker,Germany,2017,TV-PG,2018,7,100.0,,Dramas
MOVIE,Dancing Quietly,Philipp Eichholtz,Germany,2016,TV-MA,2017,4,70.0,,Dramas
MOVIE,Danny Says,Brendan Toller,United States,2015,TV-MA,2017,3,103.0,,Documentaries
MOVIE,Dante's Peak,Roger Donaldson,United States,1997,PG-13,2019,9,108.0,,Action & Adventure
MOVIE,Dark Chocolate (Bengali Version),Agnidev Chatterjee,India,2016,TV-MA,2017,12,91.0,,Dramas
MOVIE,Dark Crimes,Alexandros Avranas,United Kingdom,2016,R,2019,10,93.0,,Dramas
MOVIE,Dark Places,Gilles Paquet-Brenner,United States,2015,R,2018,7,113.0,,Dramas
MOVIE,Dream Big: Engineering Our World,Greg MacGillivray,United States,2017,TV-G,2018,7,42.0,,Documentaries
MOVIE,Darna Mana Hai,Prawal Raman,India,2003,TV-MA,2019,8,116.0,,Horror Movies
MOVIE,Darra,Parveen Kumar,India,2016,TV-14,2017,10,121.0,,Dramas
MOVIE,Daughters of the Dust,Julie Dash,United Kingdom,1991,NR,2017,6,112.0,,Classic Movies
MOVIE,Dayveon,Amman Abbasi,United States,2017,TV-MA,2018,1,76.0,,Dramas
MOVIE,De Film van Dylan Haegens,"Dylan Haegens, Bas van Teylingen",Netherlands,2018,TV-PG,2019,4,81.0,,Comedies
MOVIE,De Palma,"Noah Baumbach, Jake Paltrow",United States,2015,R,2018,11,110.0,,Documentaries
MOVIE,Dead in a Week (Or Your Money Back),Tom Edmunds,United Kingdom,2018,TV-MA,2019,3,90.0,,Comedies
MOVIE,Deadline: Sirf 24 Ghante,Tanveer Khan,India,2006,TV-14,2019,12,97.0,,Independent Movies
MOVIE,Deadly Scholars,Danny J. Boyle,United States,2018,TV-14,2019,2,86.0,,Dramas
MOVIE,Dean,Demetri Martin,United States,2016,PG-13,2020,3,94.0,,Comedies
MOVIE,Dear Dad,Tanuj Bhramar,India,2016,TV-14,2019,3,83.0,,Comedies
MOVIE,Dear Dracula,Chad Van De Keere,United States,2012,TV-Y7-FV,2016,2,43.0,,Children & Family Movies
MOVIE,Dear Santa,Jason Priestley,Canada,2011,TV-PG,2019,11,92.0,,Comedies
MOVIE,Death at a Funeral,Neil LaBute,United States,2010,R,2020,8,93.0,,Comedies
MOVIE,Death House,Harrison Smith,United States,2017,R,2019,5,88.0,,Horror Movies
MOVIE,Deathgrip,Clay Porter,United Kingdom,2017,TV-MA,2018,3,53.0,,International Movies
MOVIE,Desolate,Frederick Cipoletti,Not Given,2018,TV-MA,2020,2,88.0,,Dramas
MOVIE,Deewangee,Anees Bazmee,India,2002,TV-MA,2020,1,156.0,,International Movies
MOVIE,Defying the Nazis: The Sharps' War,"Ken Burns, Artemis Joukowsky",United States,2016,TV-14,2017,5,79.0,,Documentaries
MOVIE,Delirium,Dennis Iliadis,United States,2018,R,2018,9,96.0,,Horror Movies
MOVIE,Democrats,Camilla Nielsson,Denmark,2014,NR,2016,4,99.0,,Documentaries
MOVIE,Den of Thieves,Christian Gudegast,United States,2018,R,2020,5,140.0,,Action & Adventure
MOVIE,Denis Leary: No Cure For Cancer,Ted Demme,United States,1992,R,2017,8,62.0,,Stand-Up Comedy
MOVIE,Desolation,Sam Patton,United States,2017,TV-MA,2018,5,76.0,,Horror Movies
MOVIE,Detention Letter,Mohamed Samy,Egypt,2017,TV-14,2019,8,99.0,,Action & Adventure
MOVIE,Detour,Christopher Smith,United Kingdom,2016,R,2017,5,97.0,,Thrillers
MOVIE,Deviant Love,Michael Feifer,United States,2019,TV-14,2019,9,87.0,,Thrillers
MOVIE,Devil's Bride,Saara Cantell,Finland,2016,TV-MA,2017,6,108.0,,Dramas
MOVIE,Devil's Gate,Clay Staub,Canada,2017,TV-MA,2020,7,94.0,,Horror Movies
MOVIE,Devrai,"Sumitra Bhave, Sunil Sukthankar",India,2004,TV-PG,2018,1,123.0,,Dramas
MOVIE,Dhamaal,Indra Kumar,India,2007,TV-14,2019,12,128.0,,Action & Adventure
MOVIE,Di Renjie zhi Sidatianwang,Hark Tsui,China,2018,TV-14,2019,2,132.0,,Action & Adventure
MOVIE,Diana: 7 Days That Shook the World,Ben Ryder,United Kingdom,2017,TV-PG,2017,7,93.0,,Documentaries
MOVIE,Diary of a Chambermaid,Benoît Jacquot,France,2015,NR,2016,12,96.0,,Dramas
MOVIE,Die Another Day,Lee Tamahori,United Kingdom,2002,PG-13,2019,12,133.0,,Action & Adventure
MOVIE,Dil Hai Tumhaara,Kundan Shah,India,2002,TV-14,2018,4,176.0,,Dramas
MOVIE,Dinner for Schmucks,Jay Roach,United States,2010,PG-13,2020,1,115.0,,Comedies
MOVIE,Disciples Of The 36th Chamber,Chia-Liang Liu,Hong Kong,1985,TV-14,2018,8,90.0,,Action & Adventure
MOVIE,Discovering Bigfoot,Todd Standing,United States,2017,TV-MA,2017,12,111.0,,Documentaries
MOVIE,Dismissed,Benjamin Arfmann,United States,2017,TV-14,2018,2,87.0,,Thrillers
MOVIE,District 9,Neill Blomkamp,South Africa,2009,R,2019,11,112.0,,Action & Adventure
MOVIE,Doctor Zhivago,David Lean,United States,1965,PG-13,2019,11,200.0,,Classic Movies
MOVIE,Dog Eat Dog,Paul Schrader,United States,2016,TV-MA,2016,12,93.0,,Dramas
MOVIE,Dolphin Kick,Philip Marlatt,United States,2019,TV-PG,2019,6,90.0,,Children & Family Movies
MOVIE,Dolphin Tale 2,Charles Martin Smith,United States,2014,PG,2019,2,107.0,,Children & Family Movies
MOVIE,Domino,Brian De Palma,Denmark,2019,R,2019,9,89.0,,International Movies
MOVIE,Don Quixote: The Ingenious Gentleman of La Mancha,"Mahin Ibrahim, Austin Kolodney, Will Lowell, David Beier, Dave Dorsey, Xu Zhang, Alana Waksman, Jon YonKondy, Drue Metz, Brandon Somerhalder",United States,2015,TV-14,2018,1,83.0,,Comedies
MOVIE,Don Verdean,Jared Hess,United States,2015,PG-13,2020,3,96.0,,Comedies
MOVIE,Don't Be Afraid of the Dark,Troy Nixey,United States,2010,R,2019,11,99.0,,Horror Movies
MOVIE,Don't Crack Under Pressure,Thierry Donard,France,2015,TV-MA,2020,6,95.0,,Action & Adventure
MOVIE,Don't Crack Under Pressure II,Thierry Donard,France,2016,TV-MA,2020,6,88.0,,Action & Adventure
MOVIE,Don't Crack Under Pressure III,Thierry Donard,France,2017,TV-14,2020,6,94.0,,Action & Adventure
MOVIE,Don't Knock Twice,Caradog W. James,United Kingdom,2016,R,2019,2,93.0,,Horror Movies
MOVIE,Don't Look Down,Daniel Gordon,United Kingdom,2016,TV-MA,2017,4,93.0,,Documentaries
MOVIE,Don't Think Twice,Mike Birbiglia,United States,2016,R,2017,5,92.0,,Comedies
MOVIE,Donnie Brasco,Mike Newell,United States,1997,R,2020,1,127.0,,Dramas
MOVIE,Doom,Andrzej Bartkowiak,United Kingdom,2005,R,2020,11,105.0,,Action & Adventure
MOVIE,Dragonkala Ka Rahasya,Rajiv Chilaka,India,2018,TV-Y,2019,6,68.0,,Children & Family Movies
MOVIE,Doubles Cause Troubles,Wong Jing,Hong Kong,1989,TV-14,2018,8,94.0,,Action & Adventure
MOVIE,Doubt,John Patrick Shanley,United States,2008,PG-13,2019,3,104.0,,Dramas
MOVIE,Down The Fence,M.J. Isakson,United States,2017,TV-PG,2018,1,94.0,,Documentaries
MOVIE,Dr. Seuss' The Cat in the Hat,Bo Welch,United States,2003,PG,2019,5,82.0,,Children & Family Movies
MOVIE,Dr. Seuss' The Grinch,"Scott Mosier, Yarrow Cheney",France,2018,PG,2019,6,86.0,,Children & Family Movies
MOVIE,Dragonheart,Rob Cohen,United States,1996,PG-13,2020,1,103.0,,Action & Adventure
MOVIE,Dragonheart 3: The Sorcerer,Colin Teague,United States,2015,PG-13,2020,1,97.0,,Action & Adventure
MOVIE,Dragonheart: A New Beginning,Doug Lefler,United States,2000,PG,2020,1,84.0,,Action & Adventure
MOVIE,Dragonheart: Battle for the Heartfire,Patrik Syversen,United States,2017,PG-13,2017,6,98.0,,Action & Adventure
MOVIE,Dream Boat,Tristan Ferland Milewski,Germany,2017,TV-MA,2017,12,92.0,,Documentaries
MOVIE,Dries,Reiner Holzemer,Germany,2017,TV-PG,2018,1,89.0,,Documentaries
MOVIE,Dukhtar,Afia Nathaniel,Pakistan,2014,TV-14,2016,9,93.0,,Dramas
MOVIE,Dum,Eeshwar Nivas,India,2003,TV-14,2018,3,162.0,,Action & Adventure
MOVIE,Dumb and Dumberer: When Harry Met Lloyd,Troy Miller,United States,2003,PG-13,2019,10,85.0,,Comedies
MOVIE,E-Cigarettes: Miracle or Menace?,Emma Hatherley,United Kingdom,2016,TV-14,2019,2,52.0,,Documentaries
MOVIE,Earth to Echo,Dave Green,United States,2014,PG,2019,10,91.0,,Children & Family Movies
MOVIE,East Side Sushi,Anthony Lucero,United States,2015,PG,2020,9,106.0,,Dramas
MOVIE,Easy A,Will Gluck,United States,2010,PG-13,2020,11,92.0,,Comedies
MOVIE,Eat Pray Love,Ryan Murphy,United States,2010,PG-13,2019,9,140.0,,Dramas
MOVIE,Eddie Murphy: Delirious,Bruce Gowers,United States,1983,TV-MA,2018,4,69.0,,Stand-Up Comedy
MOVIE,Eeda,Ajithkumar,India,2018,TV-14,2018,9,153.0,,Dramas
MOVIE,Eh Janam Tumhare Lekhe,Harjit Singh,India,2015,TV-14,2017,12,124.0,,Dramas
MOVIE,Ek Cup Chya,"Sumitra Bhave, Sunil Sukthankar",India,2009,TV-PG,2018,3,120.0,,Dramas
MOVIE,Ek Hasina Thi,Sriram Raghavan,India,2004,TV-MA,2019,8,134.0,,Dramas
MOVIE,El último testigo,Philipp Stölzl,United States,2012,R,2018,2,105.0,,Action & Adventure
MOVIE,El Che,Matías Gueilburt,Venezuela,2017,TV-14,2017,10,119.0,,Documentaries
MOVIE,El fin de ETA,Justin Webster,Spain,2017,TV-14,2017,4,106.0,,Documentaries
MOVIE,Elephants Dream 4 Hour,Bassam Kurdali,Netherlands,2006,TV-MA,2018,8,196.0,,International Movies
MOVIE,Elizabeth at 90: A Family Tribute,John Bridcut,United Kingdom,2016,TV-G,2017,5,90.0,,Documentaries
MOVIE,Elizabeth Harvest,Sebastian Gutierrez,United States,2019,R,2020,8,109.0,,Dramas
MOVIE,Elles étaient en guerre (1914-1918),"Fabien Beziat, Hugues Nancy",France,2014,TV-14,2017,12,93.0,,Documentaries
MOVIE,Elstree 1976,Jon Spira,United Kingdom,2015,TV-PG,2016,9,102.0,,Documentaries
MOVIE,Emelie,Michael Thelin,United States,2016,TV-MA,2018,8,82.0,,Horror Movies
MOVIE,Emma' (Mother),Riri Riza,Indonesia,2016,TV-PG,2018,10,74.0,,Dramas
MOVIE,Elles étaient en guerre 1939-1945,"Hugues Nancy, Fabien Beziat",Not Given,2015,TV-MA,2018,3,92.0,,Documentaries
MOVIE,Elles ont toutes une histoire,Nils Tavernier,Not Given,2016,TV-PG,2017,12,49.0,,Documentaries
MOVIE,El Viaje: Márama y Rombai,Federico Lemos,Not Given,2016,TV-PG,2017,10,79.0,,Children & Family Movies
MOVIE,Emo the Musical,Neil Triffett,Australia,2016,TV-MA,2018,2,94.0,,Dramas
MOVIE,Empire of Scents,Kim Nguyen,Canada,2014,TV-14,2018,1,87.0,,Documentaries
MOVIE,Employee of the Month,Greg Coolidge,United States,2006,PG-13,2020,10,108.0,,Comedies
MOVIE,Encounter: The Killing,Ajay Phansekar,India,2002,TV-14,2019,12,151.0,,Dramas
MOVIE,End of Watch,David Ayer,United States,2012,R,2019,11,109.0,,Action & Adventure
MOVIE,Enemy,Denis Villeneuve,Canada,2013,R,2018,7,91.0,,Independent Movies
MOVIE,Enlighten Us,Jenny Carchman,United States,2016,TV-14,2017,1,93.0,,Documentaries
MOVIE,Entanglement,Jason James,Canada,2018,TV-MA,2018,12,85.0,,Dramas
MOVIE,Enter the Dragon,Robert Clouse,Hong Kong,1973,R,2021,1,103.0,,Action & Adventure
MOVIE,Equals,Drake Doremus,United States,2015,PG-13,2018,10,102.0,,Dramas
MOVIE,Equilibrium,Kurt Wimmer,United States,2002,R,2019,6,107.0,,Action & Adventure
MOVIE,Escape from the Liberty Cinema,Wojciech Marczewski,Poland,1990,TV-MA,2019,10,88.0,,Comedies
MOVIE,Esperando La Carroza,Alejandro Doria,Argentina,1985,NR,2018,7,95.0,,Comedies
MOVIE,Estar o no estar,Marcelo González,Mexico,2016,TV-14,2017,1,100.0,,Dramas
MOVIE,Euphoria,Valeria Golino,Italy,2018,R,2019,11,110.0,,Dramas
MOVIE,Evan Almighty,Tom Shadyac,United States,2007,PG,2019,4,96.0,,Children & Family Movies
MOVIE,Event Horizon,Paul W.S. Anderson,United Kingdom,1997,R,2020,1,96.0,,Horror Movies
MOVIE,Every Time I Die,Robi Michael,United States,2019,TV-MA,2020,2,98.0,,Dramas
MOVIE,Everybody Knows,Asghar Farhadi,Spain,2019,R,2019,6,133.0,,Dramas
TV SHOW,Exclusive Edition,James Lee,Not Given,2008,TV-14,2017,8,,1.0,International Tv Shows
MOVIE,Evolution,Ivan Reitman,United States,2001,PG-13,2019,11,102.0,,Comedies
MOVIE,Ex Machina,Alex Garland,United Kingdom,2015,R,2018,7,108.0,,Dramas
MOVIE,Executive Decision,Stuart Baird,United States,1996,R,2019,11,133.0,,Action & Adventure
MOVIE,Exit Afghanistan,"Anders Sømme Hammer, Marius Arnesen, Klaus Erik Okstad, Olav Njaastad",Norway,2013,TV-MA,2016,7,58.0,,Documentaries
MOVIE,Exit Strategy,Michael Whitton,United States,2012,NR,2019,3,79.0,,Comedies
MOVIE,Exit Wounds,Andrzej Bartkowiak,United States,2001,R,2019,10,101.0,,Action & Adventure
MOVIE,Expo,Joseph Mbah,United States,2019,TV-14,2019,8,81.0,,Action & Adventure
MOVIE,Eyyvah Eyyvah,Hakan Algül,Turkey,2010,TV-MA,2017,3,99.0,,Comedies
MOVIE,Eyyvah Eyyvah 2,Hakan Algül,Turkey,2011,TV-PG,2017,3,106.0,,Comedies
MOVIE,Eyyvah Eyyvah 3,Hakan Algül,Turkey,2014,TV-PG,2017,3,103.0,,Comedies
MOVIE,F the Prom,Benny Fine,United States,2017,TV-MA,2018,3,92.0,,Comedies
MOVIE,Face 2 Face,Matt Toronto,United States,2017,TV-MA,2018,1,89.0,,Dramas
MOVIE,Fakta Ladh Mhana,Sanjay Jadhav,India,2011,TV-14,2018,2,150.0,,Action & Adventure
MOVIE,Fall Girls,Chris Stokes,United States,2019,TV-14,2020,1,80.0,,Comedies
MOVIE,Fallen,Gregory Hoblit,United States,1998,R,2019,11,124.0,,Thrillers
MOVIE,Familiye,"Sedat Kirtan, Kubilay Sarikaya",Germany,2017,TV-MA,2019,5,99.0,,Dramas
MOVIE,Famous in Ahmedabad,Hardik Mehta,India,2015,TV-14,2016,12,,,Documentaries
MOVIE,Fanatic,Keith L. Smith,United States,2019,TV-14,2019,8,91.0,,Thrillers
MOVIE,Fandry,Nagraj Manjule,India,2014,NR,2018,1,102.0,,Dramas
MOVIE,Farce,Shadi Ali,Egypt,2017,TV-MA,2019,6,94.0,,Comedies
TV SHOW,Father Brown,Ian Barber,United Kingdom,2017,TV-14,2018,3,,6.0,British Tv Shows
MOVIE,Fear and Loathing in Las Vegas,Terry Gilliam,United States,1998,R,2019,11,118.0,,Comedies
MOVIE,Feel Rich,Peter Spirer,United States,2017,TV-MA,2017,8,70.0,,Documentaries
MOVIE,Fiddler on the Roof,Norman Jewison,United States,1971,G,2020,7,181.0,,Classic Movies
MOVIE,Fifty,Biyi Bandele,Nigeria,2015,NR,2015,12,101.0,,Dramas
MOVIE,Figaro Pho,Luke Jurevicius,United Kingdom,2008,TV-Y7,2016,9,,,Children & Family Movies
MOVIE,Fishpeople,Keith Malloy,Not Given,2017,TV-14,2018,4,49.0,,Documentaries
MOVIE,Filmworker,Tony Zierra,United States,2017,TV-MA,2018,11,94.0,,Documentaries
MOVIE,Filosofi Kopi The Movie,Angga Dwimas Sasongko,Indonesia,2015,TV-PG,2018,10,118.0,,Dramas
MOVIE,Final Destination,James Wong,United States,2000,R,2020,1,98.0,,Cult Movies
MOVIE,Final Destination 2,David R. Ellis,United States,2003,R,2020,1,90.0,,Horror Movies
MOVIE,Final Destination 3,James Wong,United States,2006,R,2020,1,93.0,,Horror Movies
MOVIE,Fire at Sea,Gianfranco Rosi,Italy,2016,TV-14,2017,3,114.0,,Documentaries
MOVIE,Fireflies,Sabal Singh Shekawat,India,2013,TV-MA,2019,4,99.0,,Dramas
MOVIE,First Impression,Arthur Muhammad,United States,2018,TV-14,2019,5,96.0,,Comedies
MOVIE,First Kill,Steven C. Miller,United Kingdom,2017,R,2019,9,102.0,,Action & Adventure
MOVIE,FirstBorn,Nirpal Bhogal,United Kingdom,2016,TV-MA,2017,3,90.0,,Horror Movies
MOVIE,Fishtail,Andrew Renzi,United States,2015,NR,2018,10,61.0,,Documentaries
MOVIE,Fittest in Dubai,Gerry Blaksley,United Arab Emirates,2019,TV-14,2020,4,60.0,,Documentaries
MOVIE,Five Elements Ninjas,Cheh Chang,Hong Kong,1982,R,2019,9,104.0,,Action & Adventure
MOVIE,Flash of Genius,Marc Abraham,Canada,2008,PG-13,2017,1,119.0,,Dramas
MOVIE,Flimflam,Khaled Marei,Egypt,2016,TV-14,2019,6,102.0,,Comedies
MOVIE,Flock of Four,Gregory Caruso,United States,2018,TV-MA,2018,8,83.0,,Dramas
MOVIE,LA 92,"Daniel Lindsay, T.J. Martin",United States,2017,R,2018,3,114.0,,Documentaries
MOVIE,Flying Guillotine 2,"Kang Cheng, Shan Hua",Hong Kong,1978,TV-MA,2018,7,88.0,,Action & Adventure
MOVIE,Follow Me,Asri Bendacha,United Arab Emirates,2017,TV-MA,2018,11,86.0,,Documentaries
MOVIE,Footprints: The Path of Your Life,Juan Manuel Cotelo,Spain,2015,PG,2017,6,90.0,,Documentaries
MOVIE,For Colored Girls,Tyler Perry,United States,2010,R,2020,5,134.0,,Dramas
MOVIE,For Grace,"Mark Helenowski, Kevin Pang",United States,2015,TV-PG,2016,3,92.0,,Documentaries
MOVIE,For Greater Glory,Dean Wright,Mexico,2012,R,2019,8,145.0,,Dramas
MOVIE,For Love or Money,Mark Murphy,United Kingdom,2019,TV-MA,2019,8,95.0,,Comedies
MOVIE,For the Birds,Richard Miron,United States,2018,TV-MA,2019,9,93.0,,Documentaries
MOVIE,For the Love of Benji,Joe Camp,United States,1977,G,2018,3,84.0,,Children & Family Movies
MOVIE,Forbidden Games: The Justin Fashanu Story,"Jon Carey, Adam Darke",United Kingdom,2017,TV-14,2017,12,81.0,,Documentaries
MOVIE,Forbidden Planet,Fred M. Wilcox,United States,1956,G,2019,11,98.0,,Action & Adventure
MOVIE,Forever Chape,Luis Ara,Brazil,2018,TV-MA,2018,8,74.0,,Documentaries
MOVIE,Forever Pure,Maya Zinshtein,United Kingdom,2016,TV-MA,2017,5,87.0,,Documentaries
MOVIE,Forks Over Knives,Lee Fulkerson,United States,2011,PG,2019,10,96.0,,Documentaries
MOVIE,Four Christmases,Seth Gordon,Germany,2008,PG-13,2021,1,88.0,,Comedies
MOVIE,Four Weddings and a Funeral,Mike Newell,United Kingdom,1994,R,2019,8,118.0,,Classic Movies
MOVIE,Fracture,Gregory Hoblit,United States,2007,R,2019,4,113.0,,Dramas
MOVIE,Frances Ha,Noah Baumbach,United States,2012,R,2017,10,86.0,,Comedies
MOVIE,Freak Show,Trudie Styler,United States,2018,TV-MA,2020,8,91.0,,Comedies
MOVIE,Fred Claus,David Dobkin,United States,2007,PG,2021,1,115.0,,Children & Family Movies
MOVIE,Free Willy,Simon Wincer,United States,1993,PG,2020,1,112.0,,Children & Family Movies
MOVIE,Freeway: Crack in the System,Marc Levin,United States,2015,R,2017,12,103.0,,Documentaries
MOVIE,Freezer's Campaign,Sameh Abdulaziz,Egypt,2016,TV-MA,2019,6,116.0,,Comedies
MOVIE,French Dirty,"Wade Allain-Marcus, Jesse Allain-Marcus",United States,2015,TV-MA,2016,2,72.0,,Dramas
MOVIE,Freshman Year,Jude Okwudiafor Johnson,United States,2019,TV-PG,2020,3,104.0,,Dramas
MOVIE,Friday the 13th,Marcus Nispel,United States,2009,R,2020,1,97.0,,Horror Movies
MOVIE,Friend Request,Simon Verhoeven,Germany,2016,R,2018,4,92.0,,Horror Movies
MOVIE,From Japan to Egypt,Mahmoud Karim,Egypt,2017,TV-14,2019,6,93.0,,Children & Family Movies
MOVIE,From Paris with Love,Pierre Morel,France,2010,R,2020,9,93.0,,Action & Adventure
MOVIE,Froning: The Fittest Man in History,Heber Cannon,United States,2016,PG,2018,7,99.0,,Documentaries
TV SHOW,Frozen Planet,Alastair Fothergill,United Kingdom,2011,TV-PG,2016,1,,1.0,British Tv Shows
TV SHOW,Friday Night Tykes,Not Given,United States,2017,TV-PG,2018,1,,4.0,Docuseries
MOVIE,Frozen River,Courtney Hunt,United States,2008,R,2019,7,97.0,,Dramas
MOVIE,Full Out,Sean Cisterna,Canada,2015,TV-PG,2016,9,88.0,,Children & Family Movies
MOVIE,Functional Fitness,Bob Rose,United States,2016,TV-MA,2018,1,106.0,,Documentaries
MOVIE,Furie,Le Van Kiet,Vietnam,2019,TV-MA,2019,9,97.0,,Action & Adventure
MOVIE,Furthest Witness,Adam Del Giudice,United States,2017,TV-MA,2019,4,88.0,,Dramas
MOVIE,G-Force,Hoyt Yeatman,United States,2009,PG,2019,3,88.0,,Children & Family Movies
MOVIE,Gabriel and the Mountain,Fellipe Barbosa,Brazil,2017,TV-MA,2018,11,132.0,,Dramas
MOVIE,Gagarin: First in Space,Pavel Parkhomenko,Russia,2013,TV-14,2017,9,108.0,,Dramas
MOVIE,Galih dan Ratna,Lucky Kuswandi,Indonesia,2017,TV-PG,2018,9,111.0,,Dramas
MOVIE,Gangs of New York,Martin Scorsese,United States,2002,R,2019,8,167.0,,Dramas
MOVIE,Garuda Di Dadaku,Ifa Isfansyah,Indonesia,2009,TV-PG,2018,10,96.0,,Children & Family Movies
MOVIE,Garuda in My Heart 2,Rudy Soedjarwo,Indonesia,2011,TV-PG,2018,11,95.0,,Children & Family Movies
MOVIE,Gehenna: Where Death Lives,Hiroshi Katagiri,Japan,2016,TV-MA,2018,12,107.0,,Horror Movies
MOVIE,Gelo,Manbhavan Singh,India,2016,TV-MA,2017,12,118.0,,Dramas
MOVIE,Gemini,P.K. Baaburaaj,India,2018,TV-PG,2018,7,130.0,,Dramas
MOVIE,George of the Jungle 2,David Grossman,United States,2003,PG,2016,12,87.0,,Children & Family Movies
TV SHOW,Geronimo Stilton,Guy Vasilovich,Italy,2011,TV-Y,2017,12,,1.0,Kids' Tv
MOVIE,Get Him to the Greek,Nicholas Stoller,United States,2010,R,2020,1,109.0,,Comedies
MOVIE,Get Santa,Christopher Smith,United Kingdom,2014,PG,2014,12,103.0,,Children & Family Movies
MOVIE,Get Smart,Peter Segal,United States,2008,PG-13,2019,4,110.0,,Action & Adventure
MOVIE,Getting Played,David Silberg,United States,2005,PG-13,2019,11,85.0,,Comedies
MOVIE,Ghayal,Rajkumar Santoshi,India,1990,TV-14,2019,12,163.0,,Action & Adventure
MOVIE,Ghost House,Rich Ragsdale,Thailand,2017,TV-MA,2017,12,100.0,,Horror Movies
MOVIE,Ghost Pain,"Kazuchika Kise, Masahiko Murata",Japan,2013,TV-MA,2019,2,58.0,,Action & Adventure
MOVIE,Ghost Rider,Mark Steven Johnson,United States,2007,PG-13,2020,10,110.0,,Action & Adventure
MOVIE,Ghost Tears,Kazuchika Kise,Japan,2014,TV-MA,2019,2,58.0,,Action & Adventure
MOVIE,Ghost Whispers,Kazuchika Kise,Japan,2013,TV-14,2019,2,56.0,,Action & Adventure
MOVIE,Honey: Rise Up and Dance,Bille Woodruff,United States,2018,PG-13,2018,4,100.0,,Dramas
MOVIE,Ghulam-E-Musthafa,Partho Ghosh,India,1997,TV-MA,2019,12,161.0,,Action & Adventure
MOVIE,Gie,Riri Riza,Indonesia,2005,TV-14,2018,9,141.0,,Dramas
MOVIE,Gigi,"Vincente Minnelli, Charles Walters",United States,1958,G,2019,11,115.0,,Classic Movies
MOVIE,Ginger & Rosa,Sally Potter,United Kingdom,2012,PG-13,2018,7,90.0,,Dramas
MOVIE,"Girl, Boy, Bakla, Tomboy",Wenn V. Deramas,Philippines,2013,TV-14,2019,2,103.0,,Comedies
MOVIE,GLOW: The Story of the Gorgeous Ladies of Wrestling,Brett Whitcomb,United States,2012,NR,2017,3,77.0,,Documentaries
MOVIE,God Bless the Broken Road,Harold Cronk,United States,2018,PG,2019,2,111.0,,Children & Family Movies
MOVIE,God Knows Where I Am,"Jedd Wider, Todd Wider",United States,2016,TV-PG,2018,10,103.0,,Documentaries
MOVIE,God of War,Gordon Chan,China,2017,NR,2017,12,129.0,,Action & Adventure
MOVIE,God's Not Dead,Harold Cronk,United States,2014,PG,2020,4,113.0,,Dramas
MOVIE,God's Not Dead: A Light in Darkness,Michael Mason,United States,2018,PG,2018,12,106.0,,Dramas
MOVIE,God's Own Country,Francis Lee,United Kingdom,2017,TV-MA,2018,5,105.0,,Dramas
MOVIE,Gol Maal,Hrishikesh Mukherjee,India,1979,TV-PG,2019,12,137.0,,Classic Movies
MOVIE,Golden Time,Takuya Inaba,Japan,2013,TV-Y,2017,11,,,International Movies
MOVIE,GoldenEye,Martin Campbell,United Kingdom,1995,PG-13,2019,12,130.0,,Action & Adventure
MOVIE,Goldie,Sam de Jong,United States,2019,TV-MA,2020,6,89.0,,Dramas
MOVIE,Goldstone,Ivan Sen,Australia,2016,R,2018,12,110.0,,Thrillers
MOVIE,Golmaal: Fun Unlimited,Rohit Shetty,India,2006,TV-14,2019,12,148.0,,Comedies
MOVIE,Gone are the Days,Mark Landre Gould,United States,2018,R,2019,1,100.0,,Independent Movies
TV SHOW,Gonul,Neslihan Yesilyurt,Turkey,2015,TV-14,2017,7,,1.0,International Tv Shows
MOVIE,Good Kids,Chris McCoy,United States,2016,R,2017,1,90.0,,Comedies
MOVIE,Good Kill,Andrew Niccol,United States,2014,R,2017,4,103.0,,Dramas
MOVIE,Good Kisser,Wendy Jo Carlton,United States,2019,TV-MA,2020,8,75.0,,Comedies
MOVIE,Good Luck,Tarek Abdel Moaty,Egypt,2012,TV-MA,2019,6,99.0,,Dramas
MOVIE,"Good Night, and Good Luck",George Clooney,United States,2005,PG,2019,6,93.0,,Dramas
MOVIE,Good People,Henrik Ruben Genz,United States,2014,R,2017,9,90.0,,Action & Adventure
MOVIE,GoodFellas,Martin Scorsese,United States,1990,R,2021,1,145.0,,Classic Movies
MOVIE,Gook,Justin Chon,United States,2017,TV-MA,2018,3,95.0,,Dramas
MOVIE,Goon,Michael Dowse,United States,2011,R,2017,8,92.0,,Comedies
MOVIE,Goosebumps 2: Haunted Halloween,Ari Sandel,United States,2018,PG,2019,4,90.0,,Children & Family Movies
MOVIE,Gosford Park,Robert Altman,United States,2001,R,2019,11,137.0,,Comedies
MOVIE,Gothika,Mathieu Kassovitz,United States,2003,R,2021,1,98.0,,Horror Movies
MOVIE,Gour Hari Dastaan: The Freedom File,Ananth Narayan Mahadevan,India,2015,TV-14,2017,10,109.0,,Dramas
MOVIE,Gran Torino,Clint Eastwood,Germany,2008,R,2020,10,117.0,,Dramas
MOVIE,Grand Masti,Indra Kumar,India,2013,TV-MA,2018,3,93.0,,Comedies
MOVIE,Grass,Tanuj Chopra,United States,2017,TV-MA,2019,2,57.0,,Comedies
MOVIE,Grease,Randal Kleiser,United States,1978,PG,2019,11,110.0,,Classic Movies
MOVIE,Green Room,Jeremy Saulnier,United States,2015,R,2018,11,95.0,,Horror Movies
MOVIE,Green White Green (And All the Beautiful Colours in My Mosaic of Madness),Abba T. Makama,Nigeria,2016,TV-MA,2018,1,102.0,,Comedies
MOVIE,Gringo: The Dangerous Life of John McAfee,Nanette Burstein,United States,2016,TV-MA,2018,4,97.0,,Documentaries
MOVIE,Growing Up Coy,Eric Juhola,United States,2016,TV-PG,2017,1,82.0,,Documentaries
MOVIE,Gun Runners,Anjali Nayar,Canada,2015,TV-PG,2017,2,90.0,,Documentaries
MOVIE,Guy Martin: Last Flight of the Vulcan Bomber,James Woodroffe,United Kingdom,2015,TV-G,2019,7,57.0,,Documentaries
MOVIE,Héroes,Esteban Vidal,Chile,2015,TV-MA,2018,8,91.0,,Comedies
MOVIE,Hükümet Kadin,Sermiyan Midyat,Turkey,2013,TV-MA,2017,3,100.0,,Comedies
MOVIE,Hükümet Kadin 2,Sermiyan Midyat,Turkey,2013,TV-14,2017,3,101.0,,Comedies
MOVIE,Hadi İnşallah,Ali Taner Baltacı,Turkey,2014,TV-14,2018,4,95.0,,Comedies
MOVIE,Hairspray,Adam Shankman,United States,2007,PG,2020,1,116.0,,Children & Family Movies
MOVIE,HALO Legends,"Shinji Aramaki, Mamoru Oshii, Hideki Futamura, Toshiyuki Kanno, Tomoki Kyoda, Koichi Mashimo, Yasushi Muraki, Daisuke Nishio, Frank O'Connor, Koji Sawai, Joseph Chou, Hiroshi Yamazaki",United States,2009,PG-13,2017,5,117.0,,Action & Adventure
MOVIE,Halo: The Fall of Reach,Ian Kirby,United States,2015,TV-14,2016,3,65.0,,Action & Adventure
MOVIE,Hamara Dil Aapke Paas Hai,Satish Kaushik,India,2000,TV-14,2018,3,158.0,,Dramas
MOVIE,Hamburger Hill,John Irvin,United States,1987,R,2019,11,110.0,,Action & Adventure
MOVIE,Hamza's Suitcase,Akram Farouk,Egypt,2017,TV-14,2019,5,79.0,,Comedies
MOVIE,Hangman,Johnny Martin,United States,2017,R,2020,5,99.0,,Thrillers
MOVIE,Hank: Five Years from the Brink,Joe Berlinger,United States,2013,TV-14,2018,8,86.0,,Documentaries
MOVIE,Hans Zimmer: Live in Prague,Tim Van Someren,United Kingdom,2017,TV-G,2018,3,138.0,,International Movies
MOVIE,Happy Hunting,"Joe Dietsch, Louie Gibson",United States,2017,TV-MA,2018,1,91.0,,Horror Movies
MOVIE,Happy Times,Luis Javier M. Henaine,Mexico,2014,NR,2017,2,79.0,,Comedies
MOVIE,Hard Tide,"Robert Osman, Nathanael Wiseman",United Kingdom,2015,TV-MA,2017,9,79.0,,Dramas
MOVIE,Hardcore Henry,Ilya Naishuller,Russia,2015,R,2020,8,96.0,,Action & Adventure
MOVIE,Harold & Kumar Escape from Guantanamo Bay,"Jon Hurwitz, Hayden Schlossberg",United States,2008,R,2019,10,101.0,,Comedies
MOVIE,Harold & Kumar Go to White Castle,Danny Leiner,United States,2004,R,2020,1,88.0,,Comedies
MOVIE,Harold and Lillian: A Hollywood Love Story,Daniel Raim,United States,2015,TV-14,2018,11,95.0,,Documentaries
MOVIE,Harriet the Spy: Blog Wars,Ron Oliver,United States,2010,TV-G,2018,4,87.0,,Children & Family Movies
TV SHOW,Harry & Bunnie,Ah Loong,Malaysia,2017,TV-Y7,2017,10,,1.0,Kids' Tv
MOVIE,Harry and Snowman,Ron Davis,United States,2015,TV-PG,2017,1,83.0,,Documentaries
MOVIE,Harry Benson: Shoot First,"Justin Bare, Matthew Miele",United States,2016,NR,2017,5,90.0,,Documentaries
MOVIE,Haseena Maan Jaayegi,David Dhawan,India,1999,TV-PG,2018,3,151.0,,Action & Adventure
MOVIE,Haunters: The Art of the Scare,Jon Schnitzer,United States,2017,TV-MA,2018,1,89.0,,Documentaries
MOVIE,Haunting on Fraternity Row,Brant Sersen,United States,2018,TV-MA,2019,3,99.0,,Horror Movies
MOVIE,Have You Seen the Listers?,Eddie Martin,Australia,2017,TV-MA,2019,2,86.0,,Documentaries
MOVIE,Havenhurst,Andrew C. Erin,United States,2016,TV-MA,2017,6,85.0,,Horror Movies
MOVIE,Haywire,Steven Soderbergh,Ireland,2011,R,2020,3,93.0,,Action & Adventure
MOVIE,He Named Me Malala,Davis Guggenheim,United States,2015,PG-13,2018,6,89.0,,Documentaries
MOVIE,He's Out There,Quinn Lasher,United States,2018,R,2019,1,89.0,,Horror Movies
MOVIE,Head Count,Elle Callahan,United States,2018,TV-MA,2019,9,90.0,,Horror Movies
MOVIE,Head On,Ana Kokkinos,Australia,1998,TV-MA,2018,8,104.0,,Dramas
MOVIE,Heal,Kelly Noonan,United States,2017,TV-14,2019,2,107.0,,Documentaries
MOVIE,Heartbreakers,David Mirkin,United States,2001,PG-13,2019,12,124.0,,Comedies
MOVIE,Heartthrob,Chris Sivertson,United States,2017,TV-MA,2018,1,87.0,,Thrillers
MOVIE,Hedgehogs,Huang Jianming,United States,2016,PG,2019,4,94.0,,Children & Family Movies
MOVIE,Hell and Back,"Tom Gianas, Ross R. Shuman",United States,2015,R,2018,9,86.0,,Action & Adventure
MOVIE,Hell or High Water,David Mackenzie,United States,2016,R,2019,1,102.0,,Dramas
MOVIE,Hellboy,Guillermo del Toro,United States,2004,PG-13,2018,12,122.0,,Action & Adventure
MOVIE,Her,Spike Jonze,United States,2013,R,2018,7,126.0,,Dramas
MOVIE,Her Only Choice,Christel Gibson,United States,2018,TV-14,2019,5,87.0,,Dramas
MOVIE,Hera Pheri,Prakash Mehra,India,1976,TV-14,2019,12,156.0,,Action & Adventure
MOVIE,Here Alone,Rod Blackhurst,United States,2016,TV-MA,2017,7,97.0,,Horror Movies
MOVIE,Hero,Corey Yuen,Hong Kong,1997,TV-MA,2018,8,89.0,,Action & Adventure
MOVIE,Hickok,Timothy Woodward Jr.,United States,2017,TV-MA,2020,7,88.0,,Action & Adventure
MOVIE,Hide & Seek,Shawn Arranha,India,2010,TV-14,2018,3,96.0,,Horror Movies
MOVIE,Hide and Seek,Liu Jie,China,2016,TV-14,2017,8,104.0,,International Movies
MOVIE,Highly Strung,Scott Hicks,Australia,2015,TV-14,2017,2,80.0,,Documentaries
MOVIE,Homeland,Anindya Chatterjee,Not Given,2019,TV-PG,2019,10,73.0,,Dramas
MOVIE,Hiroshima: The Real History,Lucy van Beek,United Kingdom,2015,TV-PG,2017,3,95.0,,Documentaries
MOVIE,Hisss,Jennifer Lynch,India,2010,TV-MA,2017,12,97.0,,Horror Movies
MOVIE,History of Joy,Vishnu Govindhan,India,2017,TV-14,2018,8,118.0,,Dramas
MOVIE,Hitch,Andy Tennant,United States,2005,PG-13,2020,1,118.0,,Comedies
MOVIE,Hitler's Olympics,Daniel Kontur,United Kingdom,2016,TV-PG,2016,8,44.0,,Documentaries
MOVIE,Hitler's Steel Beast,Daniel Ablin,France,2017,TV-14,2017,11,54.0,,Documentaries
MOVIE,Ho Mann Jahaan,Asim Raza,Pakistan,2015,TV-PG,2017,7,170.0,,Dramas
MOVIE,Hokkabaz,"Ali Taner Baltacı, Cem Yılmaz",Turkey,2006,TV-MA,2017,3,118.0,,Comedies
MOVIE,Holding the Man,Neil Armfield,Australia,2015,TV-MA,2016,8,128.0,,Dramas
MOVIE,Holidays,"Anthony Scott Burns, Nicholas McCarthy, Adam Egypt Mortimer, Gary Shore, Kevin Smith, Sarah Adina Smith, Scott Stewart, Kevin Kolsch, Dennis Widmyer",United States,2016,TV-MA,2016,7,106.0,,Comedies
MOVIE,Holy Hell,Will Allen,United States,2016,NR,2016,9,103.0,,Documentaries
MOVIE,Holy Man 2,Note Chern-Yim,Thailand,2008,TV-14,2018,7,92.0,,Comedies
MOVIE,Holy Man 3,Note Chern-Yim,Thailand,2010,TV-MA,2018,7,102.0,,Comedies
MOVIE,Hombanna,Rakshith Thirthahalli,India,2017,TV-14,2018,5,126.0,,Dramas
MOVIE,Honey 2,Bille Woodruff,United States,2011,PG-13,2019,10,111.0,,Dramas
MOVIE,NOVA: The Impossible Flight,"Noel Dockstader, Quinn Kanaly",United States,2018,TV-PG,2019,7,113.0,,Documentaries
MOVIE,Hoodwinked Too! Hood vs. Evil,Mike Disa,United States,2011,PG,2018,11,86.0,,Children & Family Movies
MOVIE,Hope Aur Hum,Sudip Bandyopadhyay,India,2018,TV-14,2018,9,95.0,,Children & Family Movies
MOVIE,Hope Springs Eternal,Jack C. Newell,United States,2018,PG,2018,11,79.0,,Dramas
MOVIE,Hope: One in a Billion,Brodje Wemboendja,United States,2017,TV-14,2019,12,81.0,,Documentaries
MOVIE,Horns,Alexandre Aja,United States,2013,R,2019,8,120.0,,Dramas
MOVIE,Horror Story,Ayush Raina,India,2013,TV-14,2019,4,85.0,,Horror Movies
MOVIE,Hostage to the Devil,Marty Stalker,Ireland,2016,TV-14,2017,1,96.0,,Documentaries
MOVIE,Hostiles,Scott Cooper,United States,2017,R,2018,8,134.0,,Dramas
MOVIE,Hot Bot,Michael Polish,United States,2016,NR,2016,3,93.0,,Comedies
MOVIE,Hot Property,Max McGill,United Kingdom,2016,TV-MA,2017,8,82.0,,Comedies
MOVIE,Hot Rod,Akiva Schaffer,United States,2007,PG-13,2019,11,88.0,,Comedies
MOVIE,Hotel Pacific,Janusz Majewski,Poland,1975,TV-MA,2019,10,96.0,,Classic Movies
MOVIE,Hotel Transylvania 3: Summer Vacation,Genndy Tartakovsky,United States,2018,PG,2019,1,97.0,,Children & Family Movies
MOVIE,House at the End of the Street,Mark Tonderai,United States,2012,PG-13,2020,5,101.0,,Horror Movies
MOVIE,House of Z,Sandy Chronopoulos,United States,2016,TV-14,2018,1,88.0,,Documentaries
MOVIE,Nova: Ultimate Mars Challenge,Gail Willumsen,United States,2012,TV-G,2019,7,53.0,,Movies
MOVIE,Hostages,Federico Lemos,Not Given,2017,TV-PG,2018,1,91.0,,Documentaries
MOVIE,"Houston, We Have a Problem!",Ziga Virc,Slovenia,2016,TV-14,2017,7,84.0,,Comedies
MOVIE,How the Beatles Changed the World,Tom O'Dell,United States,2017,TV-PG,2018,2,110.0,,Documentaries
MOVIE,How the Grinch Stole Christmas,Ron Howard,United States,2000,PG,2017,6,105.0,,Children & Family Movies
MOVIE,How to Be a Latin Lover,Ken Marino,Mexico,2017,PG-13,2019,11,116.0,,Comedies
MOVIE,How to Be a Player,Lionel C. Martin,United States,1997,R,2019,11,94.0,,Comedies
MOVIE,How to Change the World,Jerry Rothwell,Canada,2015,NR,2016,1,110.0,,Documentaries
MOVIE,How to Make an American Quilt,Jocelyn Moorhouse,United States,1995,PG-13,2018,4,116.0,,Dramas
MOVIE,How to Win the US Presidency,Cal Saville,United States,2016,TV-PG,2016,8,51.0,,Documentaries
MOVIE,Hridaynath,Amar Gupte,India,2012,TV-14,2018,1,103.0,,Dramas
MOVIE,Hulk Vs.,"Sam Liu, Frank Paur",United States,2009,PG-13,2020,6,83.0,,Action & Adventure
MOVIE,Hum Saath-Saath Hain,Sooraj R. Barjatya,India,1999,TV-G,2018,1,176.0,,Dramas
MOVIE,Humko Deewana Kar Gaye,Raj Kanwar,India,2006,TV-PG,2017,10,149.0,,International Movies
MOVIE,Hungerford,Drew Casson,United Kingdom,2014,TV-MA,2018,6,79.0,,Horror Movies
MOVIE,Hunt to Kill,Keoni Waxman,Canada,2010,R,2020,1,97.0,,Action & Adventure
MOVIE,Hunter's Prayer,Jonathan Mostow,United States,2015,R,2019,10,91.0,,Action & Adventure
MOVIE,Hurricane Bianca,Matt Kugelman,United States,2016,TV-MA,2017,1,85.0,,Comedies
MOVIE,Hurricane Bianca: From Russia With Hate,Matt Kugelman,United States,2018,TV-MA,2018,8,85.0,,Comedies
MOVIE,Hustle & Flow,Craig Brewer,United States,2005,R,2019,12,117.0,,Dramas
MOVIE,I Dream Of Dance,Maria Demeshkina Peek,Not Given,2017,TV-14,2019,1,106.0,,Children & Family Movies
MOVIE,Hypersomnia,Gabriel Grieco,Argentina,2016,TV-MA,2017,6,84.0,,Horror Movies
MOVIE,I Am,Onir,India,2010,TV-MA,2019,3,106.0,,Dramas
MOVIE,I Am Bolt,"Benjamin Turner, Gabe Turner",United Kingdom,2016,PG,2017,10,107.0,,Documentaries
MOVIE,I Am Jane Doe,Mary Mazzio,United States,2017,TV-14,2017,5,98.0,,Documentaries
MOVIE,I Am Maris,Laura VanZee Taylor,United States,2018,TV-14,2019,4,54.0,,Documentaries
MOVIE,I Am Not Madame Bovary,Feng Xiaogang,China,2016,TV-14,2017,9,139.0,,Comedies
MOVIE,I Am Sun Mu,Adam Sjöberg,China,2015,NR,2017,2,88.0,,Documentaries
MOVIE,I Am Vengeance,Ross Boyask,United Kingdom,2018,R,2018,12,93.0,,Action & Adventure
MOVIE,I Am Wrath,Chuck Russell,United States,2016,R,2019,9,91.0,,Action & Adventure
MOVIE,I Don't Know How She Does It,Douglas McGrath,United States,2011,PG-13,2019,3,89.0,,Comedies
MOVIE,I Fine... Thank You... Love You,Mez Tharatorn,Thailand,2014,TV-14,2018,9,116.0,,Comedies
MOVIE,"I, Daniel Blake",Ken Loach,United Kingdom,2016,R,2019,4,100.0,,Dramas
MOVIE,I'll See You in My Dreams,Brett Haley,United States,2015,PG-13,2019,10,96.0,,Comedies
MOVIE,I'm in Love with a Church Girl,Steve Race,United States,2013,PG,2017,10,119.0,,Dramas
MOVIE,Ice Guardians,Brett Harvey,Canada,2016,TV-MA,2017,10,108.0,,Documentaries
MOVIE,Iceman,Law Wing-cheong,China,2014,R,2018,1,104.0,,Action & Adventure
MOVIE,Ideachi Kalpana,Sachin,India,2010,TV-14,2018,1,124.0,,Comedies
MOVIE,Igor,Tony Leondis,United States,2008,PG,2019,9,87.0,,Children & Family Movies
MOVIE,Iliza Shlesinger: War Paint,Jay Chapman,United States,2013,NR,2013,9,75.0,,Stand-Up Comedy
MOVIE,Imagine That,Karey Kirkpatrick,United States,2009,PG,2019,12,108.0,,Children & Family Movies
MOVIE,Immoral Tales,Walerian Borowczyk,France,1974,UR,2019,6,103.0,,Dramas
MOVIE,In Search of Fellini,Taron Lexton,United States,2017,R,2018,3,103.0,,Action & Adventure
MOVIE,In The Deep,Johannes Roberts,United Kingdom,2017,PG-13,2018,1,89.0,,Horror Movies
MOVIE,Incir Receli 2,Aytaç Ağırlar,Turkey,2014,TV-14,2017,3,103.0,,Dramas
MOVIE,Incoming,Eric Zaragosa,Serbia,2019,TV-MA,2018,10,89.0,,Action & Adventure
MOVIE,Incomplete,Suman Mukhopadhyay,India,2017,TV-MA,2017,4,119.0,,Dramas
MOVIE,Inconceivable,Jonathan Baker,United Kingdom,2017,R,2018,3,106.0,,Thrillers
MOVIE,Incorruptible,Elizabeth Chai Vasarhelyi,United States,2015,TV-MA,2017,9,90.0,,Documentaries
MOVIE,Incredibles 2 (Spanish Version),Brad Bird,United States,2018,PG,2019,2,118.0,,Children & Family Movies
MOVIE,INDIA,Sanjeev Gupta,India,2014,NR,2017,2,95.0,,Dramas
MOVIE,Indiana Jones and the Kingdom of the Crystal Skull,Steven Spielberg,United States,2008,PG-13,2019,1,123.0,,Action & Adventure
MOVIE,Indiana Jones and the Last Crusade,Steven Spielberg,United States,1989,PG-13,2019,1,127.0,,Action & Adventure
MOVIE,Indiana Jones and the Raiders of the Lost Ark,Steven Spielberg,United States,1981,PG,2019,1,116.0,,Action & Adventure
MOVIE,Indiana Jones and the Temple of Doom,Steven Spielberg,United States,1984,PG,2019,1,119.0,,Action & Adventure
MOVIE,Indiscretion,John Stewart Muller,United States,2016,TV-MA,2017,2,99.0,,Dramas
MOVIE,Inequality for All,Jacob Kornbluth,United States,2013,PG,2018,8,90.0,,Documentaries
MOVIE,Influx,Luca Vullo,United Kingdom,2016,TV-PG,2018,4,90.0,,Documentaries
MOVIE,Inglourious Basterds,Quentin Tarantino,Germany,2009,R,2019,7,153.0,,Action & Adventure
MOVIE,Inkheart,Iain Softley,Germany,2008,PG,2019,7,106.0,,Action & Adventure
MOVIE,Insan,K. Subhash,India,2005,TV-14,2018,3,141.0,,Action & Adventure
MOVIE,Instructions Not Included,Eugenio Derbez,Mexico,2013,PG-13,2020,1,122.0,,Comedies
MOVIE,Internet Famous,Michael Gallagher,United States,2016,TV-14,2016,7,87.0,,Comedies
MOVIE,Into the Forest,Patricia Rozema,Canada,2015,R,2018,11,102.0,,Dramas
MOVIE,Inuyasha the Movie - L'isola del fuoco scarlatto,Toshiya Shinohara,Japan,2004,TV-PG,2017,9,88.0,,Action & Adventure
MOVIE,Inuyasha the Movie - La spada del dominatore del mondo,Toshiya Shinohara,Japan,2003,TV-14,2017,9,99.0,,Action & Adventure
MOVIE,Jack and the Cuckoo-Clock Heart,"Mathias Malzieu, Stéphane Berla",France,2013,PG,2017,2,93.0,,Children & Family Movies
MOVIE,InuYasha: The Movie 2: The Castle Beyond the Looking Glass,Toshiya Shinohara,Japan,2002,TV-14,2017,9,99.0,,Action & Adventure
MOVIE,Invictus,Clint Eastwood,United States,2009,PG-13,2019,11,134.0,,Dramas
MOVIE,Invisible Essence: The Little Prince,Charles Officer,Canada,2018,TV-PG,2019,1,91.0,,Documentaries
MOVIE,Inxeba,John Trengove,South Africa,2017,TV-MA,2018,2,88.0,,Dramas
MOVIE,Iqbal,Nagesh Kukunoor,India,2006,TV-Y7,2018,3,127.0,,Dramas
MOVIE,Irada Pakka,Kedar Shinde,India,2010,TV-14,2018,3,137.0,,Comedies
MOVIE,Iron Cowboy: The Story of the 50.50.50,Jacob Schwab,United States,2018,TV-14,2019,7,77.0,,Documentaries
MOVIE,Iron Man & Captain America: Heroes United,Leo Riley,United States,2014,PG,2014,10,71.0,,Children & Family Movies
MOVIE,It's Fine,Ismail Farouk,Egypt,2012,TV-14,2019,5,101.0,,Comedies
MOVIE,Ishqedarriyaan,V. K. Prakash,India,2015,TV-14,2018,3,130.0,,Dramas
MOVIE,최강전사 미니특공대 : 영웅의 탄생,Young Jun Lee,Not Given,2018,TV-Y7,2018,9,68.0,,Children & Family Movies
MOVIE,Issaq,Manish Tiwary,India,2013,TV-MA,2018,3,140.0,,Dramas
MOVIE,It Takes Two,Andy Tennant,United States,1995,PG,2019,11,101.0,,Children & Family Movies
MOVIE,It's Now or Never,Maria Ripoll,Spain,2015,TV-MA,2016,3,91.0,,Comedies
MOVIE,"It's Okay, Buddy",Hani Hamdi,Egypt,2017,TV-14,2019,6,84.0,,Comedies
MOVIE,Iverson,Zatella Beatty,United States,2014,NR,2016,4,88.0,,Documentaries
MOVIE,Jaan-E-Mann: Let's Fall in Love... Again,Shirish Kunder,India,2006,TV-14,2019,12,163.0,,Dramas
MOVIE,Jack of all Trades,"Harvey Glazer, Stuart Stone",Canada,2018,TV-MA,2019,7,86.0,,Documentaries
TV SHOW,Jack Taylor,Stuart Orme,United States,2016,TV-MA,2013,3,,1.0,Crime Tv Shows
MOVIE,Jackie Brown,Quentin Tarantino,United States,1997,R,2019,8,154.0,,Dramas
MOVIE,Jackpot,Dustin Nguyen,Vietnam,2015,TV-14,2018,10,92.0,,Comedies
MOVIE,Jail,Madhur Bhandarkar,India,2009,TV-14,2019,12,132.0,,Dramas
MOVIE,Jal,Girish Malik,India,2013,TV-14,2017,10,132.0,,Dramas
MOVIE,Jalpari: The Desert Mermaid,Nila Madhab Panda,India,2012,TV-14,2018,5,94.0,,Dramas
MOVIE,Janaan,Azfar Jafri,Pakistan,2016,TV-14,2017,9,132.0,,Comedies
MOVIE,Jay and Silent Bob Strike Back,Kevin Smith,United States,2001,R,2019,1,105.0,,Comedies
MOVIE,Jealousy and medicine,Janusz Majewski,Poland,1973,TV-MA,2019,10,97.0,,Dramas
MOVIE,Jeremy Scott: The People's Designer,Vlad Yudin,United States,2015,PG-13,2016,4,109.0,,Documentaries
MOVIE,Jersey Boys,Clint Eastwood,United States,2014,R,2019,1,134.0,,Dramas
MOVIE,Jesus: Countdown to Calvary,Gerry Hoban,Ireland,2018,TV-14,2019,4,53.0,,Documentaries
MOVIE,Jewel's Catch One,C. Fitz,United States,2016,TV-MA,2018,5,84.0,,Documentaries
MOVIE,Jimi Hendrix,Joe Boyd,United States,1973,R,2019,11,102.0,,Documentaries
MOVIE,Joe Cocker: Mad Dog with Soul,John Edginton,United Kingdom,2017,TV-14,2017,4,90.0,,Documentaries
MOVIE,John & Jane,Ashim Ahluwalia,India,2005,TV-14,2016,8,79.0,,Documentaries
MOVIE,John Carter,Andrew Stanton,United States,2012,PG-13,2019,5,133.0,,Action & Adventure
MOVIE,John Day,Ahishor Solomon,India,2013,TV-MA,2019,12,125.0,,International Movies
MOVIE,Jis Desh Men Ganga Behti Hai,Radhu Karmakar,Not Given,1960,TV-14,2019,12,181.0,,Action & Adventure
MOVIE,Jonathan,Bill Oliver,United States,2018,TV-MA,2019,4,101.0,,Dramas
TV SHOW,Jonathan Strange & Mr Norrell,Toby Haynes,United Kingdom,2015,TV-14,2016,8,,1.0,British Tv Shows
MOVIE,Jora 10 Numbaria,Amardeep Singh Gill,India,2017,TV-MA,2018,1,135.0,,Action & Adventure
MOVIE,Jugaad,Susannah Heath-Eves,Not Given,2017,TV-14,2018,9,52.0,,Documentaries
MOVIE,Judwaa,David Dhawan,India,1997,TV-14,2019,12,133.0,,Comedies
MOVIE,Judy Moody and the Not Bummer Summer,John Schultz,United States,2011,PG,2019,8,91.0,,Children & Family Movies
MOVIE,Julie & Julia,Nora Ephron,United States,2009,PG-13,2021,1,123.0,,Comedies
MOVIE,Jumping the Broom,Salim Akil,United States,2011,PG-13,2020,11,113.0,,Comedies
MOVIE,Junebug,Phil Morrison,United States,2005,R,2019,3,107.0,,Comedies
TV SHOW,Origins Collection,Peter McDonnell,United States,2018,TV-PG,2018,7,,3.0,Docuseries
MOVIE,Jupiter Ascending,"Lana Wachowski, Lilly Wachowski",United States,2015,PG-13,2019,8,128.0,,Action & Adventure
MOVIE,Just Friends,Roger Kumble,Germany,2005,PG-13,2019,9,94.0,,Comedies
MOVIE,"Justice, My Foot!",Johnnie To,Hong Kong,1992,TV-14,2018,8,95.0,,Action & Adventure
MOVIE,Justin Bieber: Never Say Never,Jon M. Chu,United States,2011,G,2018,1,106.0,,Documentaries
MOVIE,K-19: The Widowmaker,Kathryn Bigelow,United Kingdom,2002,PG-13,2019,11,138.0,,Action & Adventure
MOVIE,Kaabil,Sanjay Gupta,India,2017,TV-14,2017,6,139.0,,Dramas
MOVIE,Kaakan,Kranti Redkar,India,2015,TV-PG,2018,3,132.0,,Dramas
MOVIE,Kaalia,Tinnu Anand,India,1981,TV-14,2019,12,173.0,,Action & Adventure
MOVIE,Kaaliyan,Jijo Pancode,India,2017,TV-PG,2018,8,105.0,,Dramas
MOVIE,Kabali (Hindi Version),Pa. Ranjith,India,2016,TV-MA,2017,12,148.0,,Action & Adventure
MOVIE,Kacche Dhaagey,Buta Singh,India,2016,TV-14,2017,11,120.0,,Dramas
MOVIE,Kahlil Gibran's The Prophet,"Roger Allers, Gaëtan Brizzi, Paul Brizzi, Joan C. Gratz, Mohammed Saeed Harib, Tomm Moore, Nina Paley, Bill Plympton, Joann Sfar, Michael Socha",United States,2014,PG,2017,10,85.0,,Children & Family Movies
MOVIE,Kajraare,Pooja Bhatt,India,2010,TV-14,2017,10,113.0,,Dramas
MOVIE,Kaleidoscope,Rupert Jones,United Kingdom,2016,TV-MA,2018,5,99.0,,Thrillers
MOVIE,Kalki,Dhilip Kumar,India,2017,TV-14,2018,3,41.0,,Dramas
MOVIE,Karzzzz,Satish Kaushik,India,2008,TV-14,2017,10,137.0,,International Movies
MOVIE,Kate & Leopold,James Mangold,United States,2001,PG-13,2020,1,118.0,,Comedies
MOVIE,Katha,Sai Paranjape,India,1982,TV-PG,2019,12,140.0,,Comedies
MOVIE,Katt Williams: Live,Alphonso J. Wesson,United States,2006,NR,2018,7,85.0,,Stand-Up Comedy
MOVIE,Kaviyude Osyath,Vineeth Anil,India,2017,TV-14,2018,7,116.0,,Dramas
MOVIE,Kay Dyache Bola,Chandrakant Kulkarni,India,2005,TV-14,2018,1,133.0,,Comedies
TV SHOW,Ken Burns: The Civil War,Ken Burns,United States,1990,TV-14,2017,2,,1.0,Docuseries
TV SHOW,Ken Burns: The Roosevelts: An Intimate History,Ken Burns,United States,2014,TV-PG,2017,2,,1.0,Docuseries
MOVIE,Kevin Hart: Laugh at My Pain,"Leslie Small, Tim Story",United States,2011,R,2018,10,89.0,,Stand-Up Comedy
MOVIE,Kevin Hart: Let Me Explain,"Leslie Small, Tim Story",United States,2013,R,2018,7,75.0,,Stand-Up Comedy
MOVIE,Kevin Hart: Seriously Funny,Shannon Hartman,United States,2010,TV-MA,2018,10,67.0,,Stand-Up Comedy
MOVIE,Kevyn Aucoin: Beauty & the Beast in Me,Lori Kaye,United States,2017,TV-MA,2019,1,90.0,,Documentaries
MOVIE,Khalnayak,Subhash Ghai,India,1993,TV-14,2018,3,170.0,,Action & Adventure
MOVIE,Khosla Ka Ghosla,Dibakar Banerjee,India,2006,TV-14,2018,8,124.0,,Comedies
MOVIE,Khubsoorat,Hrishikesh Mukherjee,India,1980,TV-PG,2019,12,120.0,,Classic Movies
MOVIE,Khushi,"Surya S.J., Sunil Kumar Agrawal",India,2003,TV-14,2018,3,157.0,,Comedies
MOVIE,Kia and Cosmos,Sudipto Roy,India,2018,TV-14,2019,5,124.0,,Dramas
MOVIE,Krish Trish and Baltiboy: Face Your Fears,Tilak Shetty,India,2017,TV-Y7,2017,11,65.0,,Children & Family Movies
MOVIE,Kickboxer: Retaliation,Dimitri Logothetis,United States,2017,R,2018,4,110.0,,Action & Adventure
MOVIE,Kickboxer: Vengeance,John Stockwell,United States,2016,TV-MA,2016,12,90.0,,Action & Adventure
MOVIE,Kicking and Screaming,Noah Baumbach,United States,1995,R,2019,11,97.0,,Comedies
MOVIE,Kid Kulafu,Paul Soriano,Philippines,2015,TV-14,2019,3,108.0,,Dramas
MOVIE,Kidnapping Mr. Heineken,Daniel Alfredson,Netherlands,2015,R,2017,9,95.0,,Action & Adventure
TV SHOW,Kingdoms of the Sky,Steve Greenwood,Not Given,2018,TV-PG,2018,10,,1.0,British Tv Shows
MOVIE,Kill Bill: Vol. 1,Quentin Tarantino,United States,2003,R,2020,1,111.0,,Action & Adventure
MOVIE,Kill Bill: Vol. 2,Quentin Tarantino,United States,2004,R,2020,1,137.0,,Action & Adventure
MOVIE,Kill Command,Steven Gomez,United Kingdom,2016,TV-MA,2017,2,100.0,,Action & Adventure
MOVIE,Kill Hitler! The Luck of the Devil,Frédéric Tonolli,France,2015,TV-14,2019,5,53.0,,Documentaries
MOVIE,Kill Ratio,Paul Tanter,United States,2016,TV-MA,2017,2,87.0,,Action & Adventure
MOVIE,Kill the Irishman,Jonathan Hensleigh,United States,2011,R,2020,8,106.0,,Action & Adventure
MOVIE,Killer Klowns from Outer Space,Stephen Chiodo,United States,1988,PG-13,2020,4,86.0,,Comedies
MOVIE,Killers,Robert Luketic,United States,2010,PG-13,2021,1,100.0,,Action & Adventure
MOVIE,Kills on Wheels,Attila Till,Hungary,2016,TV-MA,2018,3,103.0,,Action & Adventure
MOVIE,Kilo Two Bravo,Paul Katis,United Kingdom,2014,R,2019,3,109.0,,Dramas
MOVIE,King Jack,Felix Thompson,United States,2015,NR,2016,7,81.0,,Dramas
MOVIE,King's Ransom,Jeffrey W. Byrd,United States,2005,PG-13,2019,11,98.0,,Action & Adventure
MOVIE,Kingpin,"Peter Farrelly, Bobby Farrelly",United States,1996,PG-13,2020,1,114.0,,Comedies
MOVIE,Kings,Deniz Gamze Ergüven,France,2017,R,2018,10,87.0,,Dramas
MOVIE,Kis Kisko Pyaar Karoon,"Abbas Alibhai Burmawalla, Mastan Alibhai Burmawalla",India,2015,TV-PG,2017,11,132.0,,Comedies
MOVIE,Kiss the Girls,Gary Fleder,United States,1997,R,2020,1,116.0,,Thrillers
MOVIE,KL Zombi,Woo Ming Jin,Malaysia,2013,TV-14,2017,8,92.0,,Comedies
MOVIE,Knock Knock,Eli Roth,United States,2015,R,2020,11,99.0,,Horror Movies
MOVIE,Know Your Enemy - Japan,"Frank Capra, Joris Ivens",United States,1945,TV-14,2017,3,63.0,,Classic Movies
MOVIE,Knowing,Alex Proyas,United States,2009,PG-13,2019,10,121.0,,Sci-Fi & Fantasy
MOVIE,Koko: The Gorilla Who Talks,Jonathan Taylor,United Kingdom,2016,TV-G,2017,3,56.0,,Documentaries
MOVIE,Kon-Tiki,"Joachim Rønning, Espen Sandberg",United Kingdom,2012,PG-13,2019,4,96.0,,Action & Adventure
MOVIE,Koshish,Gulzar,India,1972,TV-14,2019,12,115.0,,International Movies
MOVIE,Kraftidioten,Hans Petter Moland,Norway,2014,TV-MA,2017,1,117.0,,Comedies
MOVIE,Krish Trish and Baltiboy: Battle of Wits,"Munjal Shroff, Tilak Shetty",Not Given,2013,TV-Y7,2017,9,62.0,,Children & Family Movies
MOVIE,Krish Trish and Baltiboy: Best Friends Forever,"Munjal Shroff, Tilak Shetty",Not Given,2016,TV-Y,2017,9,65.0,,Children & Family Movies
MOVIE,Krish Trish and Baltiboy: Comics of India,Tilak Shetty,Not Given,2012,TV-Y7,2017,9,61.0,,Children & Family Movies
MOVIE,Krisha,Trey Edward Shults,United States,2015,R,2018,11,81.0,,Dramas
MOVIE,Kristy,Oliver Blackburn,United States,2013,NR,2015,10,85.0,,Horror Movies
MOVIE,Krystal,William H. Macy,United States,2017,R,2019,1,93.0,,Comedies
MOVIE,Kuldip Patwal: I Didn't Do It!,Remy Kohli,India,2017,TV-MA,2019,12,126.0,,Dramas
MOVIE,Kung Fu Hustle,Stephen Chow,Hong Kong,2004,R,2020,4,99.0,,Action & Adventure
MOVIE,Kung Fu Magoo,Andrés Couturier,Mexico,2010,TV-Y7,2018,8,79.0,,Children & Family Movies
MOVIE,Kung Fu Panda: Holiday,Tim Johnson,United States,2010,TV-PG,2012,12,,,Children & Family Movies
MOVIE,Kung Fu Yoga,Stanley Tong,China,2017,TV-PG,2017,10,107.0,,Action & Adventure
MOVIE,Kurt & Courtney,Nick Broomfield,United Kingdom,1998,R,2019,1,95.0,,Documentaries
MOVIE,Kurtulus Son Durak,Yusuf Pirhasan,Turkey,2012,TV-MA,2017,3,100.0,,Comedies
MOVIE,Kya Kehna,Kundan Shah,India,2000,TV-PG,2018,4,149.0,,Dramas
MOVIE,Kygo: Live at the Hollywood Bowl,Devin Chanda,United States,2017,TV-MA,2018,3,52.0,,Music & Musicals
MOVIE,Kyun! Ho Gaya Na,Samir Karnik,India,2004,TV-PG,2018,3,165.0,,International Movies
MOVIE,La Última Fiesta,"Leandro Mark, Nicolás Silbert",Argentina,2016,TV-MA,2017,2,104.0,,Comedies
MOVIE,Kuppivala,Suresh Pillai,Not Given,2017,TV-14,2018,8,133.0,,Dramas
MOVIE,Krish Trish and Baltiboy: Oversmartness Never Pays,Tilak Shetty,Not Given,2017,TV-Y7,2017,9,65.0,,Children & Family Movies
MOVIE,Krish Trish and Baltiboy: The Greatest Trick,"Munjal Shroff, Tilak Shetty",Not Given,2013,TV-Y7,2017,9,60.0,,Children & Family Movies
MOVIE,La Bamba,Luis Valdez,United States,1987,PG-13,2020,1,109.0,,Classic Movies
MOVIE,La Coppia dei Campioni,Giulio Base,Italy,2016,TV-MA,2017,2,88.0,,Comedies
TV SHOW,La Viuda Negra,Alejandro Lozano,Colombia,2016,TV-14,2019,1,,1.0,Crime Tv Shows
MOVIE,Laal Rang,Syed Ahmad Afzal,India,2016,TV-14,2018,3,143.0,,Dramas
MOVIE,Laddaland,Sopon Sukdapisit,Thailand,2011,TV-MA,2018,9,112.0,,Horror Movies
MOVIE,Lady Bloodfight,Chris Nahon,Hong Kong,2016,R,2017,8,101.0,,Action & Adventure
MOVIE,Lady in the Water,M. Night Shyamalan,United States,2006,PG-13,2019,7,110.0,,Sci-Fi & Fantasy
MOVIE,Lalbaug Parel: Zali Mumbai Sonyachi,Mahesh Manjrekar,India,2010,TV-MA,2018,3,145.0,,Dramas
MOVIE,Larceny,R. Ellis Frazier,United States,2017,TV-14,2017,9,87.0,,Action & Adventure
MOVIE,Last Ferry,Jaki Bradley,United States,2019,TV-MA,2020,3,86.0,,Dramas
MOVIE,Last Knights,Kazuaki Kiriya,United Kingdom,2015,R,2019,8,115.0,,Action & Adventure
MOVIE,Last Night,Massy Tadjedin,United States,2010,R,2019,1,93.0,,Dramas
MOVIE,Le K Benzema,"Damien Piscarel, Florent Bodin",France,2017,TV-14,2018,5,121.0,,Documentaries
MOVIE,Le serment des Hitler,Emmanuel Amara,France,2014,TV-PG,2019,5,54.0,,Documentaries
MOVIE,Leap Year,Anand Tucker,United States,2010,PG,2019,11,100.0,,Comedies
MOVIE,LeapFrog: Letter Factory,Roy Allen Smith,United States,2003,TV-Y,2020,4,37.0,,Children & Family Movies
MOVIE,LeapFrog: Numberland,Ron Myrick,United States,2011,TV-Y,2020,4,33.0,,Movies
MOVIE,LeapFrog: Phonics Farm,Ron Myrick,United States,2011,TV-Y,2020,4,35.0,,Movies
MOVIE,"LeapFrog: Sing-along, Read-along",Ron Myrick,United States,2011,TV-Y,2020,4,32.0,,Children & Family Movies
MOVIE,Lechmi,B.N. Shajeer Sha,India,2017,TV-MA,2018,8,147.0,,Comedies
MOVIE,Left Behind,Vic Armstrong,United States,2014,PG-13,2018,12,110.0,,Action & Adventure
MOVIE,Legend of the Guardians: The Owls of Ga'Hoole,Zack Snyder,United States,2010,PG,2020,1,97.0,,Children & Family Movies
MOVIE,Legend of the Naga Pearls,Yang Lei,China,2017,TV-MA,2018,3,108.0,,Action & Adventure
MOVIE,Legendary Weapons of China,Chia-Liang Liu,Hong Kong,1982,TV-14,2018,8,101.0,,Action & Adventure
MOVIE,LEGO House - Home of the Brick,"Anders Falck, Stinus Morell Vithner",Not Given,2018,TV-G,2018,6,48.0,,Documentaries
MOVIE,Legion,Scott Stewart,United States,2010,R,2019,11,100.0,,Action & Adventure
TV SHOW,Lego Friends: Girls on a Mission,"Andrew Tan, Stephen Murray",Denmark,2018,TV-Y,2019,2,,1.0,Kids' Tv
MOVIE,Secrets of Selfridges,Sam Taplin,United States,2014,TV-PG,2017,4,55.0,,Documentaries
MOVIE,Leo the Lion,Mario Cambi,United States,2013,TV-Y7-FV,2015,12,78.0,,Children & Family Movies
MOVIE,"Les Bleus - Une autre histoire de France, 1996-2016","Pascal Blanchard, Sonia Dauger, David Dietz",France,2016,TV-MA,2017,3,103.0,,Documentaries
MOVIE,Let There Be Light,John Huston,United States,1946,TV-PG,2017,3,58.0,,Classic Movies
TV SHOW,Leyla and Mecnun,Onur Ünlü,Turkey,2014,TV-MA,2017,4,,3.0,International Tv Shows
MOVIE,Lez Bomb,Jenna Laurenzo,United States,2018,TV-14,2019,2,90.0,,Comedies
MOVIE,Life After Beth,Jeff Baena,United States,2014,R,2018,7,89.0,,Comedies
MOVIE,Life in the Doghouse,Ron Davis,United States,2018,TV-PG,2019,6,83.0,,Documentaries
TV SHOW,Leo & Tig,Not Given,Pakistan,2017,TV-Y,2018,8,,1.0,Kids' Tv
MOVIE,Listen Up! The Lives of Quincy Jones,Ellen Weissbrod,Not Given,1990,TV-14,2019,11,116.0,,Documentaries
MOVIE,Lifechanger,Justin McConnell,Canada,2018,TV-MA,2019,5,84.0,,Horror Movies
MOVIE,Lifeline,Johnnie To,Hong Kong,1997,TV-14,2018,8,104.0,,Action & Adventure
MOVIE,Like Arrows,Kevin Peeples,United States,2018,TV-PG,2019,5,99.0,,Dramas
MOVIE,Like Water for Chocolate,Alfonso Arau,Mexico,1992,R,2019,11,105.0,,Classic Movies
MOVIE,Lila & Eve,Charles Stone III,United States,2015,R,2016,2,94.0,,Dramas
MOVIE,Lincoln,Steven Spielberg,United States,2012,PG-13,2018,2,150.0,,Dramas
MOVIE,Lion's Heart,Karim El Sobky,Egypt,2013,TV-14,2019,5,111.0,,Action & Adventure
TV SHOW,License to Drill: Louisiana,Not Given,Canada,2014,TV-PG,2019,10,,1.0,Reality Tv
MOVIE,Little Dragon Maiden,Hua Shan,Hong Kong,1983,TV-14,2018,8,92.0,,Action & Adventure
MOVIE,Little Lunch: The Halloween Horror Story,Tim Bartley,Australia,2016,TV-Y7,2018,3,,,Children & Family Movies
MOVIE,Little Lunch: The Nightmare Before Graduation,Robyn Butler,Australia,2016,TV-Y7,2018,3,,,Children & Family Movies
MOVIE,Little Men,Ira Sachs,United States,2016,PG,2017,1,85.0,,Dramas
MOVIE,Little Nicky,Steve Brill,United States,2000,PG-13,2020,12,90.0,,Comedies
MOVIE,Little Sister,Zach Clark,United States,2016,NR,2017,1,91.0,,Comedies
MOVIE,Lizzie Borden Took an Ax,Nick Gomez,United States,2014,TV-14,2016,7,87.0,,Thrillers
MOVIE,Lo and Behold: Reveries of the Connected World,Werner Herzog,United States,2016,PG-13,2016,12,98.0,,Documentaries
MOVIE,"Lock, Stock and Two Smoking Barrels",Guy Ritchie,United Kingdom,1998,R,2019,1,108.0,,Action & Adventure
MOVIE,Locke,Steven Knight,United Kingdom,2013,R,2018,7,85.0,,Dramas
MOVIE,Lockout,"James Mather, Steve Saint Leger",France,2012,PG-13,2020,5,95.0,,Action & Adventure
MOVIE,Loco Love,"Fernando Sariñana, José Luis Gutiérrez",Mexico,2017,TV-MA,2017,7,103.0,,Dramas
MOVIE,Miss Sharon Jones!,Barbara Kopple,United States,2015,TV-MA,2017,1,94.0,,Documentaries
MOVIE,Little Singham aur Kaal ka Mahajaal,Prakash Satam,Not Given,2018,TV-Y7-FV,2018,12,68.0,,Children & Family Movies
MOVIE,Little Singham in London,Prakash Satam,Not Given,2019,TV-Y7,2019,4,66.0,,Children & Family Movies
MOVIE,Logan's Run,Michael Anderson,United States,1976,PG,2019,11,118.0,,Action & Adventure
MOVIE,Los Niños Héroes de Chapultepec,Ignacio López Escrivá,Not Given,2017,TV-14,2017,12,88.0,,Documentaries
MOVIE,Lolita,Stanley Kubrick,United Kingdom,1962,R,2019,11,153.0,,Classic Movies
TV SHOW,London Spy,Jakob Verbruggen,United Kingdom,2015,TV-MA,2017,3,,1.0,British Tv Shows
MOVIE,Long Time Running,"Jennifer Baichwal, Nicholas de Pencier",Canada,2017,TV-14,2017,11,96.0,,Documentaries
MOVIE,"Look Out, Officer",Sze Yu Lau,Hong Kong,1990,TV-14,2018,8,88.0,,Action & Adventure
MOVIE,Look Who's Back,David Wnendt,Germany,2015,NR,2016,4,116.0,,Comedies
MOVIE,Lorai: Play to Live,Parambrata Chatterjee,India,2015,TV-14,2017,9,155.0,,Dramas
TV SHOW,Los tiempos de Pablo Escobar,Alessandro Angulo,Colombia,2012,TV-14,2018,8,,1.0,Crime Tv Shows
MOVIE,Losing Sight of Shore,Sarah Moshman,United States,2017,TV-14,2017,5,92.0,,Documentaries
MOVIE,Love Dot Com: The Social Experiment,Charneice Fox,United States,2019,TV-MA,2020,2,98.0,,Comedies
MOVIE,Love In A Puff,Pang Ho-cheung,Hong Kong,2010,TV-MA,2018,8,103.0,,Comedies
MOVIE,Love Ni Bhavai,Saandeep Patel,India,2017,TV-14,2018,5,163.0,,Comedies
MOVIE,Love on Delivery,Stephen Chow,Hong Kong,1994,TV-14,2018,8,93.0,,Action & Adventure
MOVIE,Love Shot,Steven Fine,United States,2018,TV-MA,2019,7,77.0,,Dramas
MOVIE,Love Station,Ahmad Samir Farag,Egypt,2011,TV-14,2019,4,97.0,,Comedies
MOVIE,Love You... Love You Not,Sridhar Jetty,Indonesia,2015,TV-14,2019,1,115.0,,Comedies
MOVIE,"Love, Rosie",Christian Ditter,Germany,2014,R,2019,11,103.0,,Comedies
MOVIE,LoveTrue,Alma Har'el,United States,2016,TV-MA,2017,5,82.0,,Documentaries
MOVIE,Loving Annabelle,Katherine Brooks,United States,2006,TV-MA,2018,7,77.0,,Dramas
MOVIE,Loving You,Johnnie To,Hong Kong,1995,TV-14,2018,8,79.0,,Dramas
MOVIE,Lucha: Playing the Impossible,Ana Quiroga,Argentina,2016,TV-PG,2018,7,98.0,,Documentaries
MOVIE,Lucky: No Time for Love,"Radhika Rao, Vinay Sapru",India,2005,TV-14,2017,11,131.0,,Dramas
MOVIE,Lupt,Prabhuraj,India,2018,TV-14,2019,4,110.0,,Horror Movies
MOVIE,Lusers,Ticoy Rodriguez,Argentina,2015,TV-MA,2016,7,100.0,,Comedies
MOVIE,Ma Chu Ka,Jayan Vannery,India,2017,TV-14,2018,7,117.0,,International Movies
MOVIE,Maacher Jhol,Pratim D. Gupta,India,2017,TV-PG,2018,1,107.0,,Dramas
MOVIE,Mac & Devin Go to High School,Dylan C. Brown,United States,2012,R,2016,4,76.0,,Comedies
MOVIE,Macchli Jal Ki Rani Hai,Debaloy Dey,India,2014,TV-MA,2017,10,118.0,,Horror Movies
MOVIE,Mad Max,George Miller,Australia,1979,R,2020,8,93.0,,Action & Adventure
MOVIE,Mad Money,"Callie Khouri, Jesse V. Johnson",United States,2008,PG-13,2019,11,99.0,,Comedies
MOVIE,Mad Ron's Prevues from Hell,Jim Monaco,United States,1987,NR,2010,11,84.0,,Cult Movies
MOVIE,Mad World,Chun Wong,Hong Kong,2016,TV-MA,2018,9,102.0,,Dramas
MOVIE,Madaari,Nishikant Kamat,India,2016,TV-14,2017,2,134.0,,Dramas
MOVIE,Maddman: The Steve Madden Story,Ben Patterson,United States,2017,TV-MA,2018,1,78.0,,Documentaries
MOVIE,Madre,Aaron Burns,Chile,2016,TV-MA,2017,8,95.0,,International Movies
TV SHOW,Maggie & Bianca: Fashion Friends,Iginio Straffi,Italy,2017,TV-Y7,2019,3,,1.0,Kids' Tv
MOVIE,Magic Snowflake,Luc Vinciguerra,France,2013,TV-Y,2015,12,73.0,,Children & Family Movies
MOVIE,Magnetic,Thierry Donard,France,2018,TV-14,2020,6,110.0,,Action & Adventure
MOVIE,Magnus,Benjamin Ree,Norway,2016,TV-PG,2017,2,75.0,,Children & Family Movies
MOVIE,Mahabharat,Amaan Khan,India,2013,TV-14,2018,8,119.0,,Action & Adventure
MOVIE,Mahjong Heroes,Li Pei-Chuan,Hong Kong,1981,TV-PG,2018,8,92.0,,Comedies
MOVIE,Maine Pyaar Kyun Kiya,David Dhawan,India,2005,TV-14,2019,12,137.0,,Comedies
MOVIE,Maine Pyar Kiya,Sooraj R. Barjatya,India,1989,TV-PG,2018,1,192.0,,Dramas
MOVIE,Mala Kahich Problem Nahi,Sameer Vidwans,India,2017,TV-PG,2018,11,132.0,,Dramas
MOVIE,Malicious,Michael Winnick,United States,2018,TV-MA,2019,2,91.0,,Horror Movies
MOVIE,Man of Tai Chi,Keanu Reeves,United States,2013,R,2018,7,105.0,,Action & Adventure
MOVIE,Man Up,Ben Palmer,United Kingdom,2015,R,2018,9,88.0,,Comedies
MOVIE,Mark Gatiss: A Study in Sherlock,Nathan Landeg,Not Given,2016,TV-14,2016,5,,,Movies
MOVIE,Mandi,Shyam Benegal,India,1983,TV-MA,2020,1,155.0,,Dramas
MOVIE,Mandobasar Galpo,Tathagata Banerjee,India,2017,TV-14,2018,4,103.0,,Dramas
MOVIE,Manglehorn,David Gordon Green,United States,2014,PG-13,2017,4,97.0,,Dramas
MOVIE,Mango Dreams,John Upchurch,United States,2016,TV-14,2018,3,92.0,,Dramas
MOVIE,Manhattan Romance,Tom O'Brien,United States,2014,TV-14,2017,9,98.0,,Comedies
MOVIE,Manolo: The Boy Who Made Shoes for Lizards,Michael Roberts,United Kingdom,2017,TV-MA,2018,1,89.0,,Documentaries
MOVIE,Mansfield Park,Patricia Rozema,United Kingdom,1999,PG-13,2020,1,112.0,,Comedies
MOVIE,Mantostaan,Rahat Kazmi,India,2017,TV-MA,2017,12,75.0,,Dramas
MOVIE,Mantra,Nicholas Kharkongor,India,2017,TV-14,2017,12,89.0,,Dramas
MOVIE,Mara,Clive Tonge,United Kingdom,2017,TV-MA,2019,1,99.0,,Horror Movies
MOVIE,Marauders,Steven C. Miller,Canada,2016,R,2020,12,107.0,,Action & Adventure
MOVIE,Maroon,Pulkit,India,2016,TV-MA,2017,2,94.0,,Dramas
TV SHOW,Mars,Everardo Gout,United States,2018,TV-PG,2019,11,,2.0,Docuseries
MOVIE,Martial Arts of Shaolin,Chia-Liang Liu,Hong Kong,1986,R,2018,8,90.0,,Action & Adventure
MOVIE,Martin Lawrence Live: Runteldat,David Raynr,United States,2002,R,2019,12,104.0,,Stand-Up Comedy
MOVIE,Martin Luther: The Idea that Changed the World,David Batty,United States,2017,TV-PG,2018,1,55.0,,Documentaries
MOVIE,Martyrs of Marriage,Deepika Narayan Bhardwaj,India,2016,TV-14,2018,3,83.0,,Documentaries
MOVIE,Marvel's Iron Man & Hulk: Heroes United,"Leo Riley, Eric Radomski",United States,2013,PG,2014,2,72.0,,Action & Adventure
MOVIE,Mary and the Witch's Flower,Hiromasa Yonebayashi,Japan,2017,PG,2018,7,103.0,,Anime Features
MOVIE,Mary Poppins Returns,Rob Marshall,United States,2018,PG,2019,7,131.0,,Children & Family Movies
MOVIE,Marvel & ESPN Films Present: 1 of 1: Genesis,Eric Drath,Not Given,2014,TV-PG,2015,3,77.0,,Documentaries
MOVIE,Masoom,Shekhar Kapur,India,1983,TV-14,2019,12,138.0,,Dramas
MOVIE,Master,Ui-seok Jo,South Korea,2016,NR,2018,2,143.0,,Action & Adventure
MOVIE,Mater,Pablo D'Alo Abba,Argentina,2017,TV-MA,2018,8,80.0,,Dramas
MOVIE,Matichya Chuli,"Sudesh Manjrekar, Atul Kale",India,2006,TV-14,2018,2,132.0,,Comedies
MOVIE,Max Rose,Daniel Noah,United States,2013,TV-14,2017,1,84.0,,Dramas
MOVIE,May We Chat,Philip Yung,Hong Kong,2014,TV-MA,2018,8,99.0,,Dramas
MOVIE,May You Prosper,"Hassan Hegazy, Shady Ali",Egypt,2017,TV-14,2019,7,93.0,,Comedies
MOVIE,Maya Angelou: And Still I Rise,"Bob Hercules, Rita Coburn Whack",United States,2016,TV-PG,2017,5,114.0,,Documentaries
MOVIE,Maynard,Samuel D. Pollard,United States,2017,TV-PG,2018,9,100.0,,Documentaries
MOVIE,Maza Pati Karodpati,Sachin,India,1988,TV-PG,2018,1,132.0,,Comedies
MOVIE,Me and the Alien,Jesús Magaña Vázquez,Mexico,2016,TV-MA,2017,2,83.0,,Comedies
MOVIE,Mean Dreams,Nathan Morlando,Canada,2016,R,2019,7,105.0,,Dramas
MOVIE,Mean Streets,Martin Scorsese,United States,1973,R,2019,7,112.0,,Classic Movies
MOVIE,Meditation Park,Mina Shum,Canada,2017,TV-PG,2018,3,94.0,,Dramas
MOVIE,Medium,Jacek Koprowicz,Poland,1985,TV-MA,2019,10,90.0,,Horror Movies
MOVIE,Meet the Trumps: From Immigrant to President,"Paul Berczeller, Mark Radice",United Kingdom,2017,TV-14,2017,10,48.0,,Documentaries
MOVIE,Melle,Binu Ulahhannan,India,2017,TV-PG,2018,8,110.0,,Dramas
MOVIE,Melvin Goes to Dinner,Bob Odenkirk,United States,2003,R,2018,7,84.0,,Comedies
MOVIE,Memoir of a Murderer,Shin-yeon Won,South Korea,2017,TV-MA,2018,2,118.0,,Dramas
MOVIE,Memory Games,"Janet Tobias, Claus Wehlisch",Germany,2018,TV-14,2019,6,86.0,,Documentaries
MOVIE,Men in Black,Barry Sonnenfeld,United States,1997,PG-13,2019,10,98.0,,Action & Adventure
MOVIE,Men in Black II,Barry Sonnenfeld,United States,2002,PG-13,2019,10,88.0,,Action & Adventure
MOVIE,Menorca,John Barnard,Canada,2016,TV-MA,2017,8,81.0,,Dramas
MOVIE,Merantau,Gareth Evans,Indonesia,2009,R,2019,2,112.0,,Action & Adventure
MOVIE,Merry Men: The Real Yoruba Demons,Toka McBaror,Nigeria,2018,TV-MA,2019,9,106.0,,Comedies
MOVIE,Mi Shivajiraje Bhosale Boltoy,Santosh Manjrekar,India,2009,TV-14,2018,1,148.0,,Comedies
MOVIE,MI-5,Bharat Nalluri,United Kingdom,2015,R,2019,8,105.0,,Action & Adventure
MOVIE,Middle School: The Worst Years of My Life,Steve Carr,United States,2016,PG,2019,3,92.0,,Children & Family Movies
MOVIE,Midnight Special,Jeff Nichols,United States,2016,PG-13,2020,9,112.0,,Action & Adventure
MOVIE,Milk,Gus Van Sant,United States,2008,R,2017,2,128.0,,Dramas
MOVIE,Minnaminugu the FireFly,Anil Thomas,India,2017,TV-14,2018,8,128.0,,Dramas
MOVIE,Miracle,Gavin O'Connor,Canada,2004,PG,2018,6,136.0,,Children & Family Movies
MOVIE,Mirror Mirror,Tarsem Singh,United States,2012,PG,2020,4,106.0,,Children & Family Movies
MOVIE,Mirzya,Rakeysh Omprakash Mehra,India,2016,TV-MA,2017,2,129.0,,Dramas
MOVIE,Miss Hokusai,Keiichi Hara,Japan,2015,PG-13,2017,10,90.0,,Anime Features
MOVIE,Miss Julie,Liv Ullmann,Norway,2014,PG-13,2015,9,130.0,,Dramas
MOVIE,Miss Me This Christmas,Kenny Young,United States,2017,TV-14,2017,12,85.0,,Romantic Movies
MOVIE,Miss Representation,Jennifer Siebel Newsom,United States,2011,NR,2017,10,90.0,,Documentaries
MOVIE,Miss Stevens,Julia Hart,United States,2016,NR,2016,12,86.0,,Dramas
MOVIE,Mission Control: The Unsung Heroes of Apollo,David Fairhead,United States,2017,TV-14,2017,8,100.0,,Documentaries
MOVIE,Mission of Honor,David Blair,United Kingdom,2018,TV-MA,2019,7,107.0,,Action & Adventure
MOVIE,Mission: Destroy Love,Osman Ali,Malaysia,2014,TV-PG,2017,8,93.0,,Comedies
MOVIE,Mississippi Grind,"Anna Boden, Ryan Fleck",United States,2015,R,2018,7,109.0,,Dramas
MOVIE,Moh Maya Money,Munish Bhardwaj,India,2016,TV-MA,2017,5,109.0,,Dramas
MOVIE,Mohawk,Ted Geoghegan,United States,2017,TV-MA,2018,6,92.0,,Action & Adventure
MOVIE,Mojave,William Monahan,United States,2015,R,2018,7,93.0,,Dramas
MOVIE,Mokalik (Mechanic),Kunle Afolayan,Nigeria,2019,TV-14,2019,9,100.0,,Dramas
MOVIE,Molly's Game,Aaron Sorkin,China,2017,R,2020,4,141.0,,Dramas
MOVIE,Mona Lisa Smile,Mike Newell,United States,2003,PG-13,2019,1,119.0,,Dramas
MOVIE,Money,Martin Rosete,United States,2016,R,2017,10,84.0,,Thrillers
MOVIE,Money Talks,Brett Ratner,United States,1997,R,2019,11,96.0,,Action & Adventure
MOVIE,Monkey Up,Robert Vince,Canada,2016,PG,2016,3,83.0,,Children & Family Movies
MOVIE,Monopoly (The Bank Of Luck),Ahmed El Gendy,Egypt,2017,TV-MA,2019,6,117.0,,Comedies
MOVIE,Monster Family,Holger Tappe,Germany,2017,PG,2018,4,93.0,,Children & Family Movies
MOVIE,Monster High 13 Wishes,Steve Sacks,United States,2013,TV-Y7,2018,3,73.0,,Children & Family Movies
TV SHOW,Momo Salon,Not Given,South Korea,2014,TV-14,2017,7,,1.0,International Tv Shows
MOVIE,"Monster High: Boo York, Boo York",William Lau,United States,2015,TV-Y7,2015,9,72.0,,Children & Family Movies
MOVIE,Monster High: Escape from Skull Shores,"Steve Ball, Andrew Duncan",United States,2012,TV-Y7,2018,1,46.0,,Children & Family Movies
MOVIE,Monster High: Freaky Fusion,"William Lau, Sylvain Blais",United States,2014,TV-Y7,2018,1,74.0,,Children & Family Movies
MOVIE,Monster High: Friday Night Frights,Dustin McKenzie,United States,2013,TV-Y7,2018,1,46.0,,Children & Family Movies
MOVIE,Monster High: Fright On!,"Victor Dal Chele, Alfred Gimeno",United States,2011,TV-Y7,2018,1,46.0,,Children & Family Movies
MOVIE,"Monster High: Frights, Camera, Action!",William Lau,United States,2014,TV-Y7,2018,1,74.0,,Children & Family Movies
MOVIE,Monster High: Ghouls Rule,"Mike Fetterly, Steve Sacks",United States,2012,TV-Y7,2018,3,71.0,,Children & Family Movies
MOVIE,Monster High: Great Scarrier Reef,William Lau,United States,2016,TV-Y7,2017,10,72.0,,Children & Family Movies
MOVIE,Monster High: Haunted,"Dan Fraga, William Lau",United States,2015,TV-Y7,2018,3,76.0,,Children & Family Movies
MOVIE,Monster High: New Ghoul at School,"Audu Paden, Eric Radomski",United States,2010,TV-Y7,2017,10,,,Children & Family Movies
MOVIE,"Monster High: Scaris, City of Frights","Dustin McKenzie, Andrew Duncan, Audu Paden",United States,2013,TV-G,2015,7,60.0,,Children & Family Movies
MOVIE,Monster High: Why Do Ghouls Fall in Love?,"Dustin McKenzie, Steve Sacks",United States,2013,TV-Y7,2018,1,46.0,,Children & Family Movies
MOVIE,Monster-in-Law,Robert Luketic,United States,2005,PG-13,2020,1,101.0,,Comedies
TV SHOW,Monty Don's French Gardens,Rachel Bell,United Kingdom,2013,TV-G,2019,7,,1.0,British Tv Shows
MOVIE,Moon,Duncan Jones,United Kingdom,2009,R,2020,1,97.0,,Dramas
MOVIE,Moonlight,Barry Jenkins,United States,2016,R,2019,5,111.0,,Dramas
MOVIE,Moonwalkers,Antoine Bardou-Jacquet,France,2015,R,2017,9,96.0,,Action & Adventure
MOVIE,Moor,Jami,Pakistan,2015,TV-14,2017,11,135.0,,Dramas
MOVIE,Morris from America,Chad Hartigan,Germany,2016,R,2018,11,91.0,,Dramas
MOVIE,Mortified Nation,Michael Mayer,United States,2013,TV-MA,2018,2,84.0,,Documentaries
MOVIE,Morya,Avadhoot Gupte,India,2011,TV-14,2018,2,121.0,,Dramas
MOVIE,Motu Patlu: King of Kings,Suhas Kadav,India,2016,TV-Y7-FV,2017,7,109.0,,Children & Family Movies
MOVIE,Mountain,Jennifer Peedom,Australia,2017,PG,2018,10,74.0,,Action & Adventure
MOVIE,Movie 43,"Peter Farrelly, Will Graham, Steve Carr, Griffin Dunne, Steve Brill, James Duffy, Jonathan van Tulleken, Elizabeth Banks, Patrik Forsberg, Brett Ratner, Rusty Cundieff, James Gunn",United States,2013,R,2019,4,94.0,,Comedies
MOVIE,Mr. Church,Bruce Beresford,United States,2016,PG-13,2018,12,105.0,,Dramas
MOVIE,Mr. Deeds,Steve Brill,United States,2002,PG-13,2020,8,97.0,,Comedies
MOVIE,Mr. Gaga: A True Story of Love and Dance,Tomer Heymann,Israel,2015,TV-14,2017,6,102.0,,Documentaries
MOVIE,Mr. Virgin,Anthony Chan,Hong Kong,1984,TV-14,2018,8,86.0,,Comedies
MOVIE,Mr. Woodcock,Craig Gillespie,United States,2007,PG-13,2019,9,88.0,,Comedies
MOVIE,Ms. Mammy,Wael Ihsan,Egypt,2012,TV-14,2019,6,90.0,,Comedies
MOVIE,Mud,Jeff Nichols,United States,2012,PG-13,2021,1,131.0,,Dramas
MOVIE,Mujhse Shaadi Karogi,David Dhawan,India,2004,TV-PG,2019,12,158.0,,Comedies
MOVIE,Mune: Guardian of the Moon,"Alexandre Heboyan, Benoît Philippon",France,2014,PG,2018,1,85.0,,Children & Family Movies
MOVIE,Muppets Most Wanted,James Bobin,United States,2014,PG,2020,9,110.0,,Children & Family Movies
MOVIE,Murder Party,Jeremy Saulnier,United States,2007,NR,2018,9,79.0,,Comedies
MOVIE,Mutiny on the Bounty,"Lewis Milestone, Carol Reed",United States,1962,TV-PG,2019,11,185.0,,Action & Adventure
MOVIE,My Babysitter's a Vampire: The Movie,Bruce McDonald,Canada,2010,TV-PG,2018,10,80.0,,Children & Family Movies
MOVIE,My Brother ... Nikhil,Onir,India,2005,TV-PG,2018,10,116.0,,Dramas
MOVIE,My Daddy is in Heaven,Waymon Boone,United States,2017,TV-14,2018,6,95.0,,Dramas
MOVIE,My Dog is My Guide,Ismail Farouk,Egypt,2013,TV-14,2019,4,99.0,,Comedies
MOVIE,My Entire High School Sinking Into the Sea,Dash Shaw,United States,2016,PG-13,2018,1,77.0,,Comedies
MOVIE,My Ex-Ex,Nathaniel Warsh,Canada,2015,TV-MA,2017,8,91.0,,Comedies
MOVIE,My Only Mother,Wenn V. Deramas,Philippines,2013,TV-14,2019,3,104.0,,Comedies
MOVIE,My Life as a Zucchini,Claude Barras,Switzerland,2016,PG-13,2017,10,68.0,,Comedies
MOVIE,My Little Pony Equestria Girls: Friendship Games,"Ishi Rudell, Jayson Thiessen",United States,2015,TV-Y,2015,12,72.0,,Children & Family Movies
MOVIE,My Little Pony Equestria Girls: Rainbow Rocks,"Jayson Thiessen, Ishi Rudell",United States,2014,TV-Y,2014,12,73.0,,Children & Family Movies
MOVIE,"My Schoolmate, the Barbarian","Siu-hung Chung, Wong Jing",Hong Kong,2001,TV-14,2018,8,90.0,,Action & Adventure
MOVIE,My Scientology Movie,John Dower,United Kingdom,2015,TV-MA,2017,7,99.0,,Documentaries
MOVIE,My Sister's Keeper,Nick Cassavetes,United States,2009,PG-13,2019,9,109.0,,Dramas
TV SHOW,Mutant Busters,Not Given,Spain,2017,TV-PG,2017,6,,2.0,Kids' Tv
MOVIE,My True Friend,Atsajun Sattakovit,Thailand,2012,TV-MA,2018,7,108.0,,Action & Adventure
MOVIE,My Week with Marilyn,Simon Curtis,United Kingdom,2011,R,2019,5,99.0,,Dramas
MOVIE,My Wife and My Wifey,Moataz El Tony,Not Given,2014,TV-14,2019,4,99.0,,Comedies
MOVIE,Mythily Veendum Varunnu,Sabu Varghese,India,2017,TV-PG,2018,8,88.0,,Horror Movies
MOVIE,Nacho Libre,Jared Hess,United States,2006,PG,2019,11,92.0,,Comedies
MOVIE,Naga The Eternal Yogi,"Krishna Agazzi, Filippo Gastaldi",Italy,2016,TV-PG,2017,2,73.0,,Documentaries
MOVIE,Nails,Dennis Bartok,Ireland,2017,TV-MA,2018,3,85.0,,Horror Movies
MOVIE,Naledi: A Baby Elephant's Tale,"Ben Bowie, Geoff Luck",United States,2016,TV-PG,2020,5,91.0,,Documentaries
MOVIE,Namak Halaal,Prakash Mehra,India,1982,TV-14,2019,12,171.0,,Action & Adventure
MOVIE,Namour,Heidi Saman,United States,2016,NR,2017,3,80.0,,Dramas
MOVIE,Naruto Shippuden : Blood Prison,Masahiko Murata,Japan,2011,TV-14,2017,9,102.0,,Action & Adventure
MOVIE,Natalia Valdebenito: Gritona,Natalia Valdebenito,United States,2017,TV-MA,2017,11,76.0,,Stand-Up Comedy
MOVIE,National Bird,Sonia Kennebeck,United States,2016,TV-MA,2017,5,92.0,,Documentaries
MOVIE,National Parks Adventure,Greg MacGillivray,United States,2016,TV-G,2018,2,42.0,,Documentaries
MOVIE,National Treasure,Jon Turteltaub,United States,2004,PG,2018,6,131.0,,Action & Adventure
MOVIE,Natsamrat - Asa Nat Hone Nahi,Mahesh Manjrekar,India,2016,TV-14,2018,6,165.0,,Dramas
MOVIE,Natural Born Pranksters,"Roman Atwood, Ben Pluimer",United States,2016,R,2016,9,91.0,,Comedies
MOVIE,Natural Selection,Chad L. Scheifele,United States,2015,R,2016,12,101.0,,Dramas
MOVIE,National Lampoon's Loaded Weapon 1,Gene Quintano,Not Given,1993,PG-13,2019,11,82.0,,Action & Adventure
MOVIE,Nazi Concentration Camps,George Stevens,United States,1945,TV-MA,2017,3,59.0,,Classic Movies
MOVIE,Neruda,Pablo Larraín,Chile,2016,R,2017,6,108.0,,Dramas
MOVIE,Never Heard,Josh Webber,United States,2018,TV-PG,2019,2,89.0,,Dramas
MOVIE,New York Minute,Dennie Gordon,United States,2004,PG,2020,1,91.0,,Children & Family Movies
MOVIE,Newtown,Kim A. Snyder,United States,2016,NR,2017,4,84.0,,Documentaries
MOVIE,Next,Lee Tamahori,United States,2007,PG-13,2019,7,96.0,,Action & Adventure
MOVIE,Nibunan,Arun Vaidyanathan,India,2017,TV-14,2018,5,124.0,,Action & Adventure
MOVIE,Night Comes On,Jordana Spiro,United States,2018,TV-MA,2020,8,87.0,,Dramas
MOVIE,Night Moves,Kelly Reichardt,United States,2013,R,2019,6,113.0,,Dramas
MOVIE,Nightcrawler,Dan Gilroy,United States,2014,R,2020,8,118.0,,Dramas
MOVIE,Nights in Rodanthe,George C. Wolfe,United States,2008,PG-13,2019,7,97.0,,Dramas
MOVIE,No Entry,Anees Bazmee,India,2005,TV-PG,2018,3,161.0,,Comedies
MOVIE,No Estoy Loca,Nicolás López,Chile,2018,TV-MA,2018,5,116.0,,Comedies
MOVIE,NOVA: Thai Cave Rescue,Tom Stubberfield,United States,2018,TV-PG,2019,7,53.0,,Documentaries
TV SHOW,Nature's Great Race,Not Given,United Kingdom,2016,TV-PG,2017,10,,1.0,British Tv Shows
MOVIE,No Reservations,Scott Hicks,United States,2007,PG,2019,10,104.0,,Comedies
MOVIE,Norm of the North: Family Vacation,Anthony Bell,United States,2020,TV-Y7,2020,5,89.0,,Children & Family Movies
MOVIE,Norm of the North: Keys to the Kingdom,Tim Maltby,India,2019,TV-PG,2020,8,92.0,,Children & Family Movies
MOVIE,Norm of the North: King Sized Adventure,"Richard Finn, Tim Maltby",United States,2019,TV-PG,2019,9,90.0,,Children & Family Movies
MOVIE,Not Alone,"Kiki Goshay, Jacqueline Monetta",United States,2017,TV-14,2018,1,50.0,,Documentaries
MOVIE,NOVA: Black Hole Apocalypse,Rushmore DeNooyer,United States,2018,TV-G,2019,7,113.0,,Documentaries
MOVIE,NOVA: Building Chernobyl's MegaTomb,Martin Gorst,United States,2017,TV-PG,2019,7,53.0,,Documentaries
MOVIE,NOVA: Chinese Chariot Revealed,Giulia Clark,United States,2017,TV-PG,2019,7,54.0,,Documentaries
MOVIE,NOVA: Day the Dinosaurs Died,Sarah Holt,United States,2017,TV-PG,2019,7,53.0,,Documentaries
MOVIE,NOVA: Death Dive to Saturn,Terri Randall,United States,2017,TV-G,2019,7,54.0,,Documentaries
MOVIE,NOVA: Decoding the Weather Machine,Doug Hamilton,United States,2018,TV-14,2019,7,113.0,,Documentaries
MOVIE,NOVA: Eclipse Over America,Martin Gorst,United States,2017,TV-G,2019,7,53.0,,Documentaries
MOVIE,NOVA: Extreme Animal Weapons,Peter Fison,United States,2017,TV-PG,2019,7,53.0,,Documentaries
MOVIE,NOVA: First Face of America,Graham Townsley,United States,2018,TV-PG,2019,7,53.0,,Documentaries
MOVIE,NOVA: Holocaust Escape Tunnel,"Paula Apsell, Kirk Wolfinger",United States,2017,TV-14,2019,7,54.0,,Documentaries
MOVIE,NOVA: Killer Hurricanes,Oliver Twinch,United States,2017,TV-PG,2019,7,52.0,,Documentaries
MOVIE,NOVA: Killer Volcanoes,Oliver Twinch,United States,2017,TV-PG,2019,7,54.0,,Documentaries
MOVIE,NOVA: Poisoned Water,Llewellyn M. Smith,United States,2017,TV-PG,2019,7,54.0,,Documentaries
MOVIE,NOVA: Prediction by the Numbers,Daniel McCabe,United States,2018,TV-G,2019,7,53.0,,Documentaries
MOVIE,NOVA: Secrets of the Shining Knight,Peter Yost,United States,2017,TV-PG,2019,7,53.0,,Documentaries
MOVIE,November Criminals,Sacha Gervasi,United States,2017,PG-13,2020,7,86.0,,Dramas
MOVIE,Now and Then,Lesli Linka Glatter,United States,1995,PG-13,2019,8,102.0,,Dramas
MOVIE,Now More Than Ever: The History of Chicago,Peter Pardini,United States,2016,TV-MA,2018,1,114.0,,Documentaries
MOVIE,Nowhere Boy,Sam Taylor-Johnson,United Kingdom,2009,R,2018,4,99.0,,Dramas
MOVIE,Numbered,"Dana Doron, Uriel Sinai",Israel,2012,TV-PG,2017,12,55.0,,Documentaries
MOVIE,Numero Zero. The Roots of Italian Rap,Enrico Bisi,Italy,2015,TV-MA,2018,4,91.0,,Documentaries
MOVIE,Nymphomaniac: Volume 1,Lars von Trier,Denmark,2013,NR,2018,1,117.0,,Dramas
MOVIE,Nymphomaniac: Volume II,Lars von Trier,Denmark,2013,TV-MA,2018,8,124.0,,Dramas
MOVIE,Oasis: Supersonic,Mat Whitecross,United Kingdom,2016,R,2018,12,122.0,,Documentaries
MOVIE,Obvious Child,Gillian Robespierre,United States,2014,R,2018,7,84.0,,Comedies
MOVIE,Océans,"Jacques Perrin, Jacques Cluzaud",France,2009,G,2019,9,84.0,,Documentaries
MOVIE,Occupation,Luke Sparke,Australia,2018,R,2019,1,120.0,,Action & Adventure
MOVIE,Ocean's Eleven,Lewis Milestone,United States,1960,TV-PG,2019,11,127.0,,Action & Adventure
MOVIE,Ocean's Thirteen,Steven Soderbergh,United States,2007,PG-13,2019,10,122.0,,Action & Adventure
MOVIE,Ocean's Twelve,Steven Soderbergh,United States,2004,PG-13,2019,10,125.0,,Action & Adventure
MOVIE,Oh My Ghost 4,Poj Arnon,Thailand,2015,TV-MA,2018,7,106.0,,Comedies
MOVIE,Off Course,Nacho G. Velilla,Spain,2015,TV-MA,2016,9,107.0,,Comedies
MOVIE,Officer Downe,Shawn Crahan,United States,2016,R,2017,3,91.0,,Action & Adventure
MOVIE,Oh My Ghost 2,Poj Arnon,Thailand,2011,TV-MA,2018,7,103.0,,Comedies
MOVIE,Oh My Ghost 3,Poj Arnon,Thailand,2012,TV-MA,2018,8,103.0,,Comedies
MOVIE,Oklahoma City,Barak Goodman,United States,2017,TV-14,2017,4,102.0,,Documentaries
TV SHOW,Oliver Stone's Untold History of the United States,Oliver Stone,United States,2013,TV-PG,2016,11,,1.0,Docuseries
MOVIE,Omar and Salma 3,Mohamed Samy,Egypt,2012,TV-MA,2019,4,97.0,,Comedies
MOVIE,On the Wrong Track,Clarence Yiu-leung Fok,Hong Kong,1983,TV-14,2018,8,89.0,,Action & Adventure
MOVIE,On Yoga The Architecture of Peace,Heitor Dhalia,Brazil,2017,TV-14,2018,1,92.0,,Documentaries
MOVIE,Onaatah,Pradip Kurbah,India,2016,TV-14,2018,5,107.0,,Dramas
MOVIE,Once In A Lifetime Sessions with Moby,Matt Askem,United States,2018,TV-14,2018,8,86.0,,Documentaries
MOVIE,Once In A Lifetime Sessions with Nile Rodgers,Charlie Lightening,United States,2018,TV-PG,2018,8,70.0,,Documentaries
MOVIE,Once In A Lifetime Sessions with Noel Gallagher,Charlie Lightening,United States,2018,TV-MA,2018,8,66.0,,Documentaries
MOVIE,Once In A Lifetime Sessions with TLC,Matt Askem,United States,2018,TV-PG,2018,8,72.0,,Documentaries
MOVIE,Once Upon a Time in London,Simon Rumley,United Kingdom,2019,TV-MA,2020,4,111.0,,Dramas
MOVIE,Stink!,Jon J. Whelan,United States,2015,TV-PG,2018,11,91.0,,Documentaries
MOVIE,Once Upon a Time in the West,Sergio Leone,Italy,1968,PG-13,2019,11,166.0,,Action & Adventure
MOVIE,One Day,Banjong Pisanthanakun,Thailand,2016,TV-PG,2018,9,135.0,,Dramas
MOVIE,One Direction: This Is Us,Morgan Spurlock,United States,2013,PG,2019,10,92.0,,Documentaries
MOVIE,Operation Odessa,Tiller Russell,United States,2018,TV-MA,2020,4,93.0,,Documentaries
MOVIE,One Last Thing,Tim Rouhana,United States,2018,TV-MA,2019,8,92.0,,Dramas
MOVIE,One More Shot,Noah Moskin,United States,2017,TV-MA,2018,1,89.0,,Documentaries
MOVIE,One Night Stand,Jasmine D'Souza,India,2016,TV-MA,2017,10,93.0,,Dramas
MOVIE,Only God Forgives,Nicolas Winding Refn,Denmark,2013,R,2018,5,90.0,,Cult Movies
MOVIE,Only the Dead,"Bill Guttentag, Michael Ware",Australia,2015,TV-MA,2018,11,76.0,,Documentaries
MOVIE,Open Season,"Roger Allers, Jill Culton",United States,2006,PG,2019,9,86.0,,Children & Family Movies
MOVIE,Operation Chromite,John H. Lee,South Korea,2016,NR,2018,1,111.0,,Action & Adventure
MOVIE,Operation Mekong,Dante Lam,China,2016,TV-MA,2017,8,124.0,,Action & Adventure
MOVIE,Operation Red Sea,Dante Lam,China,2018,TV-MA,2018,11,139.0,,Action & Adventure
MOVIE,Operator,Logan Kibens,United States,2016,TV-MA,2017,2,91.0,,Comedies
MOVIE,Opium and the Kung Fu Master,Chia Tang,Hong Kong,1984,TV-MA,2018,8,86.0,,Action & Adventure
MOVIE,Oru Vishsheshapetta Biryani Kissa,Kiran Narayanan,India,2017,TV-14,2018,8,122.0,,Comedies
MOVIE,OtherLife,Ben C. Lucas,Australia,2017,TV-MA,2017,10,96.0,,Dramas
MOVIE,Ottaal,Jayaraj Rajasekharan Nair,India,2014,TV-PG,2017,3,88.0,,Dramas
MOVIE,Our Godfather,"Mark Franchetti, Andrew Meier",United Kingdom,2019,TV-MA,2019,9,93.0,,Documentaries
MOVIE,Our House,Anthony Scott Burns,Canada,2018,PG-13,2020,6,90.0,,Horror Movies
MOVIE,Outlawed,"Adam Collins, Luke Radford",United Kingdom,2018,TV-MA,2019,2,102.0,,Action & Adventure
MOVIE,P,Paul Spurrier,United Kingdom,2006,TV-MA,2019,5,105.0,,Horror Movies
MOVIE,P Se PM Tak,Kundan Shah,India,2015,TV-14,2018,8,117.0,,Comedies
MOVIE,P.S. I Love You,Richard LaGravenese,United States,2007,PG-13,2019,4,126.0,,Dramas
MOVIE,Paathi,Chandran Narikode,India,2017,TV-14,2018,7,89.0,,Dramas
MOVIE,Pablo Escobar: Angel or Demon?,Jorge Granier,Venezuela,2007,NR,2018,3,82.0,,Documentaries
MOVIE,Pahuyut Fighting Beat,Piti Jaturaphat,Thailand,2007,TV-MA,2018,7,82.0,,Action & Adventure
MOVIE,Paid in Full,Charles Stone III,United States,2002,R,2019,11,98.0,,Action & Adventure
MOVIE,Paint It Black,Amber Tamblyn,United States,2016,R,2018,2,96.0,,Dramas
MOVIE,Painted Faces,Alex Law,Hong Kong,1988,TV-PG,2018,8,108.0,,Dramas
MOVIE,Palio,Cosima Spender,United Kingdom,2015,TV-14,2016,6,91.0,,Documentaries
MOVIE,Palm Trees in the Snow,Fernando González Molina,Spain,2015,TV-MA,2016,5,163.0,,Dramas
MOVIE,Panic Room,David Fincher,United States,2002,R,2019,8,112.0,,Thrillers
MOVIE,Papa the Great,Bhagyaraj,India,2000,TV-PG,2017,12,137.0,,Comedies
MOVIE,Paper Year,Rebecca Addelman,Canada,2018,TV-MA,2019,4,89.0,,Dramas
MOVIE,Paranormal Activity,Oren Peli,United States,2007,R,2020,1,86.0,,Horror Movies
MOVIE,Pardes,Subhash Ghai,India,1997,TV-14,2018,3,187.0,,Dramas
MOVIE,Pareeth Pandaari,Gafoor Y. Elliyaas,India,2017,TV-PG,2018,7,109.0,,Dramas
MOVIE,Paris Is Burning,Jennie Livingston,United States,1990,R,2017,2,77.0,,Classic Movies
MOVIE,Passenger 57,Kevin Hooks,United States,1992,R,2021,1,84.0,,Action & Adventure
MOVIE,Patiala House,Nikhil Advani,India,2011,TV-PG,2017,10,140.0,,Dramas
MOVIE,Patient Seventeen,Jeremy Kenyon Lockyer Corbell,United States,2017,TV-14,2018,1,68.0,,Documentaries
MOVIE,Patriot Games,Phillip Noyce,United States,1992,R,2020,1,117.0,,Action & Adventure
MOVIE,Patron Mutlu Son Istiyor,Kıvanç Baruönü,Turkey,2014,TV-MA,2017,3,105.0,,Comedies
MOVIE,Paul Blart: Mall Cop,Steve Carr,United States,2009,PG,2020,11,91.0,,Action & Adventure
MOVIE,Paulettante Veedu,Dileep Narayanan,India,2016,TV-14,2018,7,104.0,,Dramas
MOVIE,Paying Guests,Paritosh Painter,India,2009,TV-14,2018,7,114.0,,Comedies
MOVIE,Pee Mak,Banjong Pisanthanakun,Thailand,2013,TV-MA,2018,9,112.0,,Comedies
MOVIE,Phamous,Karan Lalit Butani,Not Given,2018,TV-MA,2019,12,108.0,,Dramas
MOVIE,Pee-wee's Playhouse: Christmas Special,"Paul Reubens, Wayne Orr",United States,1988,TV-PG,2014,12,48.0,,Movies
MOVIE,Pekak,Mohd Khairul Azri Bin Md Noor,Malaysia,2016,TV-MA,2017,8,95.0,,Dramas
MOVIE,Penelope,Mark Palansky,United Kingdom,2006,PG,2019,4,89.0,,Children & Family Movies
MOVIE,People You May Know,J.C. Falcón,United States,2016,TV-MA,2017,2,108.0,,Dramas
MOVIE,Perfect Bid: The Contestant Who Knew Too Much,C.J. Wallis,Canada,2017,TV-MA,2019,4,72.0,,Documentaries
MOVIE,Perfect Stranger,James Foley,United States,2007,R,2019,1,109.0,,Thrillers
MOVIE,Personal Shopper,Olivier Assayas,France,2016,R,2019,2,105.0,,Dramas
MOVIE,Peter and the Farm,Tony Stone,United States,2016,TV-MA,2017,3,92.0,,Documentaries
MOVIE,Peter Rabbit,Will Gluck,United States,2018,PG,2018,8,95.0,,Children & Family Movies
MOVIE,Phantom Boy,"Jean-Loup Felicioli, Alain Gagnol",France,2015,PG,2017,10,85.0,,Action & Adventure
MOVIE,Philadelphia,Jonathan Demme,United States,1993,PG-13,2019,7,126.0,,Classic Movies
MOVIE,Phir Se,"Ajay Bhuyan, Kunal Kohli",India,2015,TV-14,2018,1,118.0,,International Movies
MOVIE,Phobia 2,"Banjong Pisanthanakun, Paween Purikitpanya, Songyos Sugmakanan, Parkpoom Wongpoom, Visute Poolvoralaks",Thailand,2009,TV-MA,2018,9,125.0,,Horror Movies
MOVIE,Phone Swap,Kunle Afolayan,Nigeria,2012,TV-14,2019,9,112.0,,Comedies
MOVIE,Phullu,Abhishek Saxena,India,2017,TV-14,2019,12,96.0,,Dramas
MOVIE,Pick of the Litter,"Dana Nachman, Don Hardy Jr.",United States,2018,TV-PG,2020,8,81.0,,Children & Family Movies
MOVIE,Pierre Jackson,Christopher Nolen,United States,2018,TV-MA,2019,6,81.0,,Romantic Movies
MOVIE,Pimpal,Gajendra Ahire,India,2017,TV-PG,2018,11,92.0,,Dramas
TV SHOW,Pioneers of African-American Cinema,"Oscar Micheaux, Spencer Williams, Richard E. Norman, Richard Maurice",United States,1946,TV-14,2017,2,,1.0,Tv Shows
MOVIE,Pitaah,Mahesh Manjrekar,India,2002,TV-MA,2018,3,127.0,,Dramas
MOVIE,"Pizza, birra, faso","Israel Adrián Caetano, Bruno Stagnaro",Argentina,1998,TV-MA,2018,3,81.0,,Dramas
MOVIE,"Plaire, aimer et courir vite",Christophe Honoré,France,2018,TV-MA,2019,7,133.0,,Dramas
TV SHOW,Planet Earth: The Complete Collection,Alastair Fothergill,United Kingdom,2006,TV-PG,2015,4,,1.0,British Tv Shows
MOVIE,Planet Hulk,Sam Liu,United States,2010,TV-14,2020,6,81.0,,Action & Adventure
MOVIE,Planetarium,Rebecca Zlotowski,France,2016,TV-MA,2018,1,108.0,,Dramas
MOVIE,Platoon,Oliver Stone,United States,1986,R,2020,11,120.0,,Action & Adventure
MOVIE,Playing for Time,"Daniel Mann, Joseph Sargent",United States,1980,TV-14,2017,12,149.0,,Dramas
MOVIE,Playing Hard,Jean-Simon Chartier,Canada,2018,TV-MA,2019,4,92.0,,Documentaries
MOVIE,Pope Francis: A Man of His Word,Wim Wenders,Switzerland,2018,PG,2019,1,96.0,,Documentaries
MOVIE,Popeye,Robert Altman,United States,1980,PG,2019,11,114.0,,Action & Adventure
MOVIE,Porto,Gabe Klinger,Portugal,2016,TV-MA,2018,4,77.0,,Dramas
MOVIE,Postcards from London,Steve McLean,United Kingdom,2018,TV-MA,2019,2,90.0,,Dramas
TV SHOW,Portlandia,Not Given,United States,2018,TV-14,2019,9,,8.0,Tv Comedies
MOVIE,Power Rangers Super Megaforce: The Legendary Battle (Extended),"Charlie Haskell, Koichi Sakamoto",United States,2014,TV-Y7,2016,1,55.0,,Movies
TV SHOW,Prince Jai Aur Dumdaar Viru,Bhavik Thakore,Not Given,2017,TV-Y,2020,10,,1.0,Kids' Tv
MOVIE,Power Rangers: Megaforce: The Robo Knight Before Christmas,James Barr,United States,2013,TV-Y7,2016,1,,,Children & Family Movies
MOVIE,Prague,Ashish R. Shukla,India,2013,TV-MA,2017,12,106.0,,Dramas
MOVIE,Prelude to War,Frank Capra,United States,1942,TV-14,2017,3,52.0,,Classic Movies
MOVIE,Premachi Goshta,Satish Rajwade,India,2013,TV-14,2018,2,127.0,,International Movies
MOVIE,Prescription Thugs,"Chris Bell, Josh Alexander, Greg Young",United States,2015,NR,2016,4,86.0,,Documentaries
MOVIE,Primal Fear,Gregory Hoblit,United States,1996,R,2019,12,131.0,,Dramas
MOVIE,Prince Charming,Wong Jing,Hong Kong,1984,TV-14,2018,8,93.0,,Comedies
MOVIE,Princess Cyd,Stephen Cone,United States,2017,TV-MA,2018,2,97.0,,Dramas
MOVIE,Professor Mack,Christopher Nolen,United States,2018,TV-MA,2019,8,84.0,,Comedies
MOVIE,Prosecuting Evil: The Extraordinary World of Ben Ferencz,Barry Avrich,Canada,2019,TV-MA,2019,6,83.0,,Documentaries
MOVIE,Pukar,Rajkumar Santoshi,India,2000,TV-14,2018,3,165.0,,Action & Adventure
MOVIE,Pulp Fiction,Quentin Tarantino,United States,1994,R,2019,1,154.0,,Classic Movies
MOVIE,Punjab 1984,Anurag Singh,Canada,2014,TV-14,2017,11,158.0,,Dramas
MOVIE,Pusher,Luis Prieto,United Kingdom,2012,R,2017,12,89.0,,Action & Adventure
MOVIE,Pyaar Ka Punchnama,Luv Ranjan,India,2011,TV-14,2017,5,149.0,,Comedies
MOVIE,Q Ball,Michael Tolajian,United States,2019,TV-MA,2020,3,96.0,,Documentaries
MOVIE,Quantum of Solace,Marc Forster,United Kingdom,2008,PG-13,2020,8,106.0,,Action & Adventure
MOVIE,Queen of the Desert,Werner Herzog,United States,2015,PG-13,2019,4,128.0,,Dramas
MOVIE,R.L. Stine's Mostly Ghostly,Richard Correll,United States,2008,PG,2018,8,98.0,,Children & Family Movies
MOVIE,Race to Witch Mountain,Andy Fickman,United States,2009,PG,2019,7,99.0,,Children & Family Movies
MOVIE,Rachel Getting Married,Jonathan Demme,United States,2008,R,2019,9,113.0,,Dramas
MOVIE,Radical: the Controversial Saga of Dada Figueiredo,Raphael Erichsen,Brazil,2013,TV-MA,2017,4,71.0,,Documentaries
MOVIE,Radiopetti,Hari Viswanath,India,2015,TV-PG,2017,1,83.0,,Dramas
MOVIE,Raging Bull,Martin Scorsese,United States,1980,R,2019,10,129.0,,Classic Movies
MOVIE,Rahasya,Manish Gupta,India,2015,TV-14,2018,3,117.0,,Dramas
MOVIE,Raiders!: The Story of the Greatest Fan Film Ever Made,"Jeremy Coon, Tim Skousen",United States,2015,NR,2016,9,93.0,,Documentaries
MOVIE,Railroad Tigers,Ding Sheng,China,2016,TV-14,2017,8,124.0,,Action & Adventure
MOVIE,Raja Hindustani,Dharmesh Darshan,India,1996,TV-14,2017,5,177.0,,Dramas
MOVIE,Rajnigandha,Basu Chatterjee,India,1974,TV-PG,2019,12,104.0,,Comedies
MOVIE,Ralph Breaks the Internet: Wreck-It Ralph 2,"Phil Johnston, Rich Moore",United States,2018,PG,2019,6,113.0,,Children & Family Movies
MOVIE,Ram Teri Ganga Maili,Raj Kapoor,India,1985,TV-14,2019,12,178.0,,Classic Movies
MOVIE,Ramen Shop,Eric Khoo,Singapore,2018,TV-PG,2019,7,90.0,,Dramas
MOVIE,Ramji Londonwaley,Sanjay Dayma,India,2005,TV-14,2019,12,154.0,,Comedies
MOVIE,Rampant,Kim Sung-hoon,South Korea,2018,TV-MA,2019,5,122.0,,Action & Adventure
MOVIE,Ranbhool,Girish Joshi,India,2010,TV-MA,2018,3,115.0,,Horror Movies
MOVIE,Rangreza,Amir Mohiuddin,Pakistan,2017,TV-14,2018,8,126.0,,Dramas
MOVIE,Rats,Morgan Spurlock,United States,2016,NR,2016,12,88.0,,Documentaries
MOVIE,Reaction,Husam El-Gohari,Egypt,2011,TV-14,2019,6,99.0,,Dramas
MOVIE,Ready,Anees Bazmee,India,2011,TV-PG,2017,10,144.0,,Comedies
MOVIE,Refugee,"Clementine Malpas, Leslie Knott",Not Given,2016,TV-PG,2017,3,,,Documentaries
MOVIE,Rebel Without a Cause,Nicholas Ray,United States,1955,PG-13,2019,11,111.0,,Classic Movies
MOVIE,Recall,Michael James Regan,Canada,2018,TV-MA,2019,6,73.0,,Dramas
MOVIE,Red Christmas,Craig Anderson,Australia,2016,TV-MA,2017,12,81.0,,Horror Movies
MOVIE,Red Dawn,John Milius,United States,1984,PG-13,2019,12,114.0,,Action & Adventure
MOVIE,Red Oleanders Raktokarobi,Amitava Bhattacharya,India,2017,TV-14,2018,9,112.0,,Dramas
MOVIE,Red Trees,Marina Willer,United Kingdom,2017,TV-PG,2018,3,80.0,,Documentaries
MOVIE,Regatta,Mohamed Samy,Egypt,2015,TV-MA,2019,5,100.0,,Action & Adventure
MOVIE,Reincarnated,Andy Capper,United States,2012,R,2016,6,96.0,,Documentaries
MOVIE,Rembat,Shamyl Othman,Malaysia,2015,TV-PG,2017,8,88.0,,Action & Adventure
MOVIE,Remember,Atom Egoyan,Canada,2015,R,2018,7,95.0,,Action & Adventure
MOVIE,Remember Me,Allen Coulter,United States,2010,PG-13,2020,8,112.0,,Dramas
MOVIE,Rememory,Mark Palansky,United Kingdom,2017,PG-13,2020,6,112.0,,Dramas
MOVIE,Secrets of Scotland Yard,Susannah Ward,United Kingdom,2013,TV-14,2017,4,55.0,,Documentaries
MOVIE,Resident Evil: Afterlife,Paul W.S. Anderson,Germany,2010,R,2020,1,97.0,,Action & Adventure
MOVIE,Residente,René Pérez Joglar,United States,2017,TV-MA,2018,1,97.0,,Documentaries
MOVIE,Restless Creature: Wendy Whelan,"Linda Saffire, Adam Schlesinger",United States,2016,TV-MA,2017,9,94.0,,Documentaries
MOVIE,Return To The 36th Chamber,Chia-Liang Liu,Hong Kong,1980,R,2018,8,97.0,,Action & Adventure
MOVIE,Revelations,Vijay Jayapal,India,2016,NR,2017,3,118.0,,Dramas
MOVIE,Revenge of the Green Dragons,"Andrew Lau Wai-Keung, Andrew Loo",Hong Kong,2014,R,2018,7,95.0,,Action & Adventure
TV SHOW,Revolting Rhymes,"Jani Lachauer, Jakob Schuh",United Kingdom,2017,TV-PG,2018,2,,1.0,British Tv Shows
MOVIE,Revolutionary Road,Sam Mendes,United States,2008,R,2019,11,120.0,,Dramas
MOVIE,Rezeta,Fernando Frías De La Parra,Mexico,2012,NR,2016,12,84.0,,Dramas
MOVIE,Righteous Kill,Jon Avnet,United States,2008,R,2019,6,101.0,,Dramas
MOVIE,Ringan,Makarand Mane,India,2015,TV-14,2018,5,103.0,,Dramas
MOVIE,Rise of the Zombie,"Devaki Singh, Luke Kenny",India,2013,TV-MA,2017,12,83.0,,Horror Movies
MOVIE,Rivaaz,Ashok Nanda,India,2011,TV-MA,2017,11,107.0,,Dramas
MOVIE,Road to Sangam,Amit Rai,India,2010,TV-14,2019,12,136.0,,Dramas
MOVIE,Road to Yesterday,Ishaya Bako,Nigeria,2015,TV-14,2016,7,96.0,,Dramas
MOVIE,Roberto Saviano: Writing Under Police Protection,Pierfrancesco Diliberto,Italy,2016,TV-14,2018,5,45.0,,Documentaries
MOVIE,Robin Hood: The Rebellion,Nicholas Winter,United Kingdom,2018,TV-14,2019,5,92.0,,Action & Adventure
MOVIE,Roots,Shweta Basu Prasad,Not Given,2016,TV-PG,2017,11,62.0,,Documentaries
MOVIE,Rocky,John G. Avildsen,United States,1976,PG,2019,8,120.0,,Action & Adventure
MOVIE,Rocky II,Sylvester Stallone,United States,1979,PG,2019,8,119.0,,Dramas
MOVIE,Rocky III,Sylvester Stallone,United States,1982,PG,2019,8,100.0,,Dramas
MOVIE,Rocky IV,Sylvester Stallone,United States,1985,PG,2019,8,92.0,,Dramas
MOVIE,Rocky V,John G. Avildsen,United States,1990,PG-13,2019,8,104.0,,Dramas
MOVIE,Roger Corman's Death Race 2050,G.J. Echternkamp,United States,2017,R,2017,1,93.0,,Action & Adventure
MOVIE,Roh's Beauty,Sameh Abdulaziz,Egypt,2014,TV-MA,2019,4,98.0,,Dramas
MOVIE,Roll Red Roll,Nancy Schwartzman,United States,2018,TV-MA,2019,8,80.0,,Documentaries
MOVIE,Rolling Papers,Mitch Dickman,United States,2015,TV-MA,2017,9,79.0,,Documentaries
MOVIE,Romeo Ranjha,Navaniat Singh,India,2014,TV-14,2017,11,122.0,,Action & Adventure
MOVIE,Room,Lenny Abrahamson,Ireland,2015,R,2018,7,118.0,,Dramas
MOVIE,Room for Rent,Matthew Atkinson,Canada,2017,TV-MA,2019,3,89.0,,Comedies
MOVIE,Room on the Broom,"Max Lang, Jani Lachauer",United Kingdom,2012,TV-Y7,2019,7,,,Children & Family Movies
MOVIE,Rosemary's Baby,Roman Polanski,United States,1968,R,2019,11,137.0,,Classic Movies
MOVIE,Rounders,John Dahl,United States,1998,R,2019,11,121.0,,Dramas
TV SHOW,Royal Pains,Jay Chandrasekhar,United States,2016,TV-PG,2017,5,,8.0,Tv Comedies
MOVIE,Rukh,Atanu Mukherjee,India,2017,TV-MA,2018,4,103.0,,Dramas
MOVIE,Rumble,R. Ellis Frazier,Mexico,2016,TV-MA,2017,9,92.0,,Action & Adventure
MOVIE,Rumble in the Bronx,Stanley Tong,Hong Kong,1995,R,2019,11,89.0,,Action & Adventure
MOVIE,Rumor Has It,Rob Reiner,United States,2005,PG-13,2019,8,97.0,,Comedies
MOVIE,Run,Jeeva,India,2004,TV-14,2018,3,134.0,,Action & Adventure
MOVIE,Runaway Bride,Garry Marshall,United States,1999,PG,2020,12,116.0,,Comedies
MOVIE,Running for Grace,David L. Cunningham,United States,2018,TV-14,2019,6,110.0,,Dramas
MOVIE,Running Out Of Time,Chris Stokes,United States,2018,TV-14,2019,8,88.0,,Thrillers
MOVIE,Russell Madness,Robert Vince,United States,2015,PG,2015,5,93.0,,Children & Family Movies
MOVIE,Russell Peters: Notorious,Dave Higby,United States,2013,NR,2013,10,72.0,,Stand-Up Comedy
MOVIE,Rustom,Dharmendra Suresh Desai,India,2016,TV-14,2017,1,141.0,,Dramas
MOVIE,S Is for Stanley,Alex Infascelli,Italy,2016,TV-MA,2017,6,82.0,,Documentaries
MOVIE,S.W.A.T.,Clark Johnson,United States,2003,PG-13,2021,1,117.0,,Action & Adventure
MOVIE,Saath Saath,Raman Kumar,India,1982,TV-14,2019,12,118.0,,Dramas
MOVIE,Sacro GRA,Gianfranco Rosi,Italy,2013,TV-MA,2017,3,91.0,,Documentaries
MOVIE,Sadece Sen,Hakan Yonat,Turkey,2014,TV-MA,2017,3,105.0,,Dramas
MOVIE,Sadie's Last Days on Earth,Michael Seater,Canada,2016,TV-14,2017,8,94.0,,Comedies
MOVIE,Sadma,Balu Mahendra,India,1983,TV-14,2019,12,137.0,,Dramas
TV SHOW,Sadqay Tumhare,Ehtesham Uddin,Pakistan,2014,TV-PG,2016,12,,1.0,International Tv Shows
MOVIE,Saeed Mirza: The Leftist Sufi,"Kireet Khurana, Padmakumar Narasimhamurthy",India,2016,TV-MA,2017,5,61.0,,Documentaries
MOVIE,Safety Not Guaranteed,Colin Trevorrow,United States,2012,R,2020,8,86.0,,Comedies
MOVIE,Saheb Bibi Golaam,Pratim D. Gupta,India,2016,TV-MA,2017,1,118.0,,Dramas
MOVIE,Sairat,Nagraj Manjule,India,2016,TV-14,2018,4,173.0,,Dramas
MOVIE,Sakhi,Sanjay Soorkar,India,2007,TV-PG,2018,2,152.0,,Dramas
MOVIE,Salem: His Sister's Father,Mohamed Hamdy,Egypt,2014,TV-14,2019,6,99.0,,Dramas
MOVIE,Samantaral,Partha Chakraborty,India,2017,TV-MA,2018,9,110.0,,Dramas
MOVIE,Samarppanam,K. Gopinathan,India,2017,TV-PG,2018,3,116.0,,Dramas
MOVIE,Sameer Abu Alneel,Amr Arafa,Egypt,2013,TV-14,2019,6,107.0,,Comedies
MOVIE,Samson,"Bruce MacDonald, Gabriel Sabloff",South Africa,2018,PG-13,2018,12,109.0,,Action & Adventure
MOVIE,San Pietro,John Huston,United States,1945,TV-14,2017,3,32.0,,Classic Movies
MOVIE,Sanai Choughade,Rajeev Patil,India,2008,TV-14,2018,1,122.0,,Comedies
MOVIE,Sangam,Raj Kapoor,India,1964,TV-14,2019,12,228.0,,Classic Movies
MOVIE,Santa Claws,Glenn Miller,United States,2014,TV-PG,2017,11,86.0,,Children & Family Movies
MOVIE,Santa's Apprentice,Luc Vinciguerra,Australia,2010,TV-G,2015,12,72.0,,Children & Family Movies
MOVIE,Sarah's Key,Gilles Paquet-Brenner,France,2010,PG-13,2019,9,102.0,,Dramas
MOVIE,Secrets of Her Majesty's Secret Service,Kasia Uscinska,United Kingdom,2014,TV-PG,2017,2,55.0,,Documentaries
MOVIE,Sardaar ji,Rohit Jugraj,Canada,2015,TV-14,2017,12,140.0,,Comedies
MOVIE,Sardaarji 2,Rohit Jugraj,Australia,2016,TV-PG,2017,10,145.0,,Action & Adventure
MOVIE,Sarivar Sari,Gajendra Ahire,India,2005,TV-14,2018,2,126.0,,Dramas
MOVIE,Sarvopari Palakkaran,Venugopan,India,2017,TV-14,2018,7,133.0,,Dramas
MOVIE,Sat Sri Akal,Kamal Sahani,India,2008,TV-14,2019,1,141.0,,Dramas
MOVIE,Satan & Adam,V. Scott Balcerek,United States,2018,TV-MA,2019,6,78.0,,Documentaries
MOVIE,Satrangi Re,Aditya Sarpotdar,India,2012,TV-14,2018,3,150.0,,Dramas
MOVIE,Satte Pe Satta,Raj N. Sippy,India,1982,TV-14,2019,12,153.0,,Comedies
MOVIE,Saturday Church,Damon Cardasis,United States,2017,TV-MA,2020,10,83.0,,Dramas
MOVIE,Savage Dog,Jesse V. Johnson,United States,2017,TV-MA,2017,11,95.0,,Action & Adventure
MOVIE,Savage Raghda,Mahmoud Karim,Egypt,2018,TV-MA,2019,6,93.0,,Comedies
MOVIE,Saving Mr. Banks,John Lee Hancock,United States,2013,PG-13,2019,3,126.0,,Comedies
MOVIE,Saving Zoë,Jeffrey G. Hunt,United States,2019,R,2020,1,95.0,,Dramas
MOVIE,Say When,Lynn Shelton,United States,2014,R,2018,7,99.0,,Comedies
MOVIE,Scales: Mermaids Are Real,Kevan Peterson,United States,2017,PG,2020,1,93.0,,Children & Family Movies
MOVIE,Scandal in Sorrento,Dino Risi,Italy,1955,TV-PG,2020,11,93.0,,Classic Movies
MOVIE,Secrets of Highclere Castle,Vicky Matthews,United States,2013,TV-PG,2017,2,54.0,,Documentaries
MOVIE,Scary Movie,Keenen Ivory Wayans,United States,2000,R,2020,1,88.0,,Comedies
MOVIE,Scary Movie 5,Malcolm D. Lee,United States,2013,PG-13,2020,8,88.0,,Comedies
MOVIE,Schindler's List,Steven Spielberg,United States,1993,R,2018,4,195.0,,Classic Movies
MOVIE,School Daze,Spike Lee,United States,1988,R,2020,11,120.0,,Comedies
MOVIE,Scooby-Doo on Zombie Island,"Hiroshi Aoyama, Kazumi Fukushima, Jim Stenstrum",United States,1998,TV-PG,2019,12,77.0,,Children & Family Movies
MOVIE,Scott Pilgrim vs. the World,Edgar Wright,United States,2010,PG-13,2018,9,112.0,,Action & Adventure
MOVIE,Scream 2,Wes Craven,United States,1997,R,2019,10,121.0,,Horror Movies
MOVIE,Scream 3,Wes Craven,United States,2000,R,2019,7,117.0,,Horror Movies
MOVIE,Seal Team Six: The Raid on Osama Bin Laden,John Stockwell,United States,2012,TV-MA,2020,1,90.0,,Action & Adventure
MOVIE,Searching for Bobby Fischer,Steven Zaillian,United States,1993,PG,2020,12,110.0,,Children & Family Movies
MOVIE,Searching for Sugar Man,Malik Bendjelloul,Sweden,2012,PG-13,2019,12,86.0,,Documentaries
MOVIE,Season of the Witch,Dominic Sena,United States,2011,PG-13,2019,4,95.0,,Action & Adventure
MOVIE,Secret,Jay Chou,Hong Kong,2007,TV-PG,2018,7,101.0,,Dramas
MOVIE,Secret in Their Eyes,Billy Ray,United States,2015,PG-13,2018,4,111.0,,Dramas
MOVIE,Secrets of Althorp - The Spencers,Kasia Uscinska,United States,2013,TV-PG,2017,4,54.0,,Documentaries
MOVIE,Secrets of Chatsworth,Susannah Ward,United States,2013,TV-PG,2017,2,54.0,,Documentaries
MOVIE,Secrets of Henry VIII's Palace: Hampton Court,Sam Taplin,United States,2013,TV-PG,2017,2,54.0,,Documentaries
MOVIE,Secrets of the Tower of London,Vicky Matthews,United Kingdom,2013,TV-PG,2017,2,55.0,,Documentaries
MOVIE,Secrets of Underground London,"Vicky Matthews, Gareth Sacala",United Kingdom,2014,TV-PG,2017,4,55.0,,Documentaries
MOVIE,Secrets of Westminster,Louise Wardle,United States,2014,TV-PG,2017,4,55.0,,Documentaries
MOVIE,Sen Kimsin?,Ozan Açıktan,Turkey,2012,TV-14,2017,3,102.0,,Comedies
MOVIE,Senna,Asif Kapadia,United Kingdom,2010,PG-13,2019,10,106.0,,Documentaries
MOVIE,"Septiembre, un llanto en silencio",Kenneth Müller,Guatemala,2017,TV-MA,2018,3,69.0,,Dramas
MOVIE,Set Up,Mike Gunther,United States,2011,R,2020,1,85.0,,Action & Adventure
MOVIE,Sex and the City 2,Michael Patrick King,United States,2010,R,2021,1,146.0,,Comedies
MOVIE,Sex and the City: The Movie,Michael Patrick King,United States,2008,R,2021,1,145.0,,Comedies
MOVIE,Sex Doll,Sylvie Verheyde,United Kingdom,2016,UR,2017,7,103.0,,Dramas
MOVIE,"Sexo, Pudor y Lagrimas",Antonio Serrano,Mexico,1999,R,2017,12,111.0,,Comedies
MOVIE,SGT. Will Gardner,Max Martini,United States,2019,TV-MA,2019,5,125.0,,Dramas
MOVIE,Shahanpan Dega Deva,Sudesh Manjrekar,India,2011,TV-14,2018,1,115.0,,Comedies
MOVIE,Shakti: The Power,Krishna Vamshi,India,2002,TV-MA,2018,3,168.0,,Dramas
MOVIE,Shanghai,Dibakar Banerjee,India,2012,TV-14,2018,3,109.0,,Dramas
MOVIE,Shararat,Gurudev Bhalla,India,2002,TV-PG,2018,3,148.0,,Comedies
MOVIE,Shark Busters,Herman Yau,Hong Kong,2002,TV-14,2018,8,92.0,,Dramas
MOVIE,Shark Night,David R. Ellis,United States,2011,PG-13,2019,11,91.0,,Horror Movies
MOVIE,Shaurya: It Takes Courage to Make Right... Right,Samar Khan,India,2008,TV-14,2018,3,135.0,,Dramas
MOVIE,Shelter,"Måns Mårlind, Björn Stein",United States,2010,R,2017,12,112.0,,Horror Movies
MOVIE,Sherlock Holmes,Guy Ritchie,United States,2009,PG-13,2021,1,128.0,,Action & Adventure
MOVIE,Shiva,Ram Gopal Varma,India,1990,TV-MA,2019,12,168.0,,Action & Adventure
MOVIE,Shopkins: Chef Club,Raymond McGrath,United States,2016,TV-Y,2018,11,45.0,,Movies
MOVIE,Shopkins: Wild,"Adele K. Thomas, Richard Bailey",Australia,2018,TV-Y,2018,11,75.0,,Movies
MOVIE,Shopkins: World Vacation,Richard Bailey,Australia,2017,TV-Y,2018,11,71.0,,Movies
MOVIE,Shorgul,"Jitendra Tiwari, Pranav Singh",India,2016,TV-14,2018,10,122.0,,Dramas
MOVIE,Short Term 12,Destin Daniel Cretton,United States,2013,R,2019,7,97.0,,Dramas
MOVIE,Shorts,Robert Rodriguez,United States,2009,PG,2019,7,89.0,,Children & Family Movies
MOVIE,SHOT! The Psycho-Spiritual Mantra of Rock,Barney Clay,United Kingdom,2016,TV-MA,2017,8,98.0,,Documentaries
MOVIE,Shuddhi,Adarsh Eshwarappa,India,2017,TV-14,2018,3,115.0,,Dramas
MOVIE,Shutter,"Banjong Pisanthanakun, Parkpoom Wongpoom",Thailand,2004,TV-MA,2018,9,96.0,,Horror Movies
MOVIE,Sicilian Ghost Story,"Fabio Grassadonia, Antonio Piazza",Italy,2017,TV-MA,2019,7,119.0,,Dramas
MOVIE,Siddhant,Vivek Wagh,India,2014,TV-G,2018,10,105.0,,Dramas
MOVIE,Silencer,Timothy Woodward Jr.,United States,2018,TV-MA,2018,12,88.0,,Action & Adventure
MOVIE,Silent Hill: Revelation,M.J. Bassett,Canada,2012,R,2019,12,94.0,,Horror Movies
MOVIE,Silicon Cowboys,Jason Cohen,United States,2016,TV-PG,2017,4,77.0,,Documentaries
MOVIE,Singh Saab the Great,Anil Sharma,India,2013,TV-14,2017,7,143.0,,Action & Adventure
MOVIE,Single,Raditya Dika,Indonesia,2015,TV-PG,2018,9,127.0,,Comedies
MOVIE,Singularity,Robert Kouba,Switzerland,2017,PG-13,2018,6,92.0,,Action & Adventure
MOVIE,Sinister Circle,Dorian Fernández-Moris,Peru,2017,TV-MA,2019,10,87.0,,Horror Movies
MOVIE,Siren,Gregg Bishop,United States,2016,TV-MA,2020,1,83.0,,Horror Movies
MOVIE,Sister Code,Corey Grant,United States,2015,R,2016,2,95.0,,Comedies
MOVIE,Skin Trade,Ekachai Uekrongtham,Thailand,2014,R,2018,12,96.0,,Action & Adventure
MOVIE,Skiptrace,Renny Harlin,China,2016,PG-13,2019,7,107.0,,Action & Adventure
MOVIE,Sky on Fire,Ringo Lam,China,2016,TV-MA,2017,8,100.0,,Action & Adventure
MOVIE,Skydancers,Fredric Lean,United States,2014,TV-G,2018,6,49.0,,Documentaries
MOVIE,Survivors Guide to Prison,Matthew Cooke,United States,2017,TV-MA,2018,5,103.0,,Documentaries
MOVIE,Skyline,"Colin Strause, Greg Strause",United States,2010,PG-13,2019,1,94.0,,Action & Adventure
MOVIE,Sleeping with Other People,Leslye Headland,United States,2015,R,2017,10,101.0,,Comedies
MOVIE,Sleepover,Joe Nussbaum,United States,2004,PG,2020,3,89.0,,Comedies
MOVIE,Sling Blade,Billy Bob Thornton,United States,1996,R,2019,11,135.0,,Dramas
MOVIE,Sliver,Phillip Noyce,United States,1993,R,2020,1,107.0,,Thrillers
MOVIE,Slow West,John Maclean,United Kingdom,2015,R,2018,7,84.0,,Action & Adventure
MOVIE,Small Soldiers,Joe Dante,United States,1998,PG-13,2019,6,110.0,,Action & Adventure
MOVIE,Smart People,Noam Murro,United States,2008,R,2019,7,95.0,,Comedies
MOVIE,SMOSH: The Movie,Alex Winter,United States,2015,PG-13,2015,9,83.0,,Comedies
MOVIE,Sniper: Special Ops,Fred Olen Ray,United States,2016,R,2020,1,86.0,,Action & Adventure
MOVIE,Socha Na Tha,Imtiaz Ali,India,2005,TV-14,2018,7,137.0,,Comedies
MOVIE,Social Animals,Jonathan Ignatius Green,United States,2018,TV-MA,2019,3,87.0,,Documentaries
MOVIE,Soekarno,Hanung Bramantyo,Indonesia,2013,TV-MA,2019,1,142.0,,Dramas
MOVIE,Solo Con Tu Pareja,Alfonso Cuarón,Mexico,1991,NR,2018,9,94.0,,Comedies
MOVIE,Solo: A Star Wars Story,Ron Howard,United States,2018,PG-13,2019,1,135.0,,Action & Adventure
MOVIE,Solo: A Star Wars Story (Spanish Version),Ron Howard,United States,2018,PG-13,2019,1,135.0,,Action & Adventure
MOVIE,Solomon Kane,Michael J. Bassett,Czech Republic,2009,R,2018,2,104.0,,Action & Adventure
MOVIE,Some Freaks,Ian MacAllister-McDonald,United States,2017,TV-MA,2017,12,97.0,,Dramas
MOVIE,Something's Gotta Give,Nancy Meyers,United States,2003,PG-13,2019,8,128.0,,Comedies
MOVIE,Son of a Gun,Julius Avery,Australia,2014,R,2018,7,109.0,,Action & Adventure
MOVIE,Sons of Ben,Jeffrey C. Bell,United States,2016,NR,2016,12,73.0,,Documentaries
MOVIE,Soul Surfer,Sean McNamara,United States,2011,PG,2020,5,106.0,,Dramas
MOVIE,Soul to Keep,"David Allensworth, Monière",United States,2019,TV-MA,2019,7,94.0,,Horror Movies
MOVIE,Sour Grapes,"Jerry Rothwell, Reuben Atlas",United Kingdom,2016,NR,2016,11,85.0,,Documentaries
MOVIE,Sparkle,Sam O'Steen,United States,1976,PG,2019,11,98.0,,Dramas
MOVIE,Speech & Debate,Dan Harris,United States,2017,PG-13,2017,7,96.0,,Comedies
MOVIE,Speed Is My Need,Mark Sloper,United Kingdom,2019,TV-14,2020,1,75.0,,Documentaries
MOVIE,Spider-Man 3,Sam Raimi,United States,2007,PG-13,2019,11,139.0,,Action & Adventure
MOVIE,Spider-Man: Into the Spider-Verse,"Peter Ramsey, Rodney Rothman, Bob Persichetti",United States,2018,PG,2019,6,117.0,,Action & Adventure
MOVIE,Spitfire: The Plane that Saved the World,"David Fairhead, Anthony Palmer",United Kingdom,2018,TV-14,2019,11,95.0,,Documentaries
MOVIE,Spotlight,Tom McCarthy,United States,2015,R,2020,7,129.0,,Dramas
MOVIE,Spring Breakers,Harmony Korine,United States,2012,R,2021,1,94.0,,Comedies
TV SHOW,Th Eena Meena Deeka Chase Comedy Show,Dheeraj Berry,India,2015,TV-Y7,2018,3,,1.0,Kids' Tv
MOVIE,Sprinter,Storm Saulter,Jamaica,2018,TV-MA,2020,4,112.0,,Dramas
MOVIE,Spy Kids,Robert Rodriguez,United States,2001,PG,2019,4,88.0,,Children & Family Movies
MOVIE,Spy Kids 2: The Island of Lost Dreams,Robert Rodriguez,United States,2002,PG,2019,3,100.0,,Children & Family Movies
MOVIE,Spy Kids 3: Game Over,Robert Rodriguez,United States,2003,PG,2019,4,83.0,,Children & Family Movies
MOVIE,Spy Time,Javier Ruiz Caldera,Spain,2015,TV-MA,2016,6,93.0,,Action & Adventure
MOVIE,St. Agatha,Darren Lynn Bousman,United States,2018,TV-MA,2019,8,103.0,,Horror Movies
MOVIE,Staged Killer,Christopher Ray,United States,2019,TV-14,2019,6,88.0,,Thrillers
MOVIE,Standoff,Adam Alleca,Canada,2015,R,2018,12,86.0,,Action & Adventure
MOVIE,Star Men,Alison E. Rose,Canada,2015,TV-14,2017,2,88.0,,Documentaries
MOVIE,Star Wars: Episode VIII: The Last Jedi,Rian Johnson,United States,2017,PG-13,2018,6,152.0,,Action & Adventure
MOVIE,Starred Up,David Mackenzie,United Kingdom,2013,TV-MA,2019,8,106.0,,Dramas
MOVIE,Stealing History,"Ola Flyum, David Hebditch",United States,2006,TV-PG,2016,7,52.0,,Documentaries
MOVIE,Step Brothers,Adam McKay,United States,2008,R,2019,11,98.0,,Comedies
MOVIE,Step Outside,Wael Ihsan,Egypt,2018,TV-14,2019,6,89.0,,Comedies
MOVIE,Stephanie,Akiva Goldsman,United States,2017,R,2018,9,86.0,,Horror Movies
MOVIE,Sthaniya Sambaad,"Arjun Gourisaria, Moinak Biswas",India,2010,TV-14,2018,3,106.0,,Dramas
MOVIE,Still,"Chatchai Katenut, Manussa Vorasingha, Tanwarin Sukkhapisit, Poj Arnon",Thailand,2010,TV-MA,2018,9,100.0,,Horror Movies
MOVIE,Stonehearst Asylum,Brad Anderson,United States,2014,PG-13,2017,9,113.0,,Horror Movies
MOVIE,Stop at Nothing: The Lance Armstrong Story,Alex Holmes,Australia,2014,NR,2015,2,100.0,,Documentaries
MOVIE,Story of an Egg,Raj B. Shetty,India,2017,TV-PG,2017,10,132.0,,Comedies
MOVIE,Straight Up,James Sweeney,United States,2020,TV-MA,2020,6,96.0,,Comedies
MOVIE,Strange but True,Rowan Athale,Canada,2019,PG-13,2020,8,96.0,,Dramas
MOVIE,Stranger than Fiction,Marc Forster,United States,2006,PG-13,2020,10,113.0,,Comedies
MOVIE,Strictly Ballroom,Baz Luhrmann,Australia,1992,PG,2020,1,95.0,,Classic Movies
MOVIE,Strike a Pose,"Ester Gould, Reijer Zwaan",Netherlands,2016,TV-MA,2017,4,85.0,,Documentaries
MOVIE,Stripes,Ivan Reitman,United States,1981,R,2019,9,106.0,,Classic Movies
MOVIE,Striptease,Andrew Bergman,United States,1996,R,2021,1,117.0,,Comedies
MOVIE,Stronger Than the World,Afonso Poyart,Brazil,2016,NR,2017,2,123.0,,Action & Adventure
MOVIE,Stuart Little 2,Rob Minkoff,United States,2002,PG,2020,1,78.0,,Children & Family Movies
MOVIE,Submission,J.M. Berrios,United States,2019,TV-MA,2019,11,95.0,,Action & Adventure
MOVIE,Suburra,Stefano Sollima,Italy,2015,NR,2015,10,135.0,,Dramas
MOVIE,Suckseed,Chayanop Boonprakob,Thailand,2011,TV-MA,2018,9,130.0,,Comedies
MOVIE,Sudani from Nigeria,Zakariya,India,2018,TV-14,2018,8,115.0,,Comedies
MOVIE,Suicide (Hitabdut),Benny Fredman,Israel,2014,TV-MA,2016,7,114.0,,International Movies
MOVIE,Suite Française,Saul Dibb,United Kingdom,2014,TV-MA,2017,6,107.0,,Dramas
MOVIE,Summer Night,Joseph Cross,United States,2019,TV-MA,2020,3,93.0,,Comedies
MOVIE,Summer of '92,Kasper Barfoed,Denmark,2015,TV-MA,2016,7,94.0,,Dramas
MOVIE,Sunrise,Partho Sen-Gupta,India,2014,TV-MA,2017,3,85.0,,Dramas
MOVIE,Super Bheem Bana Vajraveer,Sumit Das,India,2018,TV-Y7,2019,6,63.0,,Children & Family Movies
MOVIE,Super Dark Times,Kevin Phillips,United States,2017,TV-MA,2018,1,104.0,,Dramas
MOVIE,Super Nani,Indra Kumar,India,2014,TV-PG,2018,3,127.0,,Comedies
MOVIE,Superbad,Greg Mottola,United States,2007,R,2021,1,113.0,,Comedies
MOVIE,Superfly,Gordon Parks,United States,1972,R,2019,11,91.0,,Action & Adventure
MOVIE,Superman Returns,Bryan Singer,United States,2006,PG-13,2019,10,154.0,,Action & Adventure
MOVIE,Superstar,Bruce McCulloch,United States,1999,PG-13,2019,11,82.0,,Comedies
MOVIE,Surat Dari Praha,Angga Dwimas Sasongko,Indonesia,2016,TV-14,2018,10,98.0,,Dramas
MOVIE,Susanne Bartsch: On Top,"Anthony Caronna, Alexander Smith",United States,2017,TV-MA,2018,12,86.0,,Documentaries
MOVIE,Sustainable,Matt Wechsler,United States,2016,TV-G,2017,3,92.0,,Documentaries
MOVIE,Swami,Basu Chatterjee,India,1977,TV-PG,2019,12,123.0,,Dramas
MOVIE,Sweeney Todd: The Demon Barber of Fleet Street,Tim Burton,United States,2007,R,2020,1,116.0,,Dramas
MOVIE,Sweet Virginia,Jamie M. Dagg,United States,2017,R,2019,12,93.0,,Dramas
MOVIE,Swiss Army Man,"Dan Kwan, Daniel Scheinert",United States,2016,R,2019,1,97.0,,Comedies
MOVIE,Sword Master,Derek Yee,China,2016,TV-MA,2017,6,108.0,,Action & Adventure
MOVIE,Sword Masters: Two Champions of Shaolin,Cheh Chang,Hong Kong,1980,R,2018,8,101.0,,Action & Adventure
MOVIE,Taal,Subhash Ghai,India,1999,TV-PG,2018,3,177.0,,Dramas
MOVIE,Tahaan,Santosh Sivan,India,2008,TV-14,2018,7,95.0,,Dramas
MOVIE,Take Me Home Tonight,Michael Dowse,United States,2011,R,2019,5,97.0,,Comedies
MOVIE,Tamanchey,Navneet Behal,India,2014,TV-MA,2017,10,111.0,,Action & Adventure
MOVIE,Tarif de nuit,Julien Seri,France,2015,TV-MA,2018,3,81.0,,International Movies
MOVIE,Tarzan,"Chris Buck, Kevin Lima",United States,1999,G,2018,6,89.0,,Children & Family Movies
MOVIE,Tarzan 2,Brian Smith,United States,2005,G,2017,6,72.0,,Children & Family Movies
MOVIE,Tattah,Sameh Abdulaziz,Egypt,2013,TV-14,2019,5,112.0,,Comedies
MOVIE,Tayo the Little Bus Movie: Mission Ace,Ryu Jung-woo,United States,2016,TV-Y7,2019,7,48.0,,Children & Family Movies
MOVIE,Teach Us All,Sonia Lowman,United States,2017,TV-14,2017,9,81.0,,Documentaries
MOVIE,Teen Patti,Leena Yadav,India,2010,TV-PG,2018,3,137.0,,Dramas
MOVIE,Teenage Cocktail,John Carchietta,United States,2016,TV-MA,2017,1,89.0,,Dramas
MOVIE,Teenage Mutant Ninja Turtles,Kevin Munroe,Hong Kong,2007,PG,2019,5,87.0,,Children & Family Movies
MOVIE,Teenage Mutant Ninja Turtles II: The Secret of the Ooze,Michael Pressman,United States,1991,PG,2020,1,88.0,,Children & Family Movies
MOVIE,Tees Maar Khan,Farah Khan,India,2010,TV-PG,2018,8,125.0,,Comedies
MOVIE,Tellur Aliens,Einar Gabbassov,United States,2016,TV-Y7,2016,12,67.0,,Children & Family Movies
MOVIE,Temporada de Caza,Natalia Garagiola,Argentina,2017,TV-MA,2018,7,108.0,,Dramas
MOVIE,Ten Years,"Jevons Au, Zune Kwok, Chow Kwun-wai, Ng Ka-Leung, Wong Fei-Pang",Hong Kong,2015,TV-MA,2019,2,102.0,,Dramas
MOVIE,Teenage Mutant Ninja Turtles: The Movie,Steve Barron,Not Given,1990,PG,2020,1,94.0,,Action & Adventure
MOVIE,Terminator 3: Rise of the Machines,Jonathan Mostow,United States,2003,R,2020,1,109.0,,Action & Adventure
MOVIE,Terminator Salvation,McG,United States,2009,PG-13,2020,1,115.0,,Action & Adventure
MOVIE,Terra,"Yann Arthus-Bertrand, Michael Pitiot",France,2015,TV-PG,2016,5,98.0,,Documentaries
MOVIE,Terrifier,Damien Leone,United States,2017,TV-MA,2018,9,84.0,,Horror Movies
MOVIE,Teshan,Sukhbir Singh,India,2016,TV-PG,2017,10,133.0,,Comedies
MOVIE,Tezz,Priyadarshan,United Kingdom,2012,TV-MA,2017,12,121.0,,Action & Adventure
TV SHOW,Cheer,Not Given,United States,2020,TV-MA,2020,1,,1.0,Docuseries
MOVIE,The 24 Hour War,"Nate Adams, Adam Carolla",United States,2016,TV-MA,2019,11,100.0,,Documentaries
MOVIE,The 4th Company,"Mitzi Vanessa Arreola, Amir Galvan Cervera",Mexico,2016,TV-MA,2018,4,117.0,,Action & Adventure
MOVIE,The Accountant of Auschwitz,Matthew Shoychet,Canada,2018,TV-14,2019,7,78.0,,Documentaries
MOVIE,The Adderall Diaries,Pamela Romanowsky,United States,2015,R,2018,7,87.0,,Dramas
MOVIE,The Adventure Club,Geoff Anderson,Canada,2016,TV-Y7,2017,5,88.0,,Children & Family Movies
MOVIE,The Adventures of Sharkboy and Lavagirl,Robert Rodriguez,United States,2005,PG,2020,12,93.0,,Children & Family Movies
MOVIE,The Adventures of Tintin,Steven Spielberg,United States,2011,PG,2019,11,107.0,,Children & Family Movies
MOVIE,The Aerial,Esteban Sapir,Argentina,2007,TV-MA,2018,4,99.0,,Dramas
MOVIE,The Age of Shadows,Jee-woon Kim,South Korea,2016,TV-MA,2018,1,140.0,,Action & Adventure
MOVIE,The American President,Rob Reiner,United States,1995,PG-13,2021,1,113.0,,Comedies
MOVIE,The Amityville Horror,Andrew Douglas,United States,2005,R,2020,1,89.0,,Horror Movies
MOVIE,The Angry Birds Movie 2,"Thurop Van Orman, John Rice",Finland,2019,PG,2020,2,97.0,,Children & Family Movies
MOVIE,The Animal People,"Denis Hennelly, Casey Suchan",United States,2019,TV-MA,2020,3,97.0,,Documentaries
MOVIE,The Ant's Scream,Sameh Abdulaziz,Egypt,2010,TV-14,2019,6,108.0,,Comedies
MOVIE,The Apostate,Federico Veiroj,Spain,2015,TV-MA,2017,5,80.0,,Comedies
MOVIE,The Art of the Steal,Jonathan Sobol,Canada,2013,R,2018,12,90.0,,Action & Adventure
MOVIE,The Art of War,Christian Duguay,United States,2000,R,2020,7,117.0,,Action & Adventure
MOVIE,The Assignment,Walter Hill,France,2016,R,2020,3,95.0,,Action & Adventure
MOVIE,The Autopsy of Jane Doe,André Øvredal,United Kingdom,2016,R,2018,12,86.0,,Horror Movies
MOVIE,The Bachelors,Kurt Voelker,United States,2017,TV-14,2018,2,100.0,,Dramas
MOVIE,The Bad Education Movie,Elliot Hegarty,United Kingdom,2015,TV-MA,2018,12,87.0,,Comedies
MOVIE,The Bad Kids,"Keith Fulton, Louis Pepe",United States,2016,TV-MA,2017,4,101.0,,Documentaries
MOVIE,The Bare-Footed Kid,Johnnie To,Hong Kong,1993,TV-14,2018,8,83.0,,Action & Adventure
MOVIE,The Basement,"Brian M. Conley, Nathan Ives",United States,2018,TV-MA,2019,4,89.0,,Horror Movies
MOVIE,The Battle of Midway,John Ford,United States,1942,TV-14,2017,3,,,Classic Movies
TV SHOW,The Beginning of Life: The Series,Estela Renner,Brazil,2016,TV-PG,2016,11,,1.0,Docuseries
MOVIE,The Bill Murray Stories: Life Lessons Learned From a Mythical Man,Tommy Avallone,United States,2018,TV-MA,2018,12,72.0,,Documentaries
MOVIE,The Black Room,Rolfe Kanefsky,United States,2016,TV-MA,2017,8,95.0,,Horror Movies
MOVIE,The Blackcoat's Daughter,Osgood Perkins,Canada,2015,R,2019,5,95.0,,Horror Movies
MOVIE,The Bleeder,Philippe Falardeau,United States,2016,R,2019,3,98.0,,Dramas
TV SHOW,The Blue Planet: A Natural History of the Oceans,Alastair Fothergill,United Kingdom,2001,TV-G,2015,10,,1.0,British Tv Shows
MOVIE,The Bomb,"Kevin Ford, Smriti Keshari, Eric Schlosser",United States,2016,TV-14,2017,8,59.0,,Documentaries
MOVIE,The Bulbul's Nest,Husam El-Gohari,Egypt,2013,TV-MA,2019,5,96.0,,Comedies
MOVIE,The Book of Eli,"Albert Hughes, Allen Hughes",United States,2010,R,2019,7,118.0,,Action & Adventure
MOVIE,The Boss's Daughter,Olivier Loustau,France,2015,TV-MA,2017,3,98.0,,Dramas
MOVIE,The Bounty Hunter,Andy Tennant,United States,2010,PG-13,2019,10,111.0,,Action & Adventure
MOVIE,The Box,Richard Kelly,United States,2009,PG-13,2019,6,116.0,,Sci-Fi & Fantasy
MOVIE,The Boy,William Brent Bell,United States,2016,PG-13,2020,6,97.0,,Horror Movies
MOVIE,The Boy in the Striped Pajamas,Mark Herman,United Kingdom,2008,PG-13,2019,1,95.0,,Dramas
MOVIE,The Brave One,Neil Jordan,United States,2007,R,2019,11,122.0,,Dramas
MOVIE,The Brawler,Ken Kushner,United States,2019,TV-MA,2019,5,95.0,,Dramas
MOVIE,The Breadwinner,Nora Twomey,Ireland,2017,PG-13,2018,2,93.0,,Children & Family Movies
MOVIE,The Break-Up,Peyton Reed,United States,2006,PG-13,2019,7,107.0,,Comedies
MOVIE,The Bridge,Kunle Afolayan,Nigeria,2017,TV-14,2019,9,119.0,,Dramas
MOVIE,The Brothers Grimm,Terry Gilliam,United States,2005,PG-13,2019,7,119.0,,Action & Adventure
MOVIE,The Bucket List,Rob Reiner,United States,2007,PG-13,2019,10,97.0,,Comedies
MOVIE,The Bye Bye Man,Stacy Title,United States,2017,PG-13,2019,4,96.0,,Horror Movies
MOVIE,The Bygone,"Graham Phillips, Parker Phillips",United States,2019,TV-MA,2020,3,106.0,,Independent Movies
MOVIE,The Cakemaker,Ofir Raul Graizer,Israel,2017,TV-14,2018,12,109.0,,Dramas
TV SHOW,The Calling,Bumpy,India,2018,TV-MA,2019,4,,1.0,International Tv Shows
MOVIE,The Captive,Atom Egoyan,Canada,2014,R,2018,7,112.0,,Dramas
MOVIE,The Car,Elliot Silverstein,United States,1977,PG,2020,6,96.0,,Cult Movies
MOVIE,The Carter Effect,Sean Menard,United States,2017,TV-MA,2018,5,60.0,,Documentaries
MOVIE,The Case for Christ,Jon Gunn,United States,2017,TV-PG,2017,11,113.0,,Dramas
MOVIE,The Cell,Tarek Al Eryan,Egypt,2017,TV-MA,2019,6,126.0,,Action & Adventure
MOVIE,The CEO,Kunle Afolayan,Nigeria,2016,TV-14,2019,9,109.0,,Dramas
MOVIE,The Charnel House,Craig Moss,United States,2016,R,2017,2,93.0,,Horror Movies
MOVIE,The Chord,Magdy Al-Hawwary,Egypt,2010,TV-MA,2019,6,101.0,,Dramas
MOVIE,The Chosen,Antonio Chavarrías,Spain,2016,TV-14,2017,4,111.0,,Dramas
MOVIE,The Chosen Ones,David Pablos,Mexico,2015,TV-MA,2016,5,107.0,,Dramas
MOVIE,The Christmas Candle,John Stephenson,United Kingdom,2013,PG,2019,11,100.0,,Dramas
MOVIE,The Christmas Project,Michael Buster,United States,2016,TV-PG,2019,3,92.0,,Children & Family Movies
MOVIE,The Cincinnati Kid,Norman Jewison,United States,1965,TV-14,2019,11,103.0,,Classic Movies
MOVIE,The Company Men,John Wells,United States,2010,R,2018,7,105.0,,Dramas
MOVIE,The Competition,Harvey Lowry,United States,2018,TV-14,2019,7,103.0,,Comedies
MOVIE,The Confirmation,Bob Nelson,Canada,2016,PG-13,2019,2,101.0,,Comedies
MOVIE,The Congress,Ari Folman,Israel,2013,TV-MA,2019,8,123.0,,Dramas
MOVIE,The Consul's Son,Amr Arafa,Egypt,2011,TV-14,2019,4,114.0,,Comedies
MOVIE,The Craft,Andrew Fleming,United States,1996,R,2020,1,101.0,,Horror Movies
MOVIE,The Croods,"Kirk De Micco, Chris Sanders",United States,2013,PG,2019,7,99.0,,Children & Family Movies
MOVIE,The Crow,Alex Proyas,United States,1994,R,2019,1,102.0,,Action & Adventure
MOVIE,The Cruise,Marek Piwowski,Poland,1970,TV-PG,2019,10,66.0,,Comedies
MOVIE,The Crying Game,Neil Jordan,United Kingdom,1992,R,2020,1,112.0,,Classic Movies
MOVIE,The D Train,"Jarrad Paul, Andrew Mogel",United Kingdom,2015,R,2017,4,101.0,,Comedies
MOVIE,The Damned Rain,Satish Manwar,India,2009,TV-14,2018,1,99.0,,Dramas
MOVIE,The Dancer,Ifa Isfansyah,Indonesia,2011,TV-MA,2018,12,105.0,,Dramas
MOVIE,The Dark Crystal,"Frank Oz, Jim Henson",United States,1982,PG,2019,5,93.0,,Children & Family Movies
MOVIE,The Dark Side of Life: Mumbai City,Tariq Khan,India,2018,TV-MA,2019,12,121.0,,Dramas
MOVIE,The Daughter,Simon Stone,Australia,2015,TV-MA,2017,4,95.0,,Dramas
MOVIE,The Dawn Wall,"Peter Mortimer, Josh Lowell",Austria,2017,TV-MA,2019,3,100.0,,Documentaries
MOVIE,The Departed,Martin Scorsese,United States,2006,R,2021,1,151.0,,Dramas
MOVIE,The Desert Bride,"Cecilia Atán, Valeria Pivato",Argentina,2017,TV-14,2018,11,78.0,,Dramas
MOVIE,The Detained,Blair Hayes,United States,2017,TV-14,2019,2,85.0,,Horror Movies
MOVIE,The Devil and Father Amorth,William Friedkin,Italy,2017,TV-PG,2018,7,69.0,,Documentaries
MOVIE,The Devil Inside,William Brent Bell,United States,2012,R,2019,11,84.0,,Horror Movies
MOVIE,The Devil We Know,"Stephanie Soechtig, Jeremy Seifert",United States,2018,TV-14,2019,1,88.0,,Documentaries
MOVIE,The Diabolical,Alistair Legrand,United States,2015,TV-MA,2018,8,86.0,,Horror Movies
MOVIE,The Dreamer,Riri Riza,Indonesia,2009,TV-PG,2018,10,121.0,,Dramas
MOVIE,The Drowning,Bette Gordon,United States,2016,TV-MA,2017,9,99.0,,Thrillers
MOVIE,The Duel,Kieran Darcy-Smith,United States,2016,R,2019,6,110.0,,Dramas
MOVIE,The Dukes of Hazzard,Jay Chandrasekhar,United States,2005,PG-13,2020,1,104.0,,Action & Adventure
MOVIE,The Dukes of Hazzard: The Beginning,Robert Berlinger,United States,2007,R,2020,1,95.0,,Action & Adventure
MOVIE,The Eichmann Show,Paul Andrew Williams,United Kingdom,2015,TV-MA,2017,8,96.0,,Dramas
MOVIE,The End of the Tour,James Ponsoldt,United States,2015,R,2018,7,106.0,,Dramas
MOVIE,The Endless,"Justin Benson, Aaron Moorhead",United States,2017,TV-MA,2018,9,112.0,,Independent Movies
MOVIE,The Evil Dead,Sam Raimi,United States,1981,TV-MA,2020,1,85.0,,Classic Movies
MOVIE,The Exception,David Leveaux,United Kingdom,2016,R,2019,7,107.0,,Dramas
MOVIE,The Eyes of My Mother,Nicolas Pesce,United States,2016,R,2017,4,76.0,,Horror Movies
TV SHOW,(Un)Well,Not Given,United States,2020,TV-MA,2020,8,,1.0,Reality Tv
TV SHOW,The Fear,Michael Samuels,United Kingdom,2012,TV-MA,2017,3,,1.0,British Tv Shows
MOVIE,The Fear of 13,David Sington,United Kingdom,2015,TV-MA,2016,6,95.0,,Documentaries
MOVIE,The Feels,Jenée LaMarque,United States,2018,TV-MA,2018,7,88.0,,Comedies
MOVIE,The Fighter,David O. Russell,United States,2010,R,2019,1,116.0,,Dramas
MOVIE,The Figurine (Araromire),Kunle Afolayan,Nigeria,2009,TV-14,2019,10,121.0,,Horror Movies
MOVIE,The Final Destination,David R. Ellis,United States,2009,R,2020,1,82.0,,Horror Movies
MOVIE,The First Line,"Coerte Voorhees, John Voorhees",United States,2014,TV-14,2016,9,87.0,,Dramas
MOVIE,The First Temptation of Christ,Rodrigo Van Der Put,Brazil,2019,TV-MA,2019,12,46.0,,Comedies
MOVIE,The First Wives Club,Hugh WIlson,United States,1996,PG,2019,11,103.0,,Comedies
TV SHOW,The Five,Mark Tonderai,United Kingdom,2016,TV-MA,2017,9,,1.0,British Tv Shows
MOVIE,The Five Venoms,Cheh Chang,Hong Kong,1978,R,2018,7,97.0,,Action & Adventure
MOVIE,The Flintstones,Brian Levant,United States,1994,PG,2019,10,91.0,,Children & Family Movies
MOVIE,The Flintstones in Viva Rock Vegas,Brian Levant,United States,2000,PG,2019,10,91.0,,Children & Family Movies
MOVIE,The Flying Guillotine,Meng Hua Ho,Hong Kong,1975,TV-MA,2018,7,101.0,,Action & Adventure
MOVIE,The Forbidden Kingdom,Rob Minkoff,United States,2008,PG-13,2019,7,104.0,,Action & Adventure
MOVIE,The Force,Peter Nicks,United States,2017,TV-MA,2018,1,92.0,,Documentaries
MOVIE,The Foreigner,Martin Campbell,United Kingdom,2017,R,2020,2,113.0,,Action & Adventure
MOVIE,The Forgotten,Oliver Frampton,United Kingdom,2014,TV-MA,2017,9,89.0,,Horror Movies
TV SHOW,The Business of Drugs,Not Given,United States,2020,TV-MA,2020,7,,1.0,Docuseries
MOVIE,The Founder,John Lee Hancock,United States,2016,PG-13,2020,8,115.0,,Dramas
MOVIE,The Free Man,Toa Fraser,New Zealand,2016,TV-PG,2017,10,84.0,,Documentaries
MOVIE,The Frozen Ground,Scott Walker,United States,2013,R,2020,8,106.0,,Dramas
MOVIE,The Gospel of Mark,David Batty,United States,2015,TV-14,2018,10,123.0,,Dramas
MOVIE,The Gathering,Nia Dinata,Indonesia,2003,TV-14,2018,12,124.0,,Comedies
MOVIE,The Gentleman Driver,Mario Mattei,United States,2018,TV-MA,2019,1,83.0,,Documentaries
MOVIE,The Ghost Who Walks,Cody Stokes,United States,2019,TV-MA,2020,4,107.0,,Dramas
MOVIE,The Girl with the Dragon Tattoo,David Fincher,United States,2011,R,2021,1,158.0,,Dramas
MOVIE,The Gospel of Matthew,David Batty,United States,2014,TV-14,2018,10,190.0,,Dramas
MOVIE,The Golem,"Doron Paz, Yoav Paz",Israel,2018,TV-MA,2019,6,95.0,,Horror Movies
MOVIE,The Good Catholic,Paul Shoulberg,United States,2017,PG-13,2018,1,97.0,,Comedies
MOVIE,The Good Neighbor,Kasra Farahani,United States,2016,TV-MA,2016,12,97.0,,Dramas
MOVIE,"The Goods: Live Hard, Sell Hard",Neal Brennan,United States,2009,R,2019,11,89.0,,Comedies
MOVIE,The Gospel of John,David Batty,United Kingdom,2014,TV-14,2018,10,161.0,,Dramas
MOVIE,The Gospel of Luke,David Batty,United States,2015,TV-14,2018,10,205.0,,Dramas
MOVIE,The Great Gambler,Shakti Samanta,India,1979,TV-14,2019,12,161.0,,Action & Adventure
MOVIE,The Great Raid,John Dahl,United States,2005,R,2019,11,133.0,,Action & Adventure
MOVIE,The Green Hornet,Michel Gondry,United States,2011,PG-13,2020,4,119.0,,Action & Adventure
MOVIE,The Hatred,Michael G. Kehoe,United States,2017,R,2017,12,94.0,,Horror Movies
MOVIE,The Haunting of Molly Hartley,Mickey Liddell,United States,2008,PG-13,2018,10,85.0,,Horror Movies
MOVIE,The Healer,Paco Arango,Spain,2017,TV-14,2020,6,108.0,,Children & Family Movies
MOVIE,The Heat: A Kitchen (R)evolution,Maya Gallus,Canada,2018,TV-MA,2019,5,71.0,,Documentaries
MOVIE,The Help,Tate Taylor,United States,2011,PG-13,2020,6,147.0,,Dramas
MOVIE,The Heretics,Chad Archibald,Canada,2017,TV-MA,2019,9,88.0,,Horror Movies
MOVIE,The Heroes of Evil,Zoe Berriatúa,Spain,2015,TV-MA,2016,6,99.0,,Dramas
MOVIE,The Heyday of the Insensitive Bastards,"Mark Columbus, Lauren Hoekstra, Sarah Kruchowski, Ryan Moody, Simon Savelyev, Vanita Shastry, Shadae Lamar Smith, Jeremy David White",United States,2017,TV-MA,2018,2,96.0,,Dramas
MOVIE,The Hollow Point,Gonzalo López-Gallego,United States,2016,R,2017,3,97.0,,Action & Adventure
MOVIE,The Holy Man,Note Chern-Yim,Thailand,2005,TV-14,2018,7,92.0,,Comedies
MOVIE,The House on Coco Road,Damani Baker,United States,2016,TV-14,2017,6,79.0,,Documentaries
MOVIE,The Human Factor: The Untold Story of the Bombay Film Orchestras,Rudradeep Bhattacharjee,India,2013,TV-PG,2017,4,53.0,,Documentaries
MOVIE,The Humanity Bureau,Rob W. King,Canada,2017,R,2018,12,94.0,,Action & Adventure
MOVIE,The Hundred-Foot Journey,Lasse Hallström,United States,2014,PG,2019,1,123.0,,Comedies
MOVIE,The Hurricane Heist,Rob Cohen,United Kingdom,2018,PG-13,2018,9,103.0,,Action & Adventure
MOVIE,The Hurt Business,Vlad Yudin,United States,2016,PG-13,2017,2,111.0,,Documentaries
MOVIE,The Imaginarium of Doctor Parnassus,Terry Gilliam,United Kingdom,2009,PG-13,2019,3,123.0,,Action & Adventure
MOVIE,The Incident,Isaac Ezban,Mexico,2014,TV-MA,2017,6,100.0,,International Movies
MOVIE,The Incredible Story of the Giant Pear,"Philip Einstein Lipski, Jørgen Lerdam, Amalie Næsby Fick",Denmark,2018,TV-G,2019,3,75.0,,Children & Family Movies
MOVIE,The Incredibles 2,Brad Bird,United States,2018,PG,2019,1,118.0,,Children & Family Movies
MOVIE,The Indian in the Cupboard,Frank Oz,United States,1995,PG,2020,11,96.0,,Children & Family Movies
MOVIE,The Informant!,Steven Soderbergh,United States,2009,R,2018,8,108.0,,Comedies
MOVIE,The Intent,"Femi Oyeniran, Kalvadour Peterson",United Kingdom,2016,TV-MA,2017,5,99.0,,Dramas
MOVIE,The Intent 2: The Come Up,"Femi Oyeniran, Nicky Slimting Walker",United Kingdom,2018,TV-MA,2019,2,103.0,,Dramas
MOVIE,The Invention of Lying,"Ricky Gervais, Matthew Robinson",United States,2009,PG-13,2020,1,99.0,,Comedies
MOVIE,The Invitation,Karyn Kusama,United States,2015,TV-MA,2016,7,100.0,,Horror Movies
TV SHOW,The Inbetweeners,Not Given,United Kingdom,2010,TV-MA,2018,1,,3.0,British Tv Shows
MOVIE,The Iron Lady,Phyllida Lloyd,United Kingdom,2011,PG-13,2019,7,105.0,,Dramas
MOVIE,The Jack King Affair,"Benjamin Cohen, Nicolas Cotto",France,2015,TV-14,2018,1,52.0,,Documentaries
MOVIE,The Jane Austen Book Club,Robin Swicord,United States,2007,PG-13,2019,3,106.0,,Comedies
MOVIE,The Jungle School,Riri Riza,Indonesia,2013,TV-PG,2018,10,90.0,,Dramas
MOVIE,The Keeping Hours,Karen Moncrieff,United States,2017,PG-13,2018,9,95.0,,Dramas
MOVIE,The King's Speech,Tom Hooper,United Kingdom,2010,R,2018,6,118.0,,Dramas
MOVIE,The Lake House,Alejandro Agresti,United States,2006,PG,2019,9,98.0,,Dramas
MOVIE,The Lamb,Timothy Reckart,United States,2017,PG,2018,6,86.0,,Children & Family Movies
MOVIE,The Land of the Enlightened,Pieter-Jan De Pue,Belgium,2016,TV-MA,2017,1,84.0,,Documentaries
MOVIE,The Last Days of Chez Nous,Gillian Armstrong,Australia,1992,R,2016,11,93.0,,Classic Movies
MOVIE,The Last Exorcism,Daniel Stamm,France,2010,PG-13,2019,9,88.0,,Horror Movies
MOVIE,The Last Face,Sean Penn,United States,2016,R,2020,1,131.0,,Dramas
MOVIE,The Last Hangover,Rodrigo Van Der Put,Brazil,2018,TV-MA,2018,12,44.0,,Comedies
MOVIE,The Last Man on the Moon,Mark Craig,United Kingdom,2014,TV-PG,2016,5,96.0,,Documentaries
MOVIE,The Last Resort,"Dennis Scholl, Kareem Tabsch",United States,2018,TV-14,2019,4,70.0,,Documentaries
MOVIE,The Last Whistle,Rob Smat,United States,2019,PG,2019,10,88.0,,Dramas
MOVIE,The Legend of 420,Peter Spirer,United States,2017,TV-MA,2017,12,87.0,,Documentaries
MOVIE,The Legend of Michael Mishra,Manish Jha,India,2016,TV-14,2019,4,118.0,,Comedies
MOVIE,The Little Hours,Jeff Baena,Canada,2017,R,2018,12,89.0,,Comedies
MOVIE,The Little Mermaid,"Blake Harris, Chris Bouchard",United States,2018,PG,2018,12,85.0,,Children & Family Movies
MOVIE,The Little Prince,Mark Osborne,France,2015,PG,2020,11,107.0,,Children & Family Movies
MOVIE,The Lives of Others,Florian Henckel von Donnersmarck,Germany,2006,R,2019,3,138.0,,Dramas
MOVIE,The Lobster,Yorgos Lanthimos,Ireland,2015,R,2018,12,119.0,,Comedies
MOVIE,The Lodgers,Brian O'Malley,Ireland,2017,R,2018,8,93.0,,Horror Movies
MOVIE,The Long Goodbye: The Kara Tippetts Story,Jay Lyons,United States,2019,TV-PG,2019,6,87.0,,Documentaries
MOVIE,The Longest Yard,Robert Aldrich,United States,1974,R,2019,11,121.0,,Classic Movies
MOVIE,The Longshots,Fred Durst,United States,2008,PG,2019,1,95.0,,Comedies
MOVIE,The Look of Silence,Joshua Oppenheimer,Denmark,2014,PG-13,2016,2,103.0,,Documentaries
MOVIE,The Lord of the Rings: The Return of the King,Peter Jackson,New Zealand,2003,PG-13,2020,1,201.0,,Action & Adventure
MOVIE,The Lord of the Rings: The Two Towers,Peter Jackson,New Zealand,2002,PG-13,2020,1,179.0,,Action & Adventure
MOVIE,The Love Guru,Marco Schnabel,United Kingdom,2008,PG-13,2019,11,87.0,,Comedies
MOVIE,The Lovers and the Despot,"Robert Cannan, Ross Adam",United Kingdom,2016,TV-14,2017,2,98.0,,Documentaries
MOVIE,The lynx,Stanisław Różewicz,Poland,1982,TV-14,2019,10,82.0,,Dramas
MOVIE,The Mad Monk,Johnny To,Hong Kong,1993,TV-14,2018,8,85.0,,Comedies
MOVIE,The Magic Pill,Robert Tate,United States,2017,TV-PG,2018,4,90.0,,Documentaries
MOVIE,The Man Who Would Be Polka King,"John Mikulak, Joshua Brown",United States,2009,TV-14,2018,1,68.0,,Documentaries
MOVIE,The Mask of Zorro,Martin Campbell,United States,1998,PG-13,2020,1,138.0,,Action & Adventure
MOVIE,The Matrix,"Lilly Wachowski, Lana Wachowski",United States,1999,R,2019,11,136.0,,Action & Adventure
MOVIE,The Matrix Reloaded,"Lilly Wachowski, Lana Wachowski",United States,2003,R,2019,11,138.0,,Action & Adventure
MOVIE,The Matrix Revolutions,"Lilly Wachowski, Lana Wachowski",United States,2003,R,2019,11,129.0,,Action & Adventure
MOVIE,The Mayo Clinic,"Ken Burns, Christopher Loren Ewers, Erik Ewers",United States,2018,TV-14,2019,4,116.0,,Documentaries
MOVIE,The Mayor,Park In-je,South Korea,2017,TV-MA,2017,9,130.0,,Dramas
MOVIE,"The Memphis Belle: A Story of a
Flying Fortress",William Wyler,United States,1944,TV-PG,2017,3,40.0,,Classic Movies
MOVIE,The Men Who Stare at Goats,Grant Heslov,United States,2009,R,2019,6,94.0,,Comedies
MOVIE,The Model,Mads Matthiesen,Denmark,2016,TV-MA,2016,12,104.0,,Dramas
MOVIE,The Monster,Bryan Bertino,United States,2016,R,2019,1,91.0,,Horror Movies
MOVIE,Waterschool,Tiffanie Hsu,United States,2018,TV-G,2018,7,68.0,,Documentaries
TV SHOW,The Minimighty Kids,Not Given,France,2012,TV-G,2018,4,,2.0,Kids' Tv
MOVIE,The Monster of Mangatiti,John Banas,New Zealand,2015,TV-MA,2015,12,70.0,,Dramas
MOVIE,The Naked Gun 2 1/2: The Smell of Fear,David Zucker,United States,1991,PG-13,2020,1,85.0,,Comedies
MOVIE,The Muppets,James Bobin,United States,2011,PG,2020,9,104.0,,Children & Family Movies
MOVIE,The Music of Silence,Michael Radford,Italy,2017,TV-PG,2018,7,115.0,,Dramas
MOVIE,The Naked Gun: From the Files of Police Squad!,David Zucker,United States,1988,PG-13,2021,1,85.0,,Comedies
MOVIE,The Natural,Barry Levinson,United States,1984,PG,2020,1,138.0,,Classic Movies
MOVIE,The Negro Soldier,Stuart Heisler,United States,1944,TV-14,2017,3,40.0,,Classic Movies
MOVIE,The New Romantic,Carly Stone,Canada,2018,TV-MA,2019,4,82.0,,Comedies
MOVIE,The NSU-Complex,"Stefan Aust, Dirk Laabs",Germany,2016,TV-14,2016,12,90.0,,Documentaries
MOVIE,The Nutcracker and the Four Realms,"Lasse Hallström, Joe Johnston",United States,2018,PG,2019,5,99.0,,Children & Family Movies
MOVIE,The One I Love,Charlie McDowell,United States,2014,R,2019,5,91.0,,Comedies
MOVIE,The Only Mother To You All,Wenn V. Deramas,Philippines,2008,TV-PG,2019,2,106.0,,Comedies
MOVIE,The Other Guys,Adam McKay,United States,2010,PG-13,2020,2,108.0,,Action & Adventure
MOVIE,The Parole Officer,John Duigan,United Kingdom,2001,R,2018,8,94.0,,Action & Adventure
TV SHOW,Inside the Mossad,Not Given,Israel,2017,TV-14,2019,1,,1.0,Docuseries
TV SHOW,Inst@famous,Not Given,United Kingdom,2018,TV-MA,2018,12,,1.0,Reality Tv
MOVIE,The Pass,Ben A. Williams,United Kingdom,2016,NR,2019,1,87.0,,Dramas
MOVIE,The Peacemaker,Mimi Leder,United States,1997,R,2020,1,124.0,,Action & Adventure
MOVIE,The Pelican Brief,Alan J. Pakula,United States,1993,PG-13,2019,11,141.0,,Dramas
MOVIE,The Perks of Being a Wallflower,Stephen Chbosky,United States,2012,PG-13,2020,4,103.0,,Comedies
MOVIE,The Phantom of the Opera,Joel Schumacher,United Kingdom,2004,PG-13,2019,6,141.0,,Dramas
MOVIE,The Physician,Philipp Stölzl,Germany,2013,R,2015,7,155.0,,Action & Adventure
MOVIE,The Pink Panther,Shawn Levy,United States,2006,PG,2019,7,93.0,,Children & Family Movies
MOVIE,The Pirate Fairy,Peggy Holmes,United States,2014,G,2014,6,78.0,,Children & Family Movies
MOVIE,The Pirates of Somalia,Bryan Buckley,Somalia,2017,R,2018,3,118.0,,Dramas
MOVIE,The Pirates! Band of Misfits,"Peter Lord, Jeff Newitt",United Kingdom,2012,PG,2020,10,88.0,,Children & Family Movies
MOVIE,The Place Beyond the Pines,Derek Cianfrance,United States,2012,R,2017,5,140.0,,Dramas
MOVIE,The Plan,Keerthi,India,2015,TV-MA,2018,3,124.0,,Dramas
MOVIE,The Player,Ahmad El-Badri,Egypt,2012,TV-MA,2019,6,110.0,,Comedies
MOVIE,The Polar Express,Robert Zemeckis,United States,2004,G,2021,1,100.0,,Children & Family Movies
MOVIE,The Power of Grayskull: The Definitive History of He-Man and the Masters of the Universe,"Randall Lobb, Robert McCallum",Canada,2017,TV-14,2018,8,96.0,,Documentaries
MOVIE,The President's Barber,Chan-sang Lim,South Korea,2004,TV-MA,2017,10,116.0,,Comedies
MOVIE,The Prince,Brian A. Miller,United States,2014,R,2019,2,91.0,,Action & Adventure
MOVIE,The Perfect Day,Jean-Pierre Devillers,Not Given,2018,TV-14,2018,9,93.0,,Documentaries
MOVIE,The Prince & Me,Martha Coolidge,United States,2004,PG,2020,10,111.0,,Comedies
MOVIE,The Princess and the Frog,"Ron Clements, John Musker",United States,2009,G,2019,7,98.0,,Children & Family Movies
MOVIE,The Prison,Na Hyeon,South Korea,2017,TV-MA,2017,11,125.0,,Action & Adventure
MOVIE,The Pursuit,John Papola,United States,2019,TV-14,2019,8,76.0,,Documentaries
MOVIE,The Pursuit of Happyness,Gabriele Muccino,United States,2006,PG-13,2019,10,117.0,,Dramas
MOVIE,The Push,"Grant Korgan, Brian Niles",United States,2018,TV-MA,2019,6,90.0,,Documentaries
MOVIE,The Republic of Imbaba,Ahmed Al-Badry,Egypt,2015,TV-14,2019,6,90.0,,Dramas
MOVIE,The Rainbow Troops,Riri Riza,Indonesia,2008,TV-PG,2018,10,119.0,,Children & Family Movies
MOVIE,The Rainmaker,Francis Ford Coppola,United States,1997,PG-13,2019,11,136.0,,Dramas
MOVIE,The Rat Race,Miriam Chandy Menacherry,India,2010,TV-PG,2017,1,52.0,,Documentaries
MOVIE,The Real Miyagi,Kevin Derek,United States,2015,TV-PG,2017,6,81.0,,Documentaries
MOVIE,The Rebound,Shaina Allen,United States,2016,TV-MA,2019,2,77.0,,Documentaries
MOVIE,The Redeemed and the Dominant: Fittest on Earth,"Heber Cannon, Mariah Moore, Marston Sawyers",United States,2017,TV-14,2018,7,120.0,,Documentaries
MOVIE,The Rehearsal,Alison MacLean,New Zealand,2016,TV-MA,2018,1,102.0,,Dramas
MOVIE,The Rezort,Steve Barker,United Kingdom,2016,TV-MA,2017,1,90.0,,Horror Movies
MOVIE,The Rift: The Dark Side of the Moon,Dejan Zečević,Serbia,2016,TV-MA,2018,2,92.0,,Horror Movies
MOVIE,The Right One,Hadi El Bagoury,Egypt,2011,TV-14,2019,6,93.0,,Dramas
MOVIE,The Ring,Gore Verbinski,United States,2002,PG-13,2020,1,116.0,,Horror Movies
MOVIE,The Riot Club,Lone Scherfig,United Kingdom,2014,R,2017,3,107.0,,Dramas
MOVIE,The River Thief,N.D. Wilson,United States,2016,NR,2017,1,87.0,,Dramas
MOVIE,The River Wild,Curtis Hanson,United States,1994,PG-13,2018,9,111.0,,Action & Adventure
MOVIE,The Rolling Stones: Olé Olé Olé! A Trip Across Latin America,Paul Dugdale,United Kingdom,2016,TV-MA,2019,3,101.0,,Documentaries
MOVIE,The Roommate,Christian E. Christiansen,United States,2011,PG-13,2020,4,91.0,,Thrillers
MOVIE,The Rover,David Michôd,Australia,2014,R,2018,7,103.0,,International Movies
MOVIE,THE RUM DIARY,Bruce Robinson,United States,2011,R,2019,12,120.0,,Comedies
MOVIE,The Runner,Austin Stark,United States,2015,R,2017,9,90.0,,Dramas
MOVIE,The Salvation,Kristian Levring,Denmark,2014,R,2017,3,92.0,,Dramas
MOVIE,The Sapphires,Wayne Blair,Australia,2012,PG-13,2019,4,99.0,,Comedies
MOVIE,The Score,Frank Oz,Germany,2001,R,2019,11,124.0,,Dramas
MOVIE,The Sea of Trees,Gus Van Sant,United States,2015,PG-13,2018,11,111.0,,Dramas
MOVIE,The Search for Life in Space,Stephen Amezdroz,United States,2016,TV-G,2018,4,32.0,,Documentaries
MOVIE,The Secret Life of Pets 2,Chris Renaud,United States,2019,PG,2019,12,86.0,,Children & Family Movies
MOVIE,The Seven Five,Tiller Russell,United States,2014,R,2017,4,104.0,,Documentaries
MOVIE,The Shaukeens,Abhishek Sharma,India,2014,TV-MA,2018,3,123.0,,Comedies
TV SHOW,Legends of Strength,Not Given,United States,2017,TV-PG,2019,1,,1.0,Docuseries
MOVIE,The Show,Giancarlo Esposito,United States,2017,TV-MA,2020,6,105.0,,Dramas
MOVIE,The Sign of Venus,Dino Risi,Italy,1955,TV-14,2020,11,97.0,,Classic Movies
MOVIE,The Signal,"William Eubank, Will Eubank",United States,2014,PG-13,2018,7,97.0,,Sci-Fi & Fantasy
MOVIE,The Similars,Isaac Ezban,Mexico,2015,NR,2017,1,90.0,,Horror Movies
MOVIE,The Sinking Of Van Der Wijck,Sunil Soraya,Indonesia,2013,TV-14,2018,9,163.0,,Dramas
MOVIE,The Social Network,David Fincher,United States,2010,PG-13,2020,4,121.0,,Dramas
MOVIE,The Space Between Us,Peter Chelsom,United States,2016,PG-13,2019,6,120.0,,Action & Adventure
MOVIE,The Spectacular Now,James Ponsoldt,United States,2013,R,2018,7,95.0,,Dramas
MOVIE,The spiral,Krzysztof Zanussi,Poland,1978,TV-MA,2019,10,84.0,,Dramas
MOVIE,The Spy Next Door,Brian Levant,United States,2010,PG,2020,11,94.0,,Action & Adventure
MOVIE,The Spy Who Fell to Earth,Thomas Meadmore,United Kingdom,2019,TV-MA,2019,4,94.0,,Documentaries
MOVIE,The Stanford Prison Experiment,Kyle Patrick Alvarez,United States,2015,R,2017,6,122.0,,Dramas
MOVIE,The Student,Steven R. Monroe,United States,2017,TV-14,2019,3,90.0,,Thrillers
MOVIE,The Sunshine Makers,Cosmo Feilding-Mellen,United Kingdom,2015,TV-MA,2017,3,91.0,,Documentaries
MOVIE,The Super,Stephan Rick,United States,2017,R,2019,2,89.0,,Horror Movies
MOVIE,The Surrounding Game,"Will Lockhart, Cole D. Pruitt",United States,2018,TV-14,2018,8,98.0,,Documentaries
MOVIE,The Taking of Pelham 123,Tony Scott,United States,2009,R,2019,9,106.0,,Action & Adventure
MOVIE,The Talented Mr. Ripley,Anthony Minghella,United States,1999,R,2020,1,139.0,,Dramas
MOVIE,The Texas Chainsaw Massacre,Tobe Hooper,United States,1974,R,2019,10,83.0,,Cult Movies
MOVIE,The Thief and the Imbecile,"Mohammed El-Tahawy, Mohamed Mostafa",Egypt,2013,TV-14,2019,6,96.0,,Dramas
MOVIE,The Tiger Hunter,Lena Khan,United States,2016,TV-14,2018,4,94.0,,Comedies
MOVIE,The Tigers of Scotland,Leanne Gater,United Kingdom,2017,TV-G,2018,11,58.0,,Documentaries
MOVIE,The Time Machine,Simon Wells,United States,2002,PG-13,2019,11,96.0,,Action & Adventure
MOVIE,The Time Traveler's Wife,Robert Schwentke,United States,2009,PG-13,2019,10,107.0,,Dramas
MOVIE,The Tribes of Palos Verdes,"Brendan Malloy, Emmett Malloy",United States,2017,R,2019,12,104.0,,Dramas
MOVIE,The Trigger Effect,David Koepp,United States,1996,R,2018,1,94.0,,Thrillers
MOVIE,The Trip to Spain,Michael Winterbottom,United Kingdom,2016,TV-MA,2017,12,108.0,,Comedies
MOVIE,The Trust,"Ben Brewer, Alex Brewer",United States,2015,R,2019,4,91.0,,Thrillers
MOVIE,The Truth About Alcohol,David Briggs,United Kingdom,2016,TV-14,2017,8,58.0,,Documentaries
MOVIE,The Tuxedo,Kevin Donovan,United States,2002,PG-13,2019,11,99.0,,Action & Adventure
MOVIE,The Ugly Truth,Robert Luketic,United States,2009,R,2019,4,96.0,,Comedies
MOVIE,The Unborn Child,Poj Arnon,Thailand,2011,TV-MA,2018,7,93.0,,Horror Movies
TV SHOW,The Rap Game,Not Given,United States,2016,TV-14,2019,9,,1.0,Reality Tv
MOVIE,The Unknown Girl,"Jean-Pierre Dardenne, Luc Dardenne",Belgium,2016,TV-MA,2017,12,106.0,,Dramas
MOVIE,The Unknown Known,Errol Morris,United States,2013,PG-13,2019,2,103.0,,Documentaries
MOVIE,The Vatican Tapes,Mark Neveldine,United States,2015,PG-13,2020,4,91.0,,Horror Movies
TV SHOW,The Vietnam War: A Film by Ken Burns and Lynn Novick,"Ken Burns, Lynn Novick",United States,2017,TV-MA,2018,6,,1.0,Docuseries
MOVIE,The Walls of the Moon,"Ossama Abu El Atta, Tarek Al Eryan",Egypt,2015,TV-14,2019,4,98.0,,Action & Adventure
MOVIE,The Water Diviner,Russell Crowe,Australia,2014,R,2019,10,111.0,,Dramas
MOVIE,The Water Horse: Legend of the Deep,Jay Russell,New Zealand,2007,PG,2018,11,112.0,,Children & Family Movies
MOVIE,The Waterboy,Frank Coraci,United States,1998,PG-13,2017,3,90.0,,Comedies
MOVIE,The Wedding Curse,Chito S. Roño,Philippines,2006,TV-PG,2019,3,101.0,,Horror Movies
MOVIE,The Wedding Party 2: Destination Dubai,Niyi Akinmolayan,Nigeria,2017,TV-14,2019,9,98.0,,Comedies
MOVIE,The Witch,Robert Eggers,United Kingdom,2015,R,2018,9,92.0,,Horror Movies
MOVIE,The Witch Files,Kyle Rankin,United States,2018,TV-14,2019,2,88.0,,Horror Movies
MOVIE,The Women Who Kill Lions,Neil Rawles,United Kingdom,2016,TV-MA,2017,8,47.0,,Documentaries
MOVIE,The Women's Balcony,Emil Ben-Shimon,Israel,2016,TV-PG,2017,12,100.0,,Comedies
MOVIE,The Workshop,Laurent Cantet,France,2017,TV-MA,2018,11,114.0,,Dramas
MOVIE,The World Is Not Enough,Michael Apted,United Kingdom,1999,PG-13,2019,12,128.0,,Action & Adventure
MOVIE,The World's Most Wanted Animal,Victoria Bromley,United Kingdom,2018,TV-PG,2019,4,53.0,,Documentaries
MOVIE,The Wrong Babysitter,George Mendeluk,Canada,2017,TV-14,2019,6,89.0,,Thrillers
MOVIE,The Young Offenders,Peter Foott,Ireland,2016,TV-MA,2017,3,83.0,,Comedies
MOVIE,The Young Vagabond,Sze Yu Lau,Hong Kong,1985,TV-14,2018,8,85.0,,Action & Adventure
MOVIE,Theater of Life,Peter Svatek,Canada,2016,TV-PG,2017,7,94.0,,Documentaries
MOVIE,Theeram,Saheed Arafath,India,2017,TV-14,2018,7,104.0,,Dramas
MOVIE,"Thelonious Monk: Straight, No Chaser",Charlotte Zwerin,United States,1988,PG-13,2019,11,89.0,,Documentaries
MOVIE,Theo Who Lived,David Shisgall,United States,2016,TV-14,2016,12,86.0,,Documentaries
MOVIE,This Is Not What I Expected,Derek Hui,China,2017,TV-PG,2017,10,107.0,,Comedies
MOVIE,This Was Tomorrow,Wim Bonte,Belgium,2015,NR,2015,12,77.0,,Documentaries
MOVIE,Thithi,Raam Reddy,India,2015,TV-MA,2017,3,123.0,,Dramas
MOVIE,Thong Dee Fun Khao,Bin Bunluerit,Thailand,2017,TV-MA,2018,1,122.0,,Action & Adventure
MOVIE,Thor: Ragnarok,Taika Waititi,United States,2017,PG-13,2018,6,131.0,,Action & Adventure
MOVIE,Thor: Tales of Asgard,Sam Liu,United States,2011,TV-Y7,2020,4,77.0,,Children & Family Movies
MOVIE,Thorne: Scaredy Cat,Benjamin Ross,United Kingdom,2010,NR,2016,11,125.0,,Dramas
MOVIE,Thorne: Sleepyhead,Stephen Hopkins,United Kingdom,2010,NR,2016,11,125.0,,Dramas
MOVIE,Three,Johnnie To,Hong Kong,2016,TV-MA,2017,6,88.0,,Action & Adventure
MOVIE,Thumper,Jordan Ross,United States,2017,TV-MA,2018,2,93.0,,Dramas
MOVIE,Thunderbolt,"William Wyler, John Sturges",United States,1947,TV-PG,2017,3,42.0,,Classic Movies
MOVIE,Three-Quarters Decent,Mohamed Hamdy,Egypt,2010,TV-14,2019,6,96.0,,Comedies
MOVIE,Tik Tok,Li Jun,China,2016,TV-14,2017,7,108.0,,Dramas
MOVIE,Tikli and Laxmi Bomb,Aditya Kripalani,India,2017,TV-MA,2018,8,151.0,,Dramas
MOVIE,Time Please,Sameer Vidwans,India,2013,TV-14,2018,1,125.0,,Comedies
MOVIE,99 Songs (Telugu),Not Given,Pakistan,2021,TV-14,2021,5,131.0,,Dramas
MOVIE,Tom and Jerry: The Magic Ring,Phil Roman,Not Given,2001,TV-Y7,2019,12,60.0,,Children & Family Movies
MOVIE,Tinker Bell and the Legend of the NeverBeast,Steve Loter,United States,2014,G,2015,5,78.0,,Children & Family Movies
MOVIE,Tinker',Sonny Marler,United States,2018,TV-14,2019,3,97.0,,Dramas
MOVIE,To Be a Miss,"Edward Ellis, Flor Salcedo, Aaron Woolf",United States,2016,TV-14,2017,1,84.0,,Documentaries
MOVIE,"To Wong Foo, Thanks for Everything! Julie Newmar",Beeban Kidron,United States,1995,PG-13,2019,8,108.0,,Comedies
TV SHOW,Toast of London,Michael Cumming,United Kingdom,2015,TV-MA,2017,9,,3.0,British Tv Shows
MOVIE,Tokyo Idols,Kyoko Miyake,United Kingdom,2017,TV-14,2017,10,89.0,,Documentaries
MOVIE,Tomorrow Never Dies,Roger Spottiswoode,United Kingdom,1997,PG-13,2019,12,119.0,,Action & Adventure
MOVIE,Tremors 2: Aftershocks,S.S. Wilson,United States,1995,PG-13,2020,1,100.0,,Comedies
MOVIE,Tope: The Bait,Buddhadev Dasgupta,India,2016,TV-14,2018,3,87.0,,Dramas
MOVIE,Tortilla Soup,Maria Ripoll,United States,2001,PG-13,2020,9,104.0,,Comedies
MOVIE,Total Frat Movie,Warren P. Sonoda,United States,2016,NR,2016,12,94.0,,Comedies
MOVIE,Tracers,Daniel Benmayor,United States,2015,PG-13,2019,10,94.0,,Action & Adventure
MOVIE,Traffic Signal,Madhur Bhandarkar,India,2007,TV-MA,2019,12,130.0,,Dramas
MOVIE,Train of the Dead,Sukum Maetawanitch,Thailand,2007,TV-MA,2018,7,88.0,,Horror Movies
MOVIE,Train to Busan,Sang-ho Yeon,South Korea,2016,TV-MA,2017,3,118.0,,Action & Adventure
MOVIE,Trainspotting,Danny Boyle,United Kingdom,1996,R,2019,10,94.0,,Comedies
MOVIE,Traitor,Jeffrey Nachmanoff,United States,2008,PG-13,2018,7,114.0,,Dramas
MOVIE,Transcendence,Wally Pfister,United Kingdom,2014,PG-13,2018,11,119.0,,Sci-Fi & Fantasy
MOVIE,Trash,Stephen Daldry,United Kingdom,2014,R,2019,1,114.0,,Dramas
MOVIE,Trash Fire,Richard Bates Jr.,United States,2016,R,2017,2,94.0,,Comedies
MOVIE,Treasures from the Wreck of the Unbelievable,Sam Hobkinson,United Kingdom,2017,TV-G,2018,1,82.0,,Documentaries
MOVIE,Tree Man,"Jon Reiner, Brad Rothschild",Canada,2015,TV-PG,2016,11,82.0,,Documentaries
MOVIE,Tremors,Ron Underwood,United States,1990,PG-13,2020,1,96.0,,Comedies
MOVIE,Tremors 3: Back to Perfection,Brent Maddock,United States,2001,PG,2020,1,104.0,,Comedies
MOVIE,Tremors 4: The Legend Begins,S.S. Wilson,United States,2004,PG-13,2020,1,101.0,,Comedies
MOVIE,Tremors 5:  Bloodline,Don Michael Paul,South Africa,2015,PG-13,2020,1,99.0,,Comedies
MOVIE,Tremors 6: A Cold Day in Hell,Don Michael Paul,United States,2018,PG-13,2018,5,98.0,,Action & Adventure
MOVIE,Trespass Against Us,Adam Smith,United Kingdom,2016,R,2019,2,100.0,,Dramas
MOVIE,"Trikal (Past, Present, Future)",Shyam Benegal,India,1985,TV-14,2019,12,134.0,,Comedies
MOVIE,Trimurti,Mukul Anand,India,1995,TV-PG,2018,3,173.0,,Action & Adventure
MOVIE,Trip to Bhangarh: Asia's Most Haunted Place,Jitender Pawar,India,2014,TV-MA,2017,11,113.0,,International Movies
MOVIE,Trixie Mattel: Moving Parts,Nicholas Zeig-Owens,United States,2019,TV-MA,2020,3,91.0,,Documentaries
MOVIE,Trophy,"Shaul Schwarz, Christina Clusiau",United Kingdom,2017,TV-MA,2018,2,110.0,,Documentaries
MOVIE,Troy: The Odyssey,Tekin Girgin,United States,2017,TV-MA,2018,3,90.0,,Action & Adventure
MOVIE,True Grit,Henry Hathaway,United States,1969,G,2020,1,128.0,,Classic Movies
MOVIE,True to the Game,Preston A. Whitmore II,United States,2017,R,2018,3,108.0,,Dramas
MOVIE,Trumbo,Jay Roach,United States,2015,R,2020,5,124.0,,Dramas
MOVIE,Tucker and Dale vs. Evil,Eli Craig,Canada,2010,R,2019,3,89.0,,Comedies
MOVIE,Tukaram,Chandrakant Kulkarni,India,2012,TV-PG,2018,2,162.0,,Dramas
MOVIE,Tunisian Victory,"Frank Capra, John Huston, Hugh Stewart, Roy Boulting, Anthony Veiller",United States,1944,TV-14,2017,3,76.0,,Classic Movies
MOVIE,Turbo,David Soren,United States,2013,PG,2019,9,96.0,,Children & Family Movies
MOVIE,Tusk,Kevin Smith,United States,2014,R,2018,7,102.0,,Horror Movies
MOVIE,Twice,Hidetaka Inazuka,Japan,2010,TV-14,2017,12,53.0,,Documentaries
MOVIE,Twinsanity,Buz Wallick,United States,2018,TV-MA,2019,3,86.0,,Horror Movies
MOVIE,Two Graves,Gary Young,United Kingdom,2018,TV-MA,2019,5,80.0,,Thrillers
MOVIE,Two Lovers and a Bear,Kim Nguyen,Canada,2016,R,2017,5,95.0,,Dramas
MOVIE,Tyke Elephant Outlaw,"Susan Lambert, Stefan Moore",Australia,2015,TV-14,2015,12,78.0,,Documentaries
MOVIE,Tyson,James Toback,United States,2008,R,2019,3,90.0,,Documentaries
MOVIE,Ugly,Anurag Kashyap,India,2013,NR,2017,3,125.0,,Dramas
MOVIE,Una,Benedict Andrews,United Kingdom,2016,R,2018,4,94.0,,Dramas
MOVIE,Unaccompanied Minors,Paul Feig,United States,2006,PG,2019,10,90.0,,Children & Family Movies
MOVIE,Unacknowledged,Michael Mazzola,United States,2017,TV-MA,2017,8,104.0,,Documentaries
MOVIE,Under an Arctic Sky,Chris Burkard,United States,2017,TV-14,2017,12,40.0,,Action & Adventure
MOVIE,Under The Skin,Jonathan Glazer,Switzerland,2013,R,2018,7,108.0,,Dramas
MOVIE,Undercover Grandpa,Erik Canuel,Canada,2016,PG-13,2017,11,94.0,,Action & Adventure
MOVIE,Undercover: How to Operate Behind Enemy Lines,John Ford,United States,1943,TV-PG,2017,3,61.0,,Classic Movies
MOVIE,Unfinished Song,Paul Andrew Williams,United Kingdom,2012,PG-13,2019,7,94.0,,Comedies
MOVIE,Union Leader,Sanjay Patel,Canada,2017,TV-14,2019,12,105.0,,Dramas
MOVIE,Unruly Friends,Sherif Mandour,Egypt,2011,TV-14,2019,6,83.0,,International Movies
MOVIE,Up in the Air,Jason Reitman,United States,2009,R,2020,1,110.0,,Comedies
MOVIE,Urvi,Pradeep Verma,India,2017,TV-MA,2018,1,121.0,,Dramas
MOVIE,Used Goods,Mohamed Hamdy,Egypt,2018,TV-14,2019,9,95.0,,Action & Adventure
MOVIE,USS Indianapolis: Men of Courage,Mario Van Peebles,United States,2016,R,2019,9,130.0,,Action & Adventure
MOVIE,V for Vendetta,James McTeigue,United States,2005,R,2018,10,132.0,,Action & Adventure
MOVIE,Vantage Point,Pete Travis,United States,2008,PG-13,2019,11,90.0,,Action & Adventure
MOVIE,Veerappan,Ram Gopal Varma,India,2016,TV-14,2017,10,117.0,,Action & Adventure
MOVIE,Veerey Ki Wedding,Ashu Trikha,India,2018,TV-14,2019,12,130.0,,Comedies
MOVIE,Vegas Baby,Amanda Micheli,United States,2016,TV-14,2017,7,78.0,,Documentaries
MOVIE,Viceroy's House,Gurinder Chadha,United Kingdom,2017,NR,2017,12,106.0,,Dramas
MOVIE,Victor,Brandon Dickerson,United States,2015,PG-13,2017,7,110.0,,Dramas
MOVIE,Viking Destiny,David L.G. Hughes,United Kingdom,2018,R,2019,2,91.0,,Action & Adventure
MOVIE,Vikings Unearthed,Harvey Lilley,United States,2016,TV-PG,2017,3,113.0,,Documentaries
MOVIE,Vincent N Roxxy,Gary Michael Schultz,United States,2016,R,2017,9,101.0,,Dramas
MOVIE,Viswasapoorvam Mansoor,P.T. Kunju Muhammad,India,2017,TV-14,2018,7,125.0,,Dramas
MOVIE,Vitti Dandu,Ganesh Kadam,India,2014,TV-14,2017,7,116.0,,Dramas
MOVIE,Vizontele Tuuba,Yılmaz Erdoğan,Turkey,2004,NR,2017,3,106.0,,Comedies
MOVIE,Vodka Diaries,Kushal Srivastava,India,2018,TV-14,2019,12,113.0,,Dramas
MOVIE,VS.,Ed Lilly,United Kingdom,2018,TV-MA,2019,6,99.0,,Dramas
MOVIE,Waar,Bilal Lashari,Pakistan,2013,TV-MA,2017,7,130.0,,Action & Adventure
MOVIE,Waarrior Savitri,Param Gill,India,2016,TV-14,2017,11,120.0,,Action & Adventure
MOVIE,Waiting,Anu Menon,India,2015,TV-MA,2018,5,94.0,,Dramas
MOVIE,Waiting...,Rob McKittrick,United States,2005,R,2020,9,94.0,,Comedies
MOVIE,Wakefield,Robin Swicord,United States,2016,R,2019,3,109.0,,Dramas
MOVIE,Walk with Me,"Marc Francis, Max Pugh",United Kingdom,2017,TV-PG,2017,12,94.0,,Documentaries
MOVIE,Walking Out,"Alex Smith, Andrew J. Smith",United States,2017,PG-13,2019,10,96.0,,Dramas
MOVIE,War,Philip G. Atwell,United States,2007,R,2019,4,103.0,,Action & Adventure
MOVIE,War Chhod Na Yaar,Faraz Haider,India,2013,TV-14,2019,3,109.0,,Comedies
MOVIE,War Horse,Steven Spielberg,United States,2011,PG-13,2019,5,147.0,,Dramas
MOVIE,War on Everyone,John Michael McDonagh,United Kingdom,2016,R,2019,12,98.0,,Action & Adventure
MOVIE,Warda,Hadi El Bagoury,Egypt,2014,TV-14,2019,4,73.0,,Horror Movies
MOVIE,Warehoused,Jack Zagha Kababie,Mexico,2015,TV-14,2017,11,92.0,,Comedies
MOVIE,Water & Power: A California Heist,Marina Zenovich,United States,2017,PG,2018,2,78.0,,Documentaries
MOVIE,We Are Your Friends,Max Joseph,United Kingdom,2015,R,2020,1,96.0,,Dramas
MOVIE,We Belong Together,Chris Stokes,United States,2018,TV-14,2019,7,83.0,,Thrillers
MOVIE,We Need to Talk,David Serrano,Spain,2016,TV-MA,2016,9,91.0,,Comedies
MOVIE,We the Animals,Jeremiah Zagar,United States,2018,R,2019,2,93.0,,Dramas
MOVIE,"We, the Marines",Greg MacGillivray,United States,2017,TV-PG,2018,7,38.0,,Documentaries
MOVIE,We're No Animals,Alejandro Agresti,United States,2015,TV-MA,2017,8,94.0,,Comedies
MOVIE,Weather forecast,Antoni Krauze,Poland,1983,TV-MA,2019,10,91.0,,Dramas
MOVIE,Creating an Army of the Dead,Not Given,Pakistan,2021,TV-MA,2021,5,,,Documentaries
MOVIE,Weeds on Fire,Chi Fat Chan,Hong Kong,2016,TV-MA,2018,9,95.0,,Dramas
MOVIE,Westside vs. the World,Michael Fahey,Not Given,2019,TV-MA,2019,8,96.0,,Documentaries
MOVIE,Welcome 2 Karachi,Ashish R. Mohan,India,2015,TV-MA,2018,3,124.0,,Comedies
MOVIE,Welcome to Monster High: The Origin Story,"Stephen Donnelly, Olly Reid, Jun Falkenstein",United States,2016,TV-Y7,2017,10,73.0,,Children & Family Movies
MOVIE,Welcome to New York,Abel Ferrara,United States,2014,R,2017,3,108.0,,Dramas
MOVIE,Welcome to Willits,Trevor Ryan,United States,2017,TV-MA,2018,2,84.0,,Comedies
MOVIE,Westerplatte Resists,Stanisław Różewicz,Poland,1967,TV-MA,2019,10,93.0,,Classic Movies
MOVIE,What a Wonderful Family!,Huang Lei,China,2017,TV-14,2018,7,102.0,,Comedies
MOVIE,What Lies Beneath,Robert Zemeckis,United States,2000,PG-13,2020,1,130.0,,Horror Movies
MOVIE,What Makes a Psychopath?,Rebecca Harrison,United Kingdom,2017,TV-14,2019,2,52.0,,Documentaries
MOVIE,What Still Remains,Josh Mendoza,United States,2018,TV-14,2018,12,91.0,,Dramas
MOVIE,What's Up With Love?,"Rudy Soedjarwo, Riri Riza",Indonesia,2002,R,2018,12,110.0,,Dramas
TV SHOW,Angelina Ballerina,Not Given,Pakistan,2010,TV-Y,2021,5,,2.0,British Tv Shows
MOVIE,When Hari Got Married,"Ritu Sarin, Tenzing Sonam",United Kingdom,2013,NR,2016,12,75.0,,Documentaries
MOVIE,When Two Worlds Collide,"Heidi Brandenburg, Mathew Orzel",Peru,2016,TV-14,2016,11,103.0,,Documentaries
MOVIE,Where the Money Is,Marek Kanievska,Germany,2000,PG-13,2020,1,89.0,,Action & Adventure
MOVIE,Where's the Money,Scott Zabielski,United States,2017,R,2018,1,86.0,,Comedies
MOVIE,While We're Young,Noah Baumbach,United States,2015,R,2017,10,97.0,,Comedies
MOVIE,White Chamber,Paul Raschid,United Kingdom,2018,TV-MA,2019,8,89.0,,Sci-Fi & Fantasy
MOVIE,White Island,Benjamin Turner,United Kingdom,2016,TV-MA,2017,9,91.0,,Comedies
MOVIE,Who the F**k Is That Guy?,Drew Stone,United States,2017,TV-MA,2017,9,78.0,,Documentaries
MOVIE,Who's That Knocking at My Door?,Martin Scorsese,United States,1967,R,2019,7,90.0,,Classic Movies
MOVIE,Why Are We Getting So Fat?,"Milla Harrison-Hansley, Alicky Sussman",United Kingdom,2016,TV-14,2019,2,50.0,,Documentaries
MOVIE,Why Knot,Dhruv Dhawan,Canada,2016,TV-MA,2017,10,84.0,,Documentaries
MOVIE,Why We Fight: The Battle of Russia,"Frank Capra, Anatole Litvak",United States,1943,TV-PG,2017,3,82.0,,Documentaries
MOVIE,Wild Wild West,Barry Sonnenfeld,United States,1999,PG-13,2020,1,106.0,,Action & Adventure
MOVIE,Wildlife,Paul Dano,United States,2018,PG-13,2020,9,105.0,,Dramas
MOVIE,Williams,Morgan Matthews,United Kingdom,2017,TV-MA,2017,11,105.0,,Documentaries
MOVIE,Willy Wonka & the Chocolate Factory,Mel Stuart,United States,1971,G,2020,1,100.0,,Children & Family Movies
MOVIE,Winnie,Pascale Lamche,France,2017,TV-14,2018,2,85.0,,Documentaries
TV SHOW,Too Hot To Handle: Latino,Not Given,Pakistan,2021,TV-MA,2021,9,,1.0,International Tv Shows
MOVIE,Winter of Our Dreams,John Duigan,Australia,1981,NR,2016,11,86.0,,Classic Movies
MOVIE,World's Weirdest Homes,Storm Theunissen,Not Given,2015,TV-PG,2019,2,49.0,,Movies
MOVIE,Winter's Bone,Debra Granik,United States,2010,R,2019,3,100.0,,Dramas
MOVIE,Wish I Was Here,Zach Braff,United States,2014,R,2018,8,106.0,,Comedies
MOVIE,Wish Man,Theo Davies,United States,2019,TV-14,2019,12,108.0,,Children & Family Movies
MOVIE,Withdrawn,Adrian Murray,Canada,2017,TV-MA,2018,5,74.0,,Dramas
MOVIE,Wolves,Bart Freundlich,United States,2016,R,2019,3,109.0,,Dramas
MOVIE,Woodstock,Barak Goodman,United States,2019,TV-MA,2019,8,97.0,,Documentaries
MOVIE,World Trade Center,Oliver Stone,United States,2006,PG-13,2019,11,129.0,,Action & Adventure
MOVIE,Would You Rather,David Guy Levy,United States,2013,TV-MA,2019,6,93.0,,Horror Movies
MOVIE,Wrong No.,Yasir Nawaz,Pakistan,2015,TV-14,2017,7,133.0,,Comedies
MOVIE,Wrong Side Raju,Mikhil Musale,India,2016,TV-MA,2017,10,140.0,,Dramas
MOVIE,WWII: Report from the Aleutians,John Huston,United States,1943,TV-PG,2017,3,45.0,,Documentaries
MOVIE,Wyatt Earp,Lawrence Kasdan,United States,1994,PG-13,2020,1,191.0,,Action & Adventure
MOVIE,XX,"Jovanka Vuckovic, Annie Clark, Roxanne Benjamin, Karyn Kusama",Canada,2017,R,2017,6,81.0,,Horror Movies
MOVIE,XXx,Rob Cohen,United States,2002,PG-13,2019,1,124.0,,Action & Adventure
MOVIE,XXX: State of the Union,Lee Tamahori,United States,2005,PG-13,2019,1,101.0,,Action & Adventure
MOVIE,Y Tu Mamá También,Alfonso Cuarón,Mexico,2001,R,2017,6,106.0,,Dramas
MOVIE,Y.M.I.: Yeh Mera India,N. Chandra,India,2008,TV-MA,2018,3,137.0,,Dramas
MOVIE,Yaadein,Subhash Ghai,India,2001,TV-14,2018,3,171.0,,Dramas
MOVIE,Yaara O Dildaara,Ksshitij Chaudhary,India,2011,TV-14,2017,11,132.0,,Dramas
MOVIE,Yamla Pagla Deewana 2,Sangeeth Sivan,India,2013,TV-14,2017,5,147.0,,Action & Adventure
MOVIE,Yanda Kartavya Aahe,Kedar Shinde,India,2006,TV-PG,2018,1,151.0,,Comedies
MOVIE,يوم الدين,Abu Bakr Shawky,Egypt,2018,TV-14,2019,10,97.0,,Dramas
MOVIE,Yellowbird,Christian De Vita,France,2014,PG,2015,8,90.0,,Children & Family Movies
MOVIE,Yes or No,Saratswadee Wongsomphet,Thailand,2010,TV-PG,2018,12,111.0,,International Movies
MOVIE,Yes or No 2,Saratswadee Wongsomphet,Thailand,2012,TV-PG,2018,11,112.0,,International Movies
MOVIE,Yes or No 2.5,Kirati Nakintanon,Thailand,2015,TV-PG,2018,11,107.0,,International Movies
MOVIE,Yo-Kai Watch: The Movie,Mark Risley,Japan,2016,TV-Y7,2016,12,96.0,,Anime Features
MOVIE,Yoga Hosers,Kevin Smith,United States,2016,PG-13,2016,12,88.0,,Comedies
MOVIE,You Can Tutu,James Brown,United Kingdom,2017,TV-G,2017,12,87.0,,Children & Family Movies
MOVIE,You Can’t Fight Christmas,Kenny Young,United States,2017,TV-PG,2017,12,85.0,,Comedies
MOVIE,You Carry Me,Ivona Juka,Croatia,2015,TV-MA,2016,7,157.0,,Dramas
MOVIE,You Changed My Life,Cathy Garcia-Molina,Philippines,2009,TV-PG,2019,2,116.0,,Comedies
MOVIE,You Don't Mess with the Zohan,Dennis Dugan,United States,2008,UR,2019,9,113.0,,Action & Adventure
MOVIE,Young Adult,Jason Reitman,United States,2011,R,2019,11,94.0,,Comedies
MOVIE,Young Tiger,Mu Chu,Hong Kong,1973,NR,2016,11,81.0,,Action & Adventure
MOVIE,"Yours, Mine and Ours",Raja Gosnell,United States,2005,PG,2019,11,88.0,,Children & Family Movies
MOVIE,اشتباك,Mohamed Diab,Egypt,2016,TV-14,2018,10,98.0,,Dramas
MOVIE,Zed Plus,Chandra Prakash Dwivedi,India,2014,TV-MA,2019,12,131.0,,Comedies
MOVIE,Zenda,Avadhoot Gupte,India,2009,TV-14,2018,2,120.0,,Dramas
TV SHOW,Zombie Dumb,Not Given,Pakistan,2018,TV-Y7,2019,7,,2.0,Kids' Tv
MOVIE,Zinzana,Majid Al Ansari,United Arab Emirates,2015,TV-MA,2016,3,96.0,,Dramas
MOVIE,Zodiac,David Fincher,United States,2007,R,2019,11,158.0,,Cult Movies
MOVIE,Zombieland,Ruben Fleischer,United States,2009,R,2019,11,88.0,,Comedies
MOVIE,Zoom,Peter Hewitt,United States,2006,PG,2020,1,88.0,,Children & Family Movies
MOVIE,Zubaan,Mozez Singh,India,2015,TV-14,2019,3,111.0,,Dramas
TV SHOW,Life in Color with David Attenborough,Alastair Fothergill,United Kingdom,2021,TV-PG,2021,4,,1.0,British Tv Shows
MOVIE,Our Planet - Behind The Scenes,Alastair Fothergill,United Kingdom,2019,TV-G,2019,8,63.0,,Documentaries
TV SHOW,Our Planet,Alastair Fothergill,United Kingdom,2019,TV-PG,2019,4,,1.0,Docuseries
TV SHOW,Africa,Alastair Fothergill,United Kingdom,2013,TV-PG,2016,4,,1.0,British Tv Shows
TV SHOW,Blue Planet II,Alastair Fothergill,United Kingdom,2017,TV-G,2018,12,,1.0,British Tv Shows
MOVIE,Frozen Planet: On Thin Ice,Alastair Fothergill,United Kingdom,2011,TV-PG,2016,1,47.0,,Movies
MOVIE,Frozen Planet: The Epic Journey,Alastair Fothergill,United Kingdom,2011,TV-PG,2016,1,52.0,,Movies
TV SHOW,Life on Location,Alastair Fothergill,United Kingdom,2009,TV-G,2015,4,,1.0,British Tv Shows
TV SHOW,Life Story,Alastair Fothergill,United Kingdom,2014,TV-14,2016,6,,1.0,British Tv Shows
MOVIE,Nature: Raising the Dinosaur Giant,Alastair Fothergill,United Kingdom,2016,TV-G,2017,3,53.0,,Documentaries
TV SHOW,Nature's Great Events (2009),Alastair Fothergill,United Kingdom,2009,TV-PG,2015,10,,1.0,British Tv Shows
TV SHOW,Nature's Great Events: Diaries,Alastair Fothergill,United Kingdom,2009,TV-PG,2015,4,,1.0,British Tv Shows
TV SHOW,Planet Earth II,Alastair Fothergill,United Kingdom,2016,TV-G,2017,12,,1.0,British Tv Shows
TV SHOW,The Hunt,Alastair Fothergill,United Kingdom,2015,TV-PG,2017,5,,1.0,British Tv Shows
TV SHOW,The Making of Frozen Planet,Alastair Fothergill,United Kingdom,2012,TV-PG,2016,1,,1.0,British Tv Shows
TV SHOW,Chhota Bheem,Rajiv Chilaka,India,2021,TV-Y7,2021,9,,3.0,Kids' Tv
MOVIE,The Netflix Afterparty: The Best Shows of The Worst Year,"Krysia Plonka, Kristian Mercado",United States,2020,TV-MA,2020,12,59.0,,Comedies
TV SHOW,The Netflix Afterparty,"Krysia Plonka, Kristian Mercado",United States,2021,TV-MA,2021,1,,1.0,Stand-Up Comedy & Talk Shows
MOVIE,True: Rainbow Rescue,"Mark Thornton, Todd Kauffman",Canada,2020,TV-Y,2020,6,,,Children & Family Movies
TV SHOW,True: Terrific Tales,"Mark Thornton, Todd Kauffman",Canada,2020,TV-Y,2020,5,,1.0,Kids' Tv
MOVIE,True: Grabbleapple Harvest,"Mark Thornton, Todd Kauffman",Canada,2019,TV-Y,2019,11,,,Children & Family Movies
MOVIE,True: Tricky Treat Day,"Mark Thornton, Todd Kauffman",Canada,2019,TV-Y,2019,9,,,Children & Family Movies
TV SHOW,True and the Rainbow Kingdom,"Mark Thornton, Todd Kauffman",United States,2019,TV-Y,2019,8,,3.0,Kids' Tv
MOVIE,Sam Kinison: The Scream Continues,Walter C. Miller,United States,2016,TV-MA,2018,12,,,Documentaries
TV SHOW,Chappelle's Show,Stan Lathan,United States,2005,TV-MA,2021,2,,2.0,Tv Comedies
TV SHOW,Blood & Water,Not Given,South Africa,2021,TV-MA,2021,9,,2.0,International Tv Shows
TV SHOW,44 Cats,Not Given,Italy,2020,TV-Y7,2021,8,,3.0,Kids' Tv
TV SHOW,Kota Factory,Not Given,India,2021,TV-MA,2021,9,,2.0,International Tv Shows
TV SHOW,Dear White People,Not Given,United States,2021,TV-MA,2021,9,,4.0,Tv Comedies
TV SHOW,Falsa identidad,Not Given,Mexico,2020,TV-MA,2021,9,,2.0,Crime Tv Shows
TV SHOW,Resurrection: Ertugrul,Not Given,Turkey,2018,TV-14,2021,9,,5.0,International Tv Shows
TV SHOW,Love on the Spectrum,Not Given,Australia,2021,TV-14,2021,9,,2.0,Docuseries
TV SHOW,Sex Education,Not Given,United Kingdom,2020,TV-MA,2021,9,,3.0,British Tv Shows
TV SHOW,Angry Birds,Not Given,Finland,2018,TV-Y7,2021,9,,1.0,Kids' Tv
TV SHOW,He-Man and the Masters of the Universe,Not Given,United States,2021,TV-Y7,2021,9,,1.0,Kids' Tv
TV SHOW,Castle and Castle,Not Given,Nigeria,2021,TV-MA,2021,9,,2.0,International Tv Shows
TV SHOW,Dharmakshetra,Not Given,India,2014,TV-PG,2021,9,,1.0,International Tv Shows
TV SHOW,Numberblocks,Not Given,United Kingdom,2021,TV-Y,2021,9,,6.0,Kids' Tv
TV SHOW,Raja Rasoi Aur Anya Kahaniyan,Not Given,India,2014,TV-G,2021,9,,1.0,Docuseries
TV SHOW,Saved by the Bell,Not Given,United States,1994,TV-PG,2021,9,,9.0,Kids' Tv
TV SHOW,Stories by Rabindranath Tagore,Not Given,India,2015,TV-PG,2021,9,,1.0,International Tv Shows
TV SHOW,"Vendetta: Truth, Lies and The Mafia",Not Given,Pakistan,2021,TV-MA,2021,9,,1.0,Crime Tv Shows
TV SHOW,Jack Whitehall: Travels with My Father,Not Given,United Kingdom,2021,TV-MA,2021,9,,5.0,British Tv Shows
TV SHOW,Yowamushi Pedal,Not Given,Japan,2013,TV-14,2021,9,,1.0,Anime Series
TV SHOW,Lucifer,Not Given,United States,2021,TV-14,2021,9,,6.0,Crime Tv Shows
TV SHOW,Into the Night,Not Given,Belgium,2021,TV-MA,2021,9,,2.0,International Tv Shows
TV SHOW,The Circle,Not Given,United States,2021,TV-MA,2021,9,,3.0,Reality Tv
TV SHOW,Kid Cosmic,Not Given,United States,2021,TV-Y7,2021,9,,2.0,Kids' Tv
TV SHOW,Octonauts: Above & Beyond,Not Given,United Kingdom,2021,TV-Y,2021,9,,1.0,British Tv Shows
TV SHOW,On the Verge,Not Given,France,2021,TV-MA,2021,9,,1.0,Tv Comedies
TV SHOW,Tayo the Little Bus,Not Given,South Korea,2016,TV-Y,2021,9,,2.0,Kids' Tv
TV SHOW,Bunk'd,Not Given,United States,2021,TV-G,2021,9,,5.0,Kids' Tv
TV SHOW,Dive Club,Not Given,Australia,2021,TV-G,2021,9,,1.0,Kids' Tv
TV SHOW,La casa de papel,Not Given,Spain,2021,TV-MA,2021,9,,5.0,Crime Tv Shows
TV SHOW,Sharkdog,Not Given,United States,2021,TV-Y,2021,9,,1.0,Kids' Tv
TV SHOW,Heroes of Goo Jit Zu,Not Given,Australia,2021,TV-Y7,2021,9,,1.0,Kids' Tv
TV SHOW,Pororo - The Little Penguin,Not Given,South Korea,2013,TV-Y7,2021,9,,3.0,Kids' Tv
TV SHOW,Q-Force,Not Given,United States,2021,TV-MA,2021,9,,1.0,Crime Tv Shows
TV SHOW,Kid-E-Cats,Not Given,Russia,2016,TV-Y,2021,9,,2.0,Kids' Tv
TV SHOW,Kuroko's Basketball,Not Given,Japan,2015,TV-MA,2021,9,,3.0,Anime Series
TV SHOW,Major Dad,Not Given,United States,1992,TV-PG,2021,9,,4.0,Tv Comedies
TV SHOW,Sparking Joy,Not Given,United States,2021,TV-PG,2021,8,,1.0,Reality Tv
TV SHOW,D.P.,Not Given,South Korea,2021,TV-MA,2021,8,,1.0,International Tv Shows
TV SHOW,Rebellion,Not Given,Ireland,2016,TV-MA,2021,8,,2.0,International Tv Shows
TV SHOW,Luv Kushh,Not Given,Pakistan,2012,TV-Y7,2021,9,,1.0,Kids' Tv
TV SHOW,EDENS ZERO,Not Given,Japan,2021,TV-14,2021,8,,1.0,Anime Series
TV SHOW,Family Reunion,Not Given,United States,2021,TV-PG,2021,8,,4.0,Kids' Tv
TV SHOW,Wheel of Fortune,Not Given,United States,2019,TV-G,2021,8,,3.0,Reality Tv
TV SHOW,Manifest,Not Given,United States,2021,TV-14,2021,8,,3.0,Tv Dramas
TV SHOW,Go! Go! Cory Carson,Not Given,United States,2021,TV-Y,2021,8,,5.0,Kids' Tv
TV SHOW,Mother Goose Club,Not Given,United States,2016,TV-Y,2021,8,,2.0,Kids' Tv
TV SHOW,Rascal Does Not Dream of Bunny Girl Senpai,Not Given,Japan,2018,TV-14,2021,8,,1.0,Anime Series
TV SHOW,The Creative Indians,Not Given,India,2020,TV-MA,2021,8,,1.0,Docuseries
TV SHOW,Winx Club,Not Given,Italy,2015,TV-Y7,2021,8,,2.0,Kids' Tv
TV SHOW,Brand New Cherry Flavor,Not Given,United States,2021,TV-MA,2021,8,,1.0,Tv Dramas
TV SHOW,Oggy Oggy,Not Given,Pakistan,2021,TV-Y,2021,8,,1.0,Kids' Tv
TV SHOW,Fast & Furious Spy Racers,Not Given,United States,2021,TV-Y7,2021,8,,5.0,Kids' Tv
TV SHOW,Grace and Frankie,Not Given,United States,2021,TV-MA,2021,8,,7.0,Tv Comedies
TV SHOW,The Kingdom,Not Given,Argentina,2021,TV-MA,2021,8,,1.0,Crime Tv Shows
TV SHOW,AlRawabi School for Girls,Not Given,Jordan,2021,TV-14,2021,8,,1.0,International Tv Shows
TV SHOW,Bake Squad,Not Given,United States,2021,TV-PG,2021,8,,1.0,Reality Tv
TV SHOW,Gabby's Dollhouse,Not Given,United States,2021,TV-Y,2021,8,,2.0,Kids' Tv
TV SHOW,Las muñecas de la mafia,Not Given,Colombia,2018,TV-MA,2021,8,,1.0,Crime Tv Shows
TV SHOW,The Crowned Clown,Not Given,South Korea,2019,TV-14,2021,8,,1.0,International Tv Shows
TV SHOW,SHAMAN KING,Not Given,Japan,2021,TV-14,2021,8,,1.0,Anime Series
TV SHOW,Hit & Run,Not Given,Israel,2021,TV-MA,2021,8,,1.0,Tv Action & Adventure
TV SHOW,Control Z,Not Given,Mexico,2021,TV-MA,2021,8,,2.0,International Tv Shows
TV SHOW,Cooking With Paris,Not Given,United States,2021,TV-MA,2021,8,,1.0,Reality Tv
TV SHOW,Autumn's Concerto,Not Given,Taiwan,2009,TV-14,2021,8,,1.0,International Tv Shows
TV SHOW,The Prince Who Turns into a Frog,Not Given,Taiwan,2005,TV-14,2021,8,,1.0,International Tv Shows
TV SHOW,Two Fathers,Not Given,Taiwan,2013,TV-14,2021,8,,1.0,International Tv Shows
TV SHOW,You're My Destiny,Not Given,Taiwan,2008,TV-MA,2021,8,,1.0,International Tv Shows
TV SHOW,30 Rock,Not Given,United States,2012,TV-14,2021,8,,7.0,Tv Comedies
TV SHOW,Hunter X Hunter (2011),Not Given,Japan,2014,TV-14,2021,8,,6.0,Anime Series
TV SHOW,Charmed,Not Given,United States,2021,TV-14,2021,7,,3.0,Tv Dramas
TV SHOW,Glow Up,Not Given,United Kingdom,2021,TV-14,2021,7,,3.0,British Tv Shows
TV SHOW,Outer Banks,Not Given,United States,2021,TV-MA,2021,7,,2.0,Tv Action & Adventure
TV SHOW,All American,Not Given,United States,2021,TV-14,2021,7,,3.0,Tv Dramas
TV SHOW,How to Sell Drugs Online (Fast),Not Given,Germany,2021,TV-MA,2021,7,,3.0,Crime Tv Shows
TV SHOW,Mighty Express,Not Given,United States,2021,TV-Y,2021,7,,4.0,Kids' Tv
TV SHOW,The Walking Dead,Not Given,United States,2019,TV-MA,2021,7,,10.0,Classic & Cult Tv
TV SHOW,Wynonna Earp,Not Given,Canada,2020,TV-MA,2021,7,,4.0,International Tv Shows
TV SHOW,Darwin’s Game,Not Given,Pakistan,2020,TV-MA,2021,8,,1.0,Anime Series
TV SHOW,Sky Rojo,Not Given,Spain,2021,TV-MA,2021,7,,2.0,International Tv Shows
TV SHOW,The Movies That Made Us,Not Given,United States,2021,TV-MA,2021,7,,2.0,Docuseries
TV SHOW,Chicago Med,Not Given,United States,2019,TV-14,2021,7,,5.0,Tv Dramas
TV SHOW,Okupas,Not Given,Argentina,2020,TV-MA,2021,7,,1.0,Classic & Cult Tv
TV SHOW,Explained,Not Given,United States,2021,TV-MA,2021,7,,3.0,Docuseries
TV SHOW,Johnny Test,Not Given,United States,2021,TV-Y7,2021,7,,1.0,Kids' Tv
TV SHOW,BEASTARS,Not Given,Japan,2021,TV-MA,2021,7,,2.0,Anime Series
TV SHOW,Her Private Life,Not Given,South Korea,2019,TV-14,2021,7,,1.0,International Tv Shows
TV SHOW,Never Have I Ever,Not Given,United States,2021,TV-14,2021,7,,2.0,Tv Comedies
TV SHOW,Ridley Jones,Not Given,United States,2021,TV-Y,2021,7,,1.0,Kids' Tv
TV SHOW,Atypical,Not Given,United States,2021,TV-14,2021,7,,4.0,Tv Comedies
TV SHOW,Biohackers,Not Given,Germany,2021,TV-MA,2021,7,,2.0,International Tv Shows
TV SHOW,Masters of the Universe: Revelation,Not Given,Pakistan,2021,TV-PG,2021,7,,1.0,Tv Action & Adventure
TV SHOW,Virgin River,Not Given,United States,2021,TV-14,2021,7,,3.0,Romantic Tv Shows
TV SHOW,RESIDENT EVIL: Infinite Darkness,Not Given,United States,2021,TV-MA,2021,7,,1.0,Anime Series
TV SHOW,Dogs,Not Given,United States,2021,TV-PG,2021,7,,2.0,Docuseries
TV SHOW,Ask the StoryBots,Not Given,United States,2019,TV-Y,2021,7,,3.0,Kids' Tv
TV SHOW,Between,Not Given,Canada,2016,TV-14,2021,7,,2.0,International Tv Shows
TV SHOW,Chelsea,Not Given,United States,2017,TV-MA,2021,7,,2.0,Stand-Up Comedy & Talk Shows
TV SHOW,Code Lyoko,Not Given,France,2007,TV-Y7,2021,7,,4.0,Kids' Tv
TV SHOW,Colony,Not Given,United States,2018,TV-14,2021,7,,3.0,Tv Action & Adventure
TV SHOW,Cuckoo,Not Given,United Kingdom,2019,TV-MA,2021,7,,5.0,British Tv Shows
TV SHOW,Derry Girls,Not Given,United Kingdom,2019,TV-MA,2021,7,,2.0,British Tv Shows
TV SHOW,Shtisel,Not Given,Israel,2021,TV-14,2021,7,,3.0,International Tv Shows
TV SHOW,Girl from Nowhere,Not Given,Thailand,2021,TV-MA,2021,7,,2.0,International Tv Shows
TV SHOW,Good Morning Call,Not Given,Japan,2017,TV-14,2021,7,,2.0,International Tv Shows
TV SHOW,I AM A KILLER,Not Given,United Kingdom,2020,TV-MA,2021,7,,2.0,British Tv Shows
MOVIE,Last Summer,Not Given,Pakistan,2021,TV-MA,2021,7,102.0,,Dramas
TV SHOW,I Think You Should Leave with Tim Robinson,Not Given,United States,2021,TV-MA,2021,7,,2.0,Tv Comedies
TV SHOW,Kim's Convenience,Not Given,Canada,2021,TV-MA,2021,7,,5.0,International Tv Shows
TV SHOW,Larva,Not Given,Russia,2015,TV-Y7,2021,7,,3.0,Kids' Tv
TV SHOW,Marcella,Not Given,United Kingdom,2019,TV-MA,2021,7,,3.0,British Tv Shows
TV SHOW,Midnight Diner: Tokyo Stories,Not Given,Japan,2019,TV-MA,2021,7,,2.0,International Tv Shows
TV SHOW,My Little Pony: Friendship Is Magic,Not Given,United States,2018,TV-Y,2021,7,,8.0,Kids' Tv
TV SHOW,Orange Is the New Black,Not Given,United States,2019,TV-MA,2021,7,,7.0,Tv Comedies
TV SHOW,Puffin Rock,Not Given,Ireland,2016,TV-Y,2021,7,,2.0,Kids' Tv
TV SHOW,Richie Rich,Not Given,United States,2015,TV-G,2021,7,,2.0,Kids' Tv
TV SHOW,Scream,Not Given,United States,2019,TV-MA,2021,7,,3.0,Crime Tv Shows
TV SHOW,Rainbow Rangers,Not Given,United States,2018,TV-Y,2021,7,,1.0,Kids' Tv
TV SHOW,Some Assembly Required,Not Given,Canada,2015,TV-Y,2021,7,,2.0,Kids' Tv
TV SHOW,Tales by Light,Not Given,Australia,2018,TV-14,2021,7,,3.0,Docuseries
TV SHOW,Terrace House: Opening New Doors,Not Given,Japan,2018,TV-14,2021,7,,6.0,International Tv Shows
TV SHOW,The A List,Not Given,United Kingdom,2021,TV-PG,2021,7,,2.0,British Tv Shows
TV SHOW,The New Legends of Monkey,Not Given,Australia,2020,TV-PG,2021,7,,2.0,Kids' Tv
TV SHOW,The Worst Witch,Not Given,United Kingdom,2020,TV-G,2021,7,,4.0,British Tv Shows
TV SHOW,Undercover,Not Given,Belgium,2020,TV-MA,2021,7,,2.0,Crime Tv Shows
TV SHOW,Workin' Moms,Not Given,Canada,2021,TV-MA,2021,7,,5.0,International Tv Shows
TV SHOW,YooHoo to the Rescue,Not Given,South Korea,2020,TV-Y,2021,7,,3.0,Kids' Tv
TV SHOW,We the People,Not Given,United States,2021,TV-Y7,2021,7,,1.0,Kids' Tv
TV SHOW,Grey's Anatomy,Not Given,United States,2020,TV-14,2021,7,,17.0,Romantic Tv Shows
TV SHOW,Mortel,Not Given,France,2019,TV-MA,2021,7,,2.0,Crime Tv Shows
TV SHOW,Bureau of Magical Things,Not Given,Australia,2020,TV-G,2021,7,,1.0,International Tv Shows
TV SHOW,Young Royals,Not Given,Sweden,2021,TV-MA,2021,7,,1.0,International Tv Shows
TV SHOW,Droppin' Cash: Los Angeles,Not Given,United States,2019,TV-MA,2021,6,,1.0,Reality Tv
TV SHOW,Somos.,Not Given,Mexico,2021,TV-MA,2021,6,,1.0,Crime Tv Shows
TV SHOW,The Daily Life of the Immortal King,Not Given,China,2020,TV-14,2021,6,,1.0,Anime Series
TV SHOW,StarBeam,Not Given,United States,2021,TV-Y,2021,6,,4.0,Kids' Tv
TV SHOW,The Seven Deadly Sins,Not Given,Japan,2021,TV-14,2021,6,,5.0,Anime Series
TV SHOW,Sex/Life,Not Given,United States,2021,TV-MA,2021,6,,1.0,Romantic Tv Shows
TV SHOW,You Are My Spring,Not Given,Pakistan,2021,TV-14,2021,7,,1.0,International Tv Shows
TV SHOW,The Naked Director,Not Given,Japan,2021,TV-MA,2021,6,,2.0,International Tv Shows
TV SHOW,Too Hot to Handle,Not Given,United States,2021,TV-MA,2021,6,,2.0,Reality Tv
TV SHOW,The Mole,Not Given,United States,2001,TV-14,2021,6,,2.0,Reality Tv
TV SHOW,Bangkok Love Stories: Innocence,Not Given,Thailand,2018,TV-14,2021,6,,1.0,International Tv Shows
TV SHOW,Black Lightning,Not Given,United States,2021,TV-14,2021,6,,4.0,Tv Action & Adventure
TV SHOW,Call My Agent!,Not Given,France,2018,TV-MA,2021,6,,4.0,International Tv Shows
TV SHOW,Champions,Not Given,United States,2018,TV-14,2021,6,,1.0,Tv Comedies
TV SHOW,Deadwind,Not Given,Finland,2020,TV-MA,2021,6,,2.0,Crime Tv Shows
TV SHOW,Glee,Not Given,United States,2015,TV-14,2021,6,,6.0,Tv Comedies
TV SHOW,Hap and Leonard,Not Given,United States,2018,TV-MA,2021,6,,3.0,Crime Tv Shows
TV SHOW,Locked Up,Not Given,Spain,2020,TV-MA,2021,6,,5.0,Crime Tv Shows
TV SHOW,No Time for Shame,Not Given,Argentina,2019,TV-MA,2021,6,,1.0,International Tv Shows
TV SHOW,Jiva!,Not Given,Pakistan,2021,TV-MA,2021,6,,1.0,International Tv Shows
TV SHOW,Pose,Not Given,United States,2019,TV-MA,2021,6,,2.0,Tv Dramas
TV SHOW,REA(L)OVE,Not Given,Japan,2018,TV-MA,2021,6,,1.0,International Tv Shows
TV SHOW,Schitt's Creek,Not Given,Canada,2020,TV-MA,2021,6,,6.0,Tv Comedies
TV SHOW,The Assassination of Gianni Versace,Not Given,United States,2018,TV-MA,2021,6,,1.0,Crime Tv Shows
TV SHOW,The Judgement,Not Given,Thailand,2018,TV-MA,2021,6,,1.0,Crime Tv Shows
TV SHOW,The Last Dance,Not Given,United States,2020,TV-MA,2021,6,,1.0,Docuseries
TV SHOW,Why Are You Like This,Not Given,Australia,2021,TV-MA,2021,6,,1.0,International Tv Shows
TV SHOW,Elite,Not Given,Spain,2021,TV-MA,2021,6,,4.0,Crime Tv Shows
TV SHOW,Hospital Playlist,Not Given,South Korea,2021,TV-14,2021,6,,2.0,International Tv Shows
TV SHOW,Black Summer,Not Given,Canada,2021,TV-MA,2021,6,,2.0,Tv Action & Adventure
TV SHOW,Katla,Not Given,Iceland,2021,TV-MA,2021,6,,1.0,International Tv Shows
TV SHOW,The Gift,Not Given,Turkey,2021,TV-MA,2021,6,,3.0,International Tv Shows
TV SHOW,Millennials,Not Given,Argentina,2020,TV-MA,2021,6,,3.0,International Tv Shows
TV SHOW,Avengers Climate Conundrum,Not Given,United States,2020,TV-Y7,2021,6,,1.0,Kids' Tv
TV SHOW,So Not Worth It,Not Given,Pakistan,2021,TV-14,2021,6,,1.0,International Tv Shows
TV SHOW,Love (ft. Marriage and Divorce),Not Given,South Korea,2021,TV-14,2021,6,,2.0,International Tv Shows
TV SHOW,LEGO Friends: The Power of Friendship,Not Given,Denmark,2016,TV-Y7,2021,6,,2.0,Kids' Tv
TV SHOW,Lupin,Not Given,France,2021,TV-MA,2021,6,,2.0,Crime Tv Shows
TV SHOW,Locombianos,Not Given,Colombia,2021,TV-MA,2021,6,,1.0,International Tv Shows
TV SHOW,"Fresh, Fried & Crispy",Not Given,United States,2021,TV-PG,2021,6,,1.0,Reality Tv
TV SHOW,L.A.’s Finest,Not Given,United States,2021,TV-MA,2021,6,,2.0,Crime Tv Shows
TV SHOW,"Newly Rich, Newly Poor",Not Given,Colombia,2007,TV-MA,2021,6,,1.0,International Tv Shows
MOVIE,Kitty Love: An Homage to Cats,Not Given,Netherlands,2021,TV-G,2021,6,61.0,,Children & Family Movies
TV SHOW,Sweet Tooth,Not Given,United States,2021,TV-14,2021,6,,1.0,Tv Action & Adventure
TV SHOW,Creator's File: GOLD,Not Given,Japan,2021,TV-14,2021,6,,1.0,International Tv Shows
TV SHOW,Summertime,Not Given,Italy,2021,TV-MA,2021,6,,2.0,International Tv Shows
TV SHOW,Attack on Titan,Not Given,Japan,2013,TV-MA,2021,6,,1.0,Anime Series
TV SHOW,Ben & Holly's Little Kingdom,Not Given,United Kingdom,2019,TV-Y,2021,6,,2.0,Kids' Tv
TV SHOW,Cocomelon,Not Given,United States,2021,TV-Y,2021,6,,3.0,Kids' Tv
TV SHOW,Downton Abbey,Not Given,United Kingdom,2015,TV-14,2021,6,,6.0,British Tv Shows
TV SHOW,Happy Endings,Not Given,United States,2012,TV-14,2021,6,,3.0,Tv Comedies
TV SHOW,The Adventures of Sonic the Hedgehog,Not Given,United States,1993,TV-Y7,2021,6,,1.0,Kids' Tv
TV SHOW,Alma Matters,Not Given,India,2021,TV-MA,2021,5,,1.0,Docuseries
TV SHOW,The Platform,Not Given,United Arab Emirates,2021,TV-14,2021,6,,3.0,International Tv Shows
TV SHOW,Dirty John,Not Given,United States,2020,TV-MA,2021,5,,2.0,Crime Tv Shows
TV SHOW,The Kominsky Method,Not Given,United States,2021,TV-MA,2021,5,,3.0,Tv Comedies
TV SHOW,Black Space,Not Given,Israel,2021,TV-MA,2021,5,,1.0,Crime Tv Shows
TV SHOW,Ragnarok,Not Given,Norway,2021,TV-MA,2021,5,,2.0,International Tv Shows
TV SHOW,JoJo's Bizarre Adventure,Not Given,Japan,2016,TV-MA,2021,5,,3.0,Anime Series
TV SHOW,Master of None,Not Given,United States,2021,TV-MA,2021,5,,3.0,Tv Comedies
TV SHOW,Racket Boys,Not Given,Pakistan,2021,TV-14,2021,6,,1.0,International Tv Shows
TV SHOW,Eden,Not Given,Pakistan,2021,TV-PG,2021,5,,1.0,Anime Series
TV SHOW,Jurassic World Camp Cretaceous,Not Given,United States,2021,TV-Y7,2021,5,,3.0,Kids' Tv
TV SHOW,The Neighbor,Not Given,Spain,2021,TV-MA,2021,5,,2.0,International Tv Shows
TV SHOW,Special,Not Given,United States,2021,TV-MA,2021,5,,2.0,Tv Comedies
TV SHOW,The Magic School Bus,Not Given,Canada,1997,TV-Y,2021,5,,1.0,Kids' Tv
TV SHOW,Who Killed Sara?,Not Given,Mexico,2021,TV-MA,2021,5,,2.0,Crime Tv Shows
TV SHOW,Booba: Food Puzzle,Not Given,United Kingdom,2021,TV-Y,2021,5,,1.0,Kids' Tv
TV SHOW,Haunted,Not Given,United States,2021,TV-MA,2021,5,,3.0,Reality Tv
TV SHOW,"Love, Death & Robots",Not Given,United States,2021,TV-MA,2021,5,,2.0,Tv Action & Adventure
TV SHOW,Move to Heaven,Not Given,South Korea,2021,TV-MA,2021,5,,1.0,International Tv Shows
TV SHOW,Castlevania,Not Given,United States,2021,TV-MA,2021,5,,4.0,Anime Series
TV SHOW,The Upshaws,Not Given,United States,2021,TV-14,2021,5,,1.0,Tv Comedies
TV SHOW,Mine,Not Given,South Korea,2021,TV-14,2021,5,,1.0,International Tv Shows
TV SHOW,Jupiter's Legacy,Not Given,United States,2021,TV-MA,2021,5,,1.0,Tv Action & Adventure
TV SHOW,Lava Ka Dhaava,Not Given,India,2021,TV-PG,2021,5,,1.0,Reality Tv
TV SHOW,Selena: The Series,Not Given,Mexico,2020,TV-PG,2021,5,,2.0,Tv Dramas
TV SHOW,StartUp,Not Given,United States,2018,TV-MA,2021,5,,3.0,Crime Tv Shows
MOVIE,The Upshaws - The Afterparty,Not Given,Pakistan,2021,TV-14,2021,5,32.0,,Comedies
TV SHOW,Trash Truck,Not Given,Pakistan,2021,TV-Y,2021,5,,2.0,Kids' Tv
TV SHOW,Sexify,Not Given,Poland,2021,TV-MA,2021,4,,1.0,International Tv Shows
TV SHOW,Fatma,Not Given,Turkey,2021,TV-MA,2021,4,,1.0,International Tv Shows
TV SHOW,Zig & Sharko,Not Given,France,2019,TV-Y7,2021,2,,2.0,Kids' Tv
MOVIE,Shadow and Bone - The Afterparty,Not Given,United States,2021,TV-14,2021,4,33.0,,Action & Adventure
TV SHOW,PJ Masks,Not Given,France,2019,TV-Y,2021,4,,3.0,Kids' Tv
TV SHOW,Shadow and Bone,Not Given,United States,2021,TV-14,2021,4,,1.0,Tv Action & Adventure
TV SHOW,Zero,Not Given,Italy,2021,TV-MA,2021,4,,1.0,International Tv Shows
TV SHOW,Izzy's Koala World,Not Given,Australia,2021,TV-Y,2021,4,,2.0,Kids' Tv
MOVIE,Free to Play,Not Given,United States,2014,TV-14,2021,4,76.0,,Documentaries
TV SHOW,Luis Miguel - The Series,Not Given,Mexico,2021,TV-MA,2021,4,,2.0,International Tv Shows
TV SHOW,Love Naggers,Not Given,South Korea,2021,TV-14,2021,4,,1.0,International Tv Shows
TV SHOW,Durarara!!,Not Given,Japan,2016,TV-MA,2021,4,,1.0,Anime Series
TV SHOW,Gilmore Girls,Not Given,United States,2006,TV-14,2021,4,,7.0,Romantic Tv Shows
TV SHOW,High-Rise Invasion,Not Given,Japan,2021,TV-MA,2021,4,,1.0,Anime Series
TV SHOW,Next in Fashion,Not Given,United States,2020,TV-14,2021,4,,1.0,Reality Tv
TV SHOW,Peasants Rebellion,Not Given,Lebanon,2018,TV-14,2021,4,,1.0,International Tv Shows
TV SHOW,Power Players,Not Given,United States,2020,TV-Y,2021,4,,3.0,Kids' Tv
TV SHOW,Ricky Zoom,Not Given,China,2019,TV-Y,2021,4,,1.0,British Tv Shows
TV SHOW,Sonic X,Not Given,Japan,2003,TV-Y7,2021,4,,2.0,Anime Series
TV SHOW,Dad Stop Embarrassing Me!,Not Given,United States,2021,TV-14,2021,4,,1.0,Tv Comedies
TV SHOW,Fate: The Winx Saga,Not Given,Italy,2021,TV-MA,2021,4,,1.0,British Tv Shows
TV SHOW,House of Cards,Not Given,United States,2018,TV-MA,2021,4,,6.0,Tv Dramas
TV SHOW,Indian Matchmaking,Not Given,United States,2020,TV-14,2021,4,,1.0,Reality Tv
TV SHOW,Jeffrey Epstein: Filthy Rich,Not Given,United States,2020,TV-MA,2021,4,,1.0,Crime Tv Shows
TV SHOW,Law School,Not Given,South Korea,2021,TV-14,2021,4,,1.0,Crime Tv Shows
TV SHOW,Living with Yourself,Not Given,United States,2019,TV-MA,2021,4,,1.0,Tv Comedies
TV SHOW,Signal,Not Given,South Korea,2016,TV-MA,2021,4,,1.0,Crime Tv Shows
TV SHOW,Slasher,Not Given,Canada,2019,TV-MA,2021,4,,3.0,Tv Horror
TV SHOW,Ajaibnya Cinta,Not Given,Pakistan,2015,TV-PG,2021,4,,1.0,International Tv Shows
TV SHOW,Unnatural Selection,Not Given,United States,2019,TV-MA,2021,4,,1.0,Docuseries
TV SHOW,The Baker and the Beauty,Not Given,Israel,2020,TV-PG,2021,4,,1.0,Romantic Tv Shows
TV SHOW,"Nicky, Ricky, Dicky & Dawn",Not Given,United States,2018,TV-G,2021,4,,4.0,Kids' Tv
TV SHOW,Heaven Official's Blessing,Not Given,China,2020,TV-14,2021,4,,1.0,Anime Series
TV SHOW,The Way of the Househusband,Not Given,Japan,2021,TV-MA,2021,4,,1.0,Anime Series
TV SHOW,The Big Day,Not Given,India,2021,TV-14,2021,4,,2.0,International Tv Shows
TV SHOW,Magical Andes,Not Given,Uruguay,2021,TV-G,2021,4,,2.0,Docuseries
TV SHOW,Murder Maps,Not Given,United Kingdom,2017,TV-MA,2021,4,,2.0,British Tv Shows
TV SHOW,Prank Encounters,Not Given,United States,2021,TV-MA,2021,4,,2.0,Reality Tv
TV SHOW,Secrets of Great British Castles,Not Given,United Kingdom,2016,TV-PG,2021,4,,2.0,British Tv Shows
TV SHOW,Worn Stories,Not Given,United States,2021,TV-MA,2021,4,,1.0,Docuseries
TV SHOW,Robocar Poli,Not Given,South Korea,2015,TV-Y,2021,3,,2.0,Kids' Tv
TV SHOW,Yu-Gi-Oh!,Not Given,Japan,2005,TV-Y7,2021,3,,1.0,Anime Series
TV SHOW,Rainbow High,Not Given,United States,2020,TV-Y,2021,3,,1.0,Kids' Tv
MOVIE,Bad Trip,Not Given,United States,2021,TV-MA,2021,3,87.0,,Comedies
TV SHOW,Big Time Rush,Not Given,United States,2013,TV-G,2021,3,,4.0,Kids' Tv
MOVIE,Elizabeth and Margaret: Love and Loyalty,Not Given,United Kingdom,2020,TV-PG,2021,3,87.0,,Documentaries
TV SHOW,Magic for Humans Spain,Not Given,Spain,2021,TV-MA,2021,3,,1.0,International Tv Shows
TV SHOW,Ink Master,Not Given,United States,2012,TV-14,2020,12,,2.0,Reality Tv
TV SHOW,The Irregulars,Not Given,United Kingdom,2021,TV-14,2021,3,,1.0,British Tv Shows
TV SHOW,DOTA: Dragon's Blood,Not Given,United States,2021,TV-MA,2021,3,,1.0,Anime Series
TV SHOW,Pui Pui Molcar,Not Given,Japan,2021,TV-Y7,2021,3,,1.0,Kids' Tv
TV SHOW,Navillera,Not Given,South Korea,2021,TV-14,2021,3,,1.0,International Tv Shows
TV SHOW,Mighty Morphin Power Rangers,Not Given,United States,2010,TV-Y7,2021,3,,4.0,Kids' Tv
TV SHOW,Country Comfort,Not Given,United States,2021,TV-PG,2021,3,,1.0,Tv Comedies
TV SHOW,Formula 1: Drive to Survive,Not Given,United Kingdom,2021,TV-MA,2021,3,,3.0,Docuseries
TV SHOW,B: The Beginning,Not Given,Japan,2021,TV-MA,2021,3,,2.0,Anime Series
TV SHOW,Waffles + Mochi,Not Given,United States,2021,TV-Y,2021,3,,1.0,Kids' Tv
TV SHOW,Abla Fahita: Drama Queen,Not Given,Egypt,2021,TV-14,2021,3,,1.0,Crime Tv Shows
TV SHOW,The Lost Pirate Kingdom,Not Given,United States,2021,TV-MA,2021,3,,1.0,Docuseries
TV SHOW,Zero Chill,Not Given,United Kingdom,2021,TV-G,2021,3,,1.0,British Tv Shows
TV SHOW,Love Alarm,Not Given,South Korea,2021,TV-MA,2021,3,,2.0,International Tv Shows
TV SHOW,Henry Danger,Not Given,United States,2016,TV-G,2021,1,,3.0,Kids' Tv
TV SHOW,Paradise PD,Not Given,United States,2021,TV-MA,2021,3,,3.0,Tv Comedies
TV SHOW,The One,Not Given,United Kingdom,2021,TV-MA,2021,3,,1.0,British Tv Shows
TV SHOW,The Houseboat,Not Given,Germany,2021,TV-14,2021,3,,1.0,Docuseries
TV SHOW,Bombay Begums,Not Given,India,2021,TV-MA,2021,3,,1.0,International Tv Shows
TV SHOW,My Way,Not Given,Egypt,2015,TV-14,2021,3,,1.0,International Tv Shows
TV SHOW,City of Ghosts,Not Given,United States,2021,TV-Y7,2021,3,,1.0,Kids' Tv
TV SHOW,Pacific Rim: The Black,Not Given,United States,2021,TV-14,2021,3,,1.0,Anime Series
TV SHOW,Word Party,Not Given,United States,2021,TV-Y,2021,3,,5.0,Kids' Tv
TV SHOW,Good Girls,Not Given,United States,2020,TV-MA,2021,2,,3.0,Crime Tv Shows
TV SHOW,TIGER & BUNNY,Not Given,Japan,2011,TV-14,2021,2,,1.0,Anime Series
TV SHOW,El final del paraíso,Not Given,United States,2019,TV-MA,2021,2,,1.0,Crime Tv Shows
TV SHOW,Sin senos sí hay paraíso,Not Given,United States,2018,TV-MA,2021,2,,3.0,International Tv Shows
TV SHOW,Age of Samurai: Battle for Japan,Not Given,United States,2021,TV-MA,2021,2,,1.0,Docuseries
TV SHOW,Canine Intervention,Not Given,United States,2021,TV-PG,2021,2,,1.0,Reality Tv
TV SHOW,Ginny & Georgia,Not Given,United States,2021,TV-14,2021,2,,1.0,Romantic Tv Shows
TV SHOW,Two Sentence Horror Stories,Not Given,United States,2021,TV-14,2021,2,,2.0,Tv Horror
TV SHOW,Zindagi in Short,Not Given,India,2020,TV-MA,2021,2,,1.0,International Tv Shows
TV SHOW,Vincenzo,Not Given,South Korea,2021,TV-14,2021,2,,1.0,International Tv Shows
TV SHOW,America's Next Top Model,Not Given,United States,2013,TV-14,2020,11,,2.0,Reality Tv
MOVIE,Fate: The Winx Saga - The Afterparty,Not Given,United Kingdom,2021,TV-14,2021,2,36.0,,Comedies
TV SHOW,Tribes of Europa,Not Given,Germany,2021,TV-MA,2021,2,,1.0,International Tv Shows
TV SHOW,"Hello, Me!",Not Given,South Korea,2021,TV-14,2021,2,,1.0,International Tv Shows
TV SHOW,Sisyphus,Not Given,South Korea,2021,TV-14,2021,2,,1.0,International Tv Shows
TV SHOW,Amend: The Fight for America,Not Given,United States,2021,TV-MA,2021,2,,1.0,Docuseries
TV SHOW,Behind Her Eyes,Not Given,United Kingdom,2021,TV-MA,2021,2,,1.0,British Tv Shows
TV SHOW,MeatEater,Not Given,United States,2021,TV-14,2021,2,,4.0,Docuseries
TV SHOW,The Crew,Not Given,United States,2021,TV-14,2021,2,,1.0,Tv Comedies
TV SHOW,Buried by the Bernards,Not Given,United States,2021,TV-14,2021,2,,1.0,Reality Tv
TV SHOW,Nadiya Bakes,Not Given,United Kingdom,2021,TV-G,2021,2,,1.0,British Tv Shows
TV SHOW,Capitani,Not Given,Luxembourg,2019,TV-MA,2021,2,,1.0,Crime Tv Shows
TV SHOW,El Chema,Not Given,Mexico,2016,TV-MA,2021,2,,1.0,Crime Tv Shows
TV SHOW,Five Came Back: The Reference Films,Not Given,United States,1945,TV-MA,2021,2,,1.0,Tv Shows
TV SHOW,ICarly,Not Given,United States,2008,TV-G,2021,2,,2.0,Kids' Tv
TV SHOW,The Sinner,Not Given,United States,2020,TV-MA,2021,2,,3.0,Crime Tv Shows
TV SHOW,Hache,Not Given,Spain,2021,TV-MA,2021,2,,2.0,Crime Tv Shows
TV SHOW,Invisible City,Not Given,Brazil,2021,TV-MA,2021,2,,1.0,Crime Tv Shows
TV SHOW,Deaf U,Not Given,United States,2020,TV-MA,2020,10,,1.0,Docuseries
TV SHOW,Firefly Lane,Not Given,United States,2021,TV-MA,2021,2,,1.0,Romantic Tv Shows
TV SHOW,"Pablo Escobar, el patrón del mal",Not Given,Colombia,2012,TV-MA,2021,2,,1.0,Crime Tv Shows
TV SHOW,Power Rangers Ninja Steel,Not Given,United States,2018,TV-Y7,2021,2,,2.0,Kids' Tv
TV SHOW,Tiffany Haddish Presents: They Ready,Not Given,United States,2021,TV-MA,2021,2,,2.0,Stand-Up Comedy & Talk Shows
TV SHOW,Heartland,Not Given,Canada,2019,TV-14,2021,2,,13.0,Tv Dramas
TV SHOW,Love Daily,Not Given,United States,2018,TV-14,2021,2,,1.0,Romantic Tv Shows
TV SHOW,My Dead Ex,Not Given,United States,2018,TV-14,2021,2,,1.0,Tv Comedies
TV SHOW,The Unsettling,Not Given,United States,2019,TV-14,2021,2,,1.0,Tv Horror
TV SHOW,Total Drama,Not Given,Canada,2015,TV-PG,2021,2,,7.0,Kids' Tv
TV SHOW,Zac and Mia,Not Given,United States,2019,TV-14,2021,2,,2.0,Romantic Tv Shows
TV SHOW,We Are: The Brooklyn Saints,Not Given,United States,2021,TV-14,2021,1,,1.0,Docuseries
TV SHOW,50M2,Not Given,Turkey,2021,TV-MA,2021,1,,1.0,International Tv Shows
TV SHOW,BONDING,Not Given,United States,2021,TV-MA,2021,1,,2.0,Tv Comedies
TV SHOW,Outlander,Not Given,United States,2018,TV-MA,2021,1,,4.0,Romantic Tv Shows
TV SHOW,Go Dog Go,Not Given,United States,2021,TV-Y,2021,1,,1.0,Kids' Tv
TV SHOW,Blown Away,Not Given,Canada,2021,TV-14,2021,1,,2.0,International Tv Shows
TV SHOW,Busted!,Not Given,South Korea,2021,TV-14,2021,1,,3.0,Crime Tv Shows
TV SHOW,Demon Slayer: Kimetsu no Yaiba,Not Given,Japan,2019,TV-14,2021,1,,1.0,Anime Series
TV SHOW,Octonauts,Not Given,United States,2015,TV-Y,2020,12,,4.0,British Tv Shows
TV SHOW,Daughter From Another Mother,Not Given,Mexico,2021,TV-MA,2021,1,,1.0,International Tv Shows
TV SHOW,Spycraft,Not Given,United States,2021,TV-MA,2021,1,,1.0,Docuseries
TV SHOW,Hello Ninja,Not Given,United States,2021,TV-Y,2021,1,,4.0,Kids' Tv
TV SHOW,Bling Empire,Not Given,United States,2021,TV-MA,2021,1,,1.0,Reality Tv
TV SHOW,Carmen Sandiego,Not Given,United States,2021,TV-Y7,2021,1,,4.0,Kids' Tv
TV SHOW,Disenchantment,Not Given,United States,2021,TV-14,2021,1,,3.0,Tv Action & Adventure
TV SHOW,The Magicians,Not Given,United States,2020,TV-MA,2021,1,,5.0,Tv Dramas
MOVIE,Creating The Queen's Gambit,Not Given,United States,2021,TV-14,2021,1,,,Documentaries
TV SHOW,Inside the World’s Toughest Prisons,Not Given,United Kingdom,2021,TV-MA,2021,1,,5.0,British Tv Shows
TV SHOW,Mighty Little Bheem: Kite Festival,Not Given,India,2021,TV-Y,2021,1,,1.0,Kids' Tv
TV SHOW,Pretend It’s a City,Not Given,United States,2021,TV-14,2021,1,,1.0,Docuseries
MOVIE,Stuck Apart,Not Given,Turkey,2021,TV-MA,2021,1,97.0,,Comedies
TV SHOW,Surviving Death,Not Given,United States,2021,TV-MA,2021,1,,1.0,Docuseries
TV SHOW,History of Swear Words,Not Given,United States,2021,TV-MA,2021,1,,1.0,Docuseries
TV SHOW,Nailed It! Mexico,Not Given,Mexico,2021,TV-PG,2021,1,,3.0,International Tv Shows
TV SHOW,QB1: Beyond the Lights,Not Given,United States,2019,TV-14,2021,1,,1.0,Docuseries
TV SHOW,Cobra Kai,Not Given,United States,2021,TV-14,2021,1,,3.0,Tv Action & Adventure
TV SHOW,Dream Home Makeover,Not Given,United States,2021,TV-G,2021,1,,2.0,Reality Tv
TV SHOW,Headspace Guide to Meditation,Not Given,United States,2021,TV-G,2021,1,,1.0,Docuseries
TV SHOW,Jenni Rivera: Mariposa de Barrio,Not Given,United States,2017,TV-MA,2021,1,,1.0,Spanish-Language Tv Shows
TV SHOW,Oddbods,Not Given,United Kingdom,2017,TV-Y,2020,12,,1.0,Kids' Tv
TV SHOW,Monarca,Not Given,Mexico,2021,TV-MA,2021,1,,2.0,International Tv Shows
TV SHOW,The Haunted Hathaways,Not Given,United States,2013,TV-G,2021,1,,2.0,Kids' Tv
MOVIE,The Minimalists: Less Is Now,Not Given,United States,2021,TV-14,2021,1,54.0,,Documentaries
TV SHOW,Chilling Adventures of Sabrina,Not Given,United States,2020,TV-14,2020,12,,4.0,Tv Horror
TV SHOW,Best Leftovers Ever!,Not Given,United States,2020,TV-G,2020,12,,1.0,Reality Tv
TV SHOW,Dare Me,Not Given,United States,2019,TV-MA,2020,12,,1.0,Crime Tv Shows
TV SHOW,Equinox,Not Given,Denmark,2020,TV-MA,2020,12,,1.0,International Tv Shows
TV SHOW,Still Game,Not Given,United Kingdom,2018,TV-14,2020,12,,9.0,British Tv Shows
TV SHOW,A Love So Beautiful,Not Given,South Korea,2020,TV-PG,2020,12,,1.0,International Tv Shows
TV SHOW,Sakho & Mangane,Not Given,Senegal,2019,TV-MA,2020,12,,1.0,Crime Tv Shows
TV SHOW,Regiment Diaries,Not Given,India,2020,TV-PG,2020,12,,2.0,Docuseries
TV SHOW,Bridgerton,Not Given,United States,2020,TV-MA,2020,12,,1.0,Romantic Tv Shows
TV SHOW,Lovestruck in the City,Not Given,South Korea,2020,TV-14,2020,12,,1.0,International Tv Shows
TV SHOW,Rhyme Time Town Singalongs,Not Given,United States,2020,TV-Y,2020,12,,1.0,Kids' Tv
TV SHOW,We Are the Champions,Not Given,United States,2020,TV-MA,2020,11,,1.0,Docuseries
TV SHOW,Shaun the Sheep,Not Given,United Kingdom,2016,TV-Y,2020,12,,2.0,British Tv Shows
TV SHOW,Timmy Time,Not Given,United Kingdom,2010,TV-Y,2020,12,,1.0,British Tv Shows
TV SHOW,Diamond City,Not Given,South Africa,2019,TV-MA,2020,12,,1.0,Crime Tv Shows
TV SHOW,Home for Christmas,Not Given,Norway,2020,TV-MA,2020,12,,2.0,International Tv Shows
TV SHOW,Morphle,Not Given,Netherlands,2020,TV-Y,2020,12,,2.0,British Tv Shows
TV SHOW,Run On,Not Given,South Korea,2020,TV-MA,2020,12,,1.0,International Tv Shows
TV SHOW,How To Ruin Christmas,Not Given,South Africa,2020,TV-MA,2020,12,,1.0,International Tv Shows
TV SHOW,Marvel Anime: Wolverine,Not Given,United States,2011,TV-14,2020,12,,1.0,Anime Series
TV SHOW,Marvel Anime: X-Men,Not Given,Japan,2011,TV-14,2020,12,,1.0,Anime Series
TV SHOW,Black Ink Crew New York,Not Given,United States,2014,TV-14,2020,12,,2.0,Reality Tv
TV SHOW,Pup Academy,Not Given,United States,2020,TV-Y,2020,12,,2.0,Kids' Tv
TV SHOW,Teen Mom 2,Not Given,United States,2011,TV-14,2020,12,,2.0,Reality Tv
TV SHOW,The Challenge,Not Given,United States,2006,TV-14,2020,12,,2.0,Reality Tv
TV SHOW,Hilda,Not Given,United Kingdom,2021,TV-Y7,2020,12,,2.0,Kids' Tv
TV SHOW,Tiny Pretty Things,Not Given,United States,2020,TV-MA,2020,12,,1.0,Tv Dramas
TV SHOW,Children of Adam,Not Given,Lebanon,2020,TV-14,2020,12,,1.0,International Tv Shows
TV SHOW,Grizzy et les Lemmings,Not Given,France,2018,TV-Y,2020,12,,2.0,Kids' Tv
TV SHOW,The Mess You Leave Behind,Not Given,Spain,2020,TV-MA,2020,12,,1.0,International Tv Shows
MOVIE,Ma Rainey's Black Bottom: A Legacy Brought to Screen,Not Given,Pakistan,2020,TV-PG,2020,12,32.0,,Documentaries
TV SHOW,Alice in Borderland,Not Given,Japan,2020,TV-MA,2020,12,,1.0,International Tv Shows
TV SHOW,Masameer Classics,Not Given,Saudi Arabia,2013,TV-14,2020,12,,4.0,International Tv Shows
TV SHOW,Once Upon a Time,Not Given,Egypt,2019,TV-14,2020,12,,1.0,International Tv Shows
TV SHOW,The Big Show Show,Not Given,United States,2020,TV-G,2020,12,,2.0,Kids' Tv
TV SHOW,The Expanding Universe of Ashley Garcia,Not Given,United States,2020,TV-PG,2020,12,,3.0,Kids' Tv
TV SHOW,The Surgeon's Cut,Not Given,United States,2020,TV-14,2020,12,,1.0,Docuseries
MOVIE,Emicida: AmarElo - It’s All For Yesterday,Not Given,Brazil,2020,TV-MA,2020,12,90.0,,Documentaries
TV SHOW,Juman,Not Given,Kuwait,2019,TV-PG,2020,12,,1.0,International Tv Shows
TV SHOW,Mr. Iglesias,Not Given,United States,2020,TV-14,2020,12,,3.0,Tv Comedies
TV SHOW,100 Days My Prince,Not Given,South Korea,2018,TV-14,2020,12,,1.0,International Tv Shows
TV SHOW,Bhaag Beanie Bhaag,Not Given,India,2020,TV-MA,2020,12,,1.0,International Tv Shows
TV SHOW,Big Mouth,Not Given,United States,2020,TV-MA,2020,12,,4.0,Tv Comedies
TV SHOW,Kings of Jo'Burg,Not Given,South Africa,2020,TV-MA,2020,12,,1.0,Crime Tv Shows
MOVIE,Leyla Everlasting,Not Given,Turkey,2020,TV-MA,2020,12,113.0,,Comedies
TV SHOW,Alien Worlds,Not Given,United Kingdom,2020,TV-PG,2020,12,,1.0,British Tv Shows
TV SHOW,Check The Store Next Door: The Next Chapter,Not Given,Indonesia,2020,TV-14,2020,12,,2.0,International Tv Shows
TV SHOW,Are You The One,Not Given,United States,2014,TV-14,2020,12,,2.0,Reality Tv
TV SHOW,Gormiti,Not Given,Spain,2018,TV-Y,2020,12,,1.0,Kids' Tv
TV SHOW,Stargate SG-1,Not Given,United States,2006,TV-MA,2020,12,,10.0,Classic & Cult Tv
TV SHOW,The Bachelorette,Not Given,United States,2010,TV-14,2020,12,,1.0,Reality Tv
TV SHOW,The Guest,Not Given,South Korea,2018,TV-14,2020,12,,1.0,International Tv Shows
TV SHOW,The Holiday Movies That Made Us,Not Given,United States,2020,TV-PG,2020,12,,1.0,Docuseries
TV SHOW,The Repair Shop,Not Given,United Kingdom,2018,TV-PG,2020,12,,1.0,British Tv Shows
TV SHOW,The Uncanny Counter,Not Given,South Korea,2020,TV-14,2020,11,,1.0,International Tv Shows
TV SHOW,Fabulous Lives of Bollywood Wives,Not Given,India,2020,TV-MA,2020,11,,1.0,International Tv Shows
TV SHOW,LEGO Ninjago,Not Given,Canada,2020,TV-Y7,2020,11,,2.0,Kids' Tv
TV SHOW,Heartbreak High,Not Given,Australia,1999,TV-14,2020,11,,7.0,International Tv Shows
TV SHOW,Over Christmas,Not Given,Germany,2020,TV-MA,2020,11,,1.0,International Tv Shows
TV SHOW,Sugar Rush Christmas,Not Given,United States,2020,TV-14,2020,11,,2.0,Reality Tv
TV SHOW,Great Pretender,Not Given,Japan,2020,TV-MA,2020,11,,2.0,Anime Series
TV SHOW,Valentino,Not Given,Egypt,2020,TV-14,2020,11,,1.0,International Tv Shows
TV SHOW,Strongest Deliveryman,Not Given,South Korea,2017,TV-MA,2020,11,,1.0,International Tv Shows
TV SHOW,Flavorful Origins,Not Given,China,2020,TV-G,2020,11,,3.0,Docuseries
TV SHOW,Mismatched,Not Given,India,2020,TV-MA,2020,11,,1.0,International Tv Shows
TV SHOW,Voices of Fire,Not Given,United States,2020,TV-PG,2020,11,,1.0,Docuseries
TV SHOW,Holiday Home Makeover with Mr. Christmas,Not Given,United States,2020,TV-G,2020,11,,1.0,Reality Tv
TV SHOW,The Boss Baby: Back in Business,Not Given,United States,2020,TV-Y7,2020,11,,4.0,Kids' Tv
TV SHOW,Beyblade Burst Rise,Not Given,Japan,2019,TV-Y,2020,11,,1.0,Anime Series
TV SHOW,Polly Pocket,Not Given,Canada,2021,TV-Y,2020,11,,2.0,Kids' Tv
TV SHOW,Survivor,Not Given,United States,2014,TV-14,2020,11,,2.0,Reality Tv
TV SHOW,The Crown,Not Given,United Kingdom,2020,TV-MA,2020,11,,4.0,British Tv Shows
TV SHOW,American Horror Story,Not Given,United States,2019,TV-MA,2020,11,,9.0,Tv Horror
TV SHOW,Ethos,Not Given,Turkey,2020,TV-MA,2020,11,,1.0,International Tv Shows
TV SHOW,Graceful Friends,Not Given,South Korea,2020,TV-MA,2020,11,,1.0,Crime Tv Shows
TV SHOW,Aunty Donna's Big Ol' House of Fun,Not Given,Australia,2020,TV-MA,2020,11,,1.0,Tv Comedies
TV SHOW,The Liberator,Not Given,United States,2020,TV-MA,2020,11,,1.0,Tv Action & Adventure
TV SHOW,Trial 4,Not Given,United States,2020,TV-MA,2020,11,,1.0,Crime Tv Shows
MOVIE,We Are All For The Fatherland,Not Given,Lebanon,1979,TV-14,2020,11,74.0,,Documentaries
TV SHOW,DASH & LILY,Not Given,United States,2020,TV-14,2020,11,,1.0,Romantic Tv Shows
TV SHOW,Bakugan: Battle Planet,Not Given,Japan,2018,TV-PG,2020,11,,1.0,Anime Series
TV SHOW,Country Ever After,Not Given,United States,2020,TV-PG,2020,11,,1.0,Reality Tv
TV SHOW,Wrong Kind of Black,Not Given,Australia,2018,TV-MA,2020,11,,1.0,International Tv Shows
TV SHOW,LEGO Jurassic World: Secret Exhibit,Not Given,United States,2018,TV-Y,2020,11,,1.0,Kids' Tv
TV SHOW,Paranormal,Not Given,Egypt,2020,TV-14,2020,11,,1.0,International Tv Shows
MOVIE,A Christmas Catch,Not Given,Canada,2018,TV-G,2020,11,87.0,,Dramas
TV SHOW,Bakugan: Armored Alliance,Not Given,Pakistan,2020,TV-Y7,2020,11,,1.0,Anime Series
TV SHOW,Love & Anarchy,Not Given,Sweden,2020,TV-MA,2020,11,,1.0,International Tv Shows
TV SHOW,Can You Hear Me?,Not Given,Canada,2020,TV-MA,2020,11,,2.0,International Tv Shows
TV SHOW,60 Days In,Not Given,United States,2019,TV-MA,2020,11,,1.0,Reality Tv
TV SHOW,Dawson's Creek,Not Given,United States,2002,TV-14,2020,11,,6.0,Romantic Tv Shows
TV SHOW,Forged in Fire,Not Given,United States,2019,TV-14,2020,11,,1.0,Reality Tv
TV SHOW,Leah Remini: Scientology and the Aftermath,Not Given,United States,2018,TV-14,2020,11,,3.0,Docuseries
TV SHOW,LEGO Jurassic World: Legend of Isla Nublar,Not Given,United States,2019,TV-Y,2020,11,,1.0,Kids' Tv
TV SHOW,Who Killed Malcolm X?,Not Given,United States,2020,TV-MA,2020,2,,1.0,Crime Tv Shows
TV SHOW,LEGO Ninjago: Masters of Spinjitzu,Not Given,Denmark,2019,TV-Y7,2020,11,,10.0,Kids' Tv
TV SHOW,LEGO: CITY Adventures,Not Given,United States,2019,TV-Y,2020,11,,1.0,Kids' Tv
TV SHOW,The Garfield Show,Not Given,France,2018,TV-Y,2020,11,,4.0,Kids' Tv
TV SHOW,The Good Detective,Not Given,South Korea,2020,TV-MA,2020,11,,1.0,Crime Tv Shows
TV SHOW,Voice,Not Given,South Korea,2018,TV-14,2020,11,,2.0,Crime Tv Shows
TV SHOW,Zumbo's Just Desserts,Not Given,Australia,2019,TV-PG,2020,10,,1.0,International Tv Shows
TV SHOW,Marvel's Agents of S.H.I.E.L.D.,Not Given,United States,2020,TV-14,2020,10,,7.0,Tv Action & Adventure
TV SHOW,Somebody Feed Phil,Not Given,United States,2020,TV-14,2020,10,,4.0,Docuseries
TV SHOW,Suburra: Blood on Rome,Not Given,Italy,2020,TV-MA,2020,10,,3.0,Crime Tv Shows
TV SHOW,Blood of Zeus,Not Given,United States,2020,TV-MA,2020,10,,1.0,Anime Series
MOVIE,Super Monsters: Dia de los Monsters,Not Given,Canada,2020,TV-Y,2020,10,,,Children & Family Movies
TV SHOW,Chico Bon Bon: Monkey with a Tool Belt,Not Given,United States,2020,TV-Y,2020,10,,4.0,Kids' Tv
TV SHOW,Barbarians,Not Given,Germany,2020,TV-MA,2020,10,,1.0,International Tv Shows
TV SHOW,Stolen Away,Not Given,Spain,2020,TV-MA,2020,10,,1.0,Crime Tv Shows
TV SHOW,The Queen's Gambit,Not Given,United States,2020,TV-MA,2020,10,,1.0,Tv Dramas
TV SHOW,My Next Guest Needs No Introduction With David Letterman,Not Given,United States,2020,TV-MA,2020,10,,3.0,Stand-Up Comedy & Talk Shows
TV SHOW,Start-Up,Not Given,South Korea,2020,TV-14,2020,10,,1.0,International Tv Shows
TV SHOW,Grand Army,Not Given,United States,2020,TV-MA,2020,10,,1.0,Tv Dramas
TV SHOW,La Révolution,Not Given,France,2020,TV-MA,2020,10,,1.0,International Tv Shows
TV SHOW,The Last Kids on Earth,Not Given,United States,2020,TV-Y7,2020,10,,3.0,Kids' Tv
TV SHOW,Fireman Sam,Not Given,United Kingdom,2018,TV-Y,2020,10,,4.0,British Tv Shows
TV SHOW,Half & Half,Not Given,United States,2005,TV-14,2020,10,,4.0,Tv Comedies
TV SHOW,One on One,Not Given,United States,2006,TV-14,2020,10,,5.0,Tv Comedies
TV SHOW,Power Rangers Beast Morphers,Not Given,United States,2020,TV-Y7,2020,10,,2.0,Kids' Tv
TV SHOW,Social Distance,Not Given,United States,2020,TV-MA,2020,10,,1.0,Tv Comedies
TV SHOW,The Cabin with Bert Kreischer,Not Given,United States,2020,TV-MA,2020,10,,1.0,Reality Tv
TV SHOW,Kipo and the Age of Wonderbeasts,Not Given,United States,2020,TV-Y7,2020,10,,3.0,Kids' Tv
TV SHOW,Unsolved Mysteries,Not Given,Pakistan,2020,TV-MA,2020,10,,2.0,Crime Tv Shows
TV SHOW,The Haunting of Bly Manor,Not Given,United States,2020,TV-MA,2020,10,,1.0,Tv Dramas
TV SHOW,Do Do Sol Sol La La Sol,Not Given,South Korea,2020,TV-14,2020,10,,1.0,International Tv Shows
TV SHOW,Private Lives,Not Given,South Korea,2020,TV-14,2020,10,,1.0,Crime Tv Shows
TV SHOW,The 100,Not Given,United States,2020,TV-MA,2020,10,,7.0,Tv Action & Adventure
TV SHOW,Bad Boy Billionaires: India,Not Given,India,2020,TV-14,2020,10,,1.0,British Tv Shows
TV SHOW,DreamWorks Happy Holidays from Madagascar,Not Given,United States,2005,TV-PG,2020,10,,1.0,Kids' Tv
TV SHOW,Emily in Paris,Not Given,United States,2020,TV-MA,2020,10,,1.0,Romantic Tv Shows
TV SHOW,H2O: Just Add Water,Not Given,Australia,2009,TV-PG,2020,10,,3.0,Kids' Tv
TV SHOW,Evil,Not Given,United States,2019,TV-14,2020,10,,1.0,Tv Dramas
TV SHOW,Familiar Wife,Not Given,South Korea,2018,TV-MA,2020,10,,1.0,International Tv Shows
TV SHOW,Food Wars!: Shokugeki no Soma,Not Given,Japan,2016,TV-MA,2020,10,,2.0,Anime Series
TV SHOW,"Good Morning, Verônica",Not Given,Brazil,2020,TV-MA,2020,10,,1.0,Crime Tv Shows
TV SHOW,Oktoberfest: Beer & Blood,Not Given,Germany,2020,TV-MA,2020,10,,1.0,International Tv Shows
TV SHOW,Secreto bien guardado,Not Given,Argentina,2019,TV-MA,2020,10,,1.0,International Tv Shows
TV SHOW,Sword Art Online,Not Given,Japan,2018,TV-MA,2020,10,,3.0,Anime Series
TV SHOW,The Parkers,Not Given,United States,2003,TV-PG,2020,10,,5.0,Tv Comedies
TV SHOW,The Unicorn,Not Given,United States,2019,TV-14,2020,10,,1.0,Tv Comedies
TV SHOW,You Cannot Hide,Not Given,Mexico,2020,TV-MA,2020,10,,1.0,Crime Tv Shows
TV SHOW,Black Butler,Not Given,Japan,2010,TV-MA,2020,9,,3.0,Anime Series
TV SHOW,Man with a Plan,Not Given,United States,2020,TV-PG,2020,9,,4.0,Tv Comedies
MOVIE,The Boys in the Band: Something Personal,Not Given,United States,2020,TV-MA,2020,9,,,Documentaries
TV SHOW,Wentworth,Not Given,Australia,2020,TV-MA,2020,9,,8.0,Crime Tv Shows
TV SHOW,"Whose Vote Counts, Explained",Not Given,United States,2020,TV-PG,2020,9,,1.0,Docuseries
TV SHOW,Van Helsing,Not Given,United States,2019,TV-MA,2020,9,,4.0,International Tv Shows
TV SHOW,The Good Place,Not Given,United States,2020,TV-14,2020,9,,4.0,Tv Comedies
TV SHOW,A Perfect Crime,Not Given,Germany,2020,TV-14,2020,9,,1.0,Crime Tv Shows
TV SHOW,Sneakerheads,Not Given,United States,2020,TV-MA,2020,9,,1.0,Tv Comedies
TV SHOW,The School Nurse Files,Not Given,South Korea,2020,TV-MA,2020,9,,1.0,International Tv Shows
TV SHOW,The Chef Show,Not Given,United States,2020,TV-MA,2020,9,,4.0,Docuseries
TV SHOW,The Playbook,Not Given,United States,2020,TV-MA,2020,9,,1.0,Docuseries
TV SHOW,Ratched,Not Given,United States,2020,TV-MA,2020,9,,1.0,Tv Dramas
TV SHOW,The American Barbecue Showdown,Not Given,United States,2020,TV-G,2020,9,,1.0,Reality Tv
TV SHOW,The Blacklist,Not Given,United States,2019,TV-14,2020,9,,7.0,Crime Tv Shows
MOVIE,Rising Phoenix,Not Given,United Kingdom,2020,PG-13,2020,8,107.0,,Documentaries
TV SHOW,The Last Word,Not Given,Germany,2020,TV-MA,2020,9,,1.0,International Tv Shows
TV SHOW,Baby,Not Given,Italy,2020,TV-MA,2020,9,,3.0,International Tv Shows
TV SHOW,Challenger,Not Given,United States,2020,TV-14,2020,9,,1.0,Docuseries
TV SHOW,Criminal: UK,Not Given,United Kingdom,2020,TV-MA,2020,9,,2.0,British Tv Shows
TV SHOW,Signs,Not Given,Poland,2020,TV-MA,2020,9,,2.0,Crime Tv Shows
TV SHOW,Sing On!,Not Given,United States,2020,TV-PG,2020,9,,1.0,Reality Tv
TV SHOW,Taco Chronicles,Not Given,United States,2020,TV-MA,2020,9,,2.0,Docuseries
TV SHOW,Buddi,Not Given,United Kingdom,2020,TV-Y,2020,9,,2.0,British Tv Shows
TV SHOW,Brews Brothers,Not Given,United States,2020,TV-MA,2020,4,,1.0,Tv Comedies
TV SHOW,Family Business,Not Given,France,2020,TV-MA,2020,9,,2.0,International Tv Shows
TV SHOW,Girlfriends,Not Given,United States,2007,TV-14,2020,9,,8.0,Tv Comedies
TV SHOW,The Barrier,Not Given,Spain,2020,TV-MA,2020,9,,1.0,International Tv Shows
TV SHOW,The Duchess,Not Given,United Kingdom,2020,TV-MA,2020,9,,1.0,British Tv Shows
TV SHOW,Greenleaf,Not Given,United States,2020,TV-14,2020,9,,5.0,Tv Dramas
MOVIE,LA Originals,Not Given,United States,2020,TV-MA,2020,4,92.0,,Documentaries
TV SHOW,Get Organized with The Home Edit,Not Given,United States,2020,TV-PG,2020,9,,1.0,Reality Tv
TV SHOW,Record of Youth,Not Given,South Korea,2020,TV-14,2020,9,,1.0,International Tv Shows
TV SHOW,Cleverman,Not Given,Australia,2017,TV-MA,2020,9,,1.0,Tv Dramas
TV SHOW,Dragon's Dogma,Not Given,Pakistan,2020,TV-MA,2020,9,,1.0,Anime Series
TV SHOW,Away,Not Given,United States,2020,TV-14,2020,9,,1.0,Romantic Tv Shows
TV SHOW,Spirit Riding Free: Riding Academy,Not Given,United States,2020,TV-Y7,2020,9,,2.0,Kids' Tv
TV SHOW,Young Wallander,Not Given,United Kingdom,2020,TV-MA,2020,9,,1.0,Crime Tv Shows
TV SHOW,Chef's Table: BBQ,Not Given,United States,2020,TV-14,2020,9,,1.0,Docuseries
TV SHOW,Blue Exorcist,Not Given,Japan,2017,TV-MA,2020,9,,2.0,Anime Series
TV SHOW,Bookmarks,Not Given,United States,2020,TV-Y,2020,9,,1.0,Kids' Tv
TV SHOW,Borgen,Not Given,Denmark,2012,TV-MA,2020,9,,3.0,International Tv Shows
TV SHOW,Erased,Not Given,Japan,2016,TV-14,2020,9,,1.0,Anime Series
TV SHOW,Felipe Esparza: Bad Decisions,Not Given,United States,2020,TV-MA,2020,9,,1.0,Stand-Up Comedy & Talk Shows
TV SHOW,H,Not Given,France,2002,TV-MA,2020,9,,4.0,International Tv Shows
TV SHOW,Heidi,Not Given,France,2020,TV-Y7,2020,9,,1.0,Kids' Tv
TV SHOW,"Sister, Sister",Not Given,United States,1998,TV-PG,2020,9,,6.0,Tv Comedies
TV SHOW,The Promised Neverland,Not Given,Japan,2019,TV-14,2020,9,,1.0,Anime Series
TV SHOW,I AM A KILLER: RELEASED,Not Given,United Kingdom,2020,TV-MA,2020,8,,1.0,British Tv Shows
TV SHOW,Masaba Masaba,Not Given,India,2020,TV-MA,2020,8,,1.0,International Tv Shows
TV SHOW,Aggretsuko,Not Given,Japan,2020,TV-14,2020,8,,3.0,Anime Series
TV SHOW,Her Mother's Killer,Not Given,Colombia,2020,TV-MA,2020,8,,1.0,International Tv Shows
TV SHOW,Million Dollar Beach House,Not Given,United States,2020,TV-MA,2020,8,,1.0,Reality Tv
TV SHOW,Emily's Wonder Lab,Not Given,United States,2020,TV-Y,2020,8,,1.0,Kids' Tv
TV SHOW,Trinkets,Not Given,United States,2020,TV-MA,2020,8,,2.0,Tv Dramas
TV SHOW,Ojos in d' House,Not Given,Nigeria,2013,TV-G,2020,8,,1.0,International Tv Shows
TV SHOW,Hoops,Not Given,United States,2020,TV-MA,2020,8,,1.0,Tv Comedies
TV SHOW,Rust Valley Restorers,Not Given,Canada,2020,TV-14,2020,8,,3.0,International Tv Shows
MOVIE,John Was Trying to Contact Aliens,Not Given,United States,2020,TV-PG,2020,8,,,Documentaries
TV SHOW,DeMarcus Family Rules,Not Given,United States,2020,TV-14,2020,8,,1.0,Reality Tv
TV SHOW,High Score,Not Given,United States,2020,TV-14,2020,8,,1.0,Docuseries
TV SHOW,Glitch Techs,Not Given,United States,2020,TV-Y7,2020,8,,2.0,Kids' Tv
TV SHOW,Stranger,Not Given,South Korea,2020,TV-MA,2020,8,,2.0,Crime Tv Shows
TV SHOW,Rita,Not Given,Denmark,2020,TV-MA,2020,8,,5.0,International Tv Shows
TV SHOW,Takki,Not Given,Saudi Arabia,2014,TV-14,2020,8,,2.0,International Tv Shows
TV SHOW,3%,Not Given,Brazil,2020,TV-MA,2020,8,,4.0,International Tv Shows
TV SHOW,Teenage Bounty Hunters,Not Given,United States,2020,TV-MA,2020,8,,1.0,Crime Tv Shows
TV SHOW,The Great Heist,Not Given,Colombia,2020,TV-MA,2020,8,,1.0,Crime Tv Shows
TV SHOW,The Legend of Korra,Not Given,United States,2014,TV-Y7,2020,8,,4.0,Kids' Tv
TV SHOW,Zoids Wild,Not Given,Japan,2018,TV-Y7,2020,8,,1.0,Anime Series
TV SHOW,Baewatch: Parental Guidance,Not Given,Pakistan,2019,TV-MA,2020,8,,1.0,British Tv Shows
TV SHOW,GAME ON: A Comedy Crossover Event,Not Given,United States,2020,TV-G,2020,8,,1.0,Kids' Tv
TV SHOW,Terrace House: Tokyo 2019-2020,Not Given,Japan,2019,TV-MA,2020,8,,2.0,International Tv Shows
TV SHOW,The Governor,Not Given,Nigeria,2016,TV-14,2020,8,,1.0,International Tv Shows
TV SHOW,High Seas,Not Given,Spain,2020,TV-MA,2020,8,,3.0,Crime Tv Shows
TV SHOW,Sing On! Germany,Not Given,Germany,2020,TV-PG,2020,8,,1.0,International Tv Shows
TV SHOW,Tiny Creatures,Not Given,United States,2020,TV-PG,2020,8,,1.0,Docuseries
TV SHOW,Wizards: Tales of Arcadia,Not Given,United States,2020,TV-Y7,2020,8,,1.0,Kids' Tv
TV SHOW,Word Party Songs,Not Given,United States,2020,TV-Y,2020,8,,1.0,Kids' Tv
TV SHOW,Ever After High,Not Given,Canada,2016,TV-Y7,2020,8,,5.0,Kids' Tv
TV SHOW,The Rain,Not Given,Denmark,2020,TV-MA,2020,8,,3.0,International Tv Shows
TV SHOW,World's Most Wanted,Not Given,United States,2020,TV-14,2020,8,,1.0,Crime Tv Shows
TV SHOW,Mystery Lab,Not Given,Brazil,2020,TV-PG,2020,8,,1.0,Docuseries
TV SHOW,Immigration Nation,Not Given,United States,2020,TV-MA,2020,8,,1.0,Docuseries
TV SHOW,Moesha,Not Given,United States,2000,TV-PG,2020,8,,6.0,Tv Comedies
TV SHOW,My Perfect Landing,Not Given,Canada,2020,TV-G,2020,8,,1.0,Kids' Tv
TV SHOW,Nagi-Asu: A Lull in the Sea,Not Given,Japan,2014,TV-14,2020,8,,1.0,Anime Series
TV SHOW,The Next Step,Not Given,Canada,2018,TV-G,2020,8,,1.0,Kids' Tv
TV SHOW,Toradora!,Not Given,Japan,2008,TV-14,2020,8,,1.0,Anime Series
TV SHOW,Selling Sunset,Not Given,Pakistan,2020,TV-MA,2020,8,,3.0,Reality Tv
TV SHOW,Transformers Rescue Bots Academy,Not Given,United States,2020,TV-Y,2020,8,,2.0,Kids' Tv
TV SHOW,Get Even,Not Given,United Kingdom,2020,TV-PG,2020,7,,1.0,British Tv Shows
TV SHOW,Sugar Rush,Not Given,United States,2020,TV-PG,2020,7,,3.0,Reality Tv
TV SHOW,The Umbrella Academy,Not Given,United States,2020,TV-14,2020,7,,2.0,Tv Action & Adventure
TV SHOW,Transformers: War For Cybertron Trilogy,Not Given,United States,2020,TV-Y7,2020,7,,1.0,Anime Series
TV SHOW,Trotro,Not Given,France,2004,TV-Y,2020,7,,1.0,Kids' Tv
TV SHOW,Last Chance U,Not Given,United States,2020,TV-MA,2020,7,,5.0,Docuseries
TV SHOW,Shameless (U.S.),Not Given,United States,2019,TV-MA,2020,7,,10.0,Tv Comedies
TV SHOW,Sing On! Spain,Not Given,Spain,2020,TV-G,2020,7,,1.0,International Tv Shows
TV SHOW,Fear City: New York vs The Mafia,Not Given,United States,2020,TV-MA,2020,7,,1.0,Crime Tv Shows
TV SHOW,Norsemen,Not Given,Norway,2020,TV-MA,2020,7,,3.0,International Tv Shows
TV SHOW,Killer Women with Piers Morgan,Not Given,United Kingdom,2017,TV-MA,2020,7,,1.0,British Tv Shows
TV SHOW,Gigantosaurus,Not Given,France,2019,TV-Y,2020,7,,1.0,Kids' Tv
TV SHOW,Single Wives,Not Given,Australia,2018,TV-MA,2020,7,,1.0,Reality Tv
TV SHOW,Cursed,Not Given,United Kingdom,2020,TV-MA,2020,7,,1.0,Tv Action & Adventure
TV SHOW,In The Dark,Not Given,United States,2020,TV-14,2020,7,,2.0,Crime Tv Shows
TV SHOW,Kissing Game,Not Given,Brazil,2020,TV-MA,2020,7,,1.0,International Tv Shows
TV SHOW,Dark Desire,Not Given,Mexico,2020,TV-MA,2020,7,,1.0,Crime Tv Shows
TV SHOW,Skin Decision: Before and After,Not Given,United States,2020,TV-MA,2020,7,,1.0,Reality Tv
TV SHOW,Sunny Bunnies,Not Given,Belarus,2016,TV-Y,2020,7,,2.0,British Tv Shows
TV SHOW,Down to Earth with Zac Efron,Not Given,United States,2020,TV-PG,2020,7,,1.0,Docuseries
TV SHOW,The Epic Tales of Captain Underpants in Space,Not Given,United States,2020,TV-Y7,2020,7,,1.0,Kids' Tv
TV SHOW,Japan Sinks: 2020,Not Given,Japan,2020,TV-MA,2020,7,,1.0,Anime Series
TV SHOW,The Protector,Not Given,Turkey,2020,TV-MA,2020,7,,4.0,International Tv Shows
TV SHOW,Was It Love?,Not Given,South Korea,2020,TV-14,2020,7,,1.0,International Tv Shows
TV SHOW,Stateless,Not Given,Australia,2020,TV-MA,2020,7,,1.0,International Tv Shows
TV SHOW,Little Singham,Not Given,India,2020,TV-Y7,2020,7,,2.0,Kids' Tv
TV SHOW,Cable Girls,Not Given,Spain,2019,TV-MA,2020,7,,6.0,International Tv Shows
TV SHOW,JU-ON: Origins,Not Given,Japan,2020,TV-MA,2020,7,,1.0,International Tv Shows
TV SHOW,Southern Survival,Not Given,United States,2020,TV-PG,2020,7,,1.0,Reality Tv
TV SHOW,The Baby-Sitters Club,Not Given,United States,2020,TV-G,2020,7,,1.0,Kids' Tv
TV SHOW,Supermarket Sweep,Not Given,United States,1993,TV-G,2020,7,,1.0,Reality Tv
TV SHOW,Warrior Nun,Not Given,United States,2020,TV-MA,2020,7,,1.0,Tv Action & Adventure
TV SHOW,21 Again,Not Given,United Kingdom,2019,TV-MA,2020,7,,1.0,British Tv Shows
TV SHOW,A Touch of Green,Not Given,Taiwan,2016,TV-MA,2020,7,,1.0,International Tv Shows
TV SHOW,Say I Do,Not Given,United States,2020,TV-14,2020,7,,1.0,Reality Tv
TV SHOW,BNA,Not Given,Japan,2020,TV-14,2020,6,,1.0,Anime Series
TV SHOW,Homemade,Not Given,Chile,2020,TV-MA,2020,6,,1.0,International Tv Shows
TV SHOW,Dark,Not Given,Germany,2020,TV-MA,2020,6,,3.0,Crime Tv Shows
TV SHOW,ONE PIECE,Not Given,Japan,2002,TV-14,2020,6,,4.0,Anime Series
TV SHOW,All For Love,Not Given,Colombia,2020,TV-MA,2020,6,,1.0,International Tv Shows
TV SHOW,Home Game,Not Given,United States,2020,TV-MA,2020,6,,1.0,Docuseries
MOVIE,Seven (Tamil),Not Given,India,2019,TV-MA,2020,6,111.0,,Dramas
TV SHOW,Twogether,Not Given,South Korea,2020,TV-G,2020,6,,1.0,International Tv Shows
TV SHOW,Crazy Delicious,Not Given,United Kingdom,2020,TV-PG,2020,6,,1.0,British Tv Shows
TV SHOW,"Roswell, New Mexico",Not Given,United States,2020,TV-14,2020,6,,2.0,Classic & Cult Tv
TV SHOW,It's Okay to Not Be Okay,Not Given,South Korea,2020,TV-MA,2020,6,,1.0,International Tv Shows
TV SHOW,Babies,Not Given,United States,2020,TV-14,2020,6,,2.0,Docuseries
MOVIE,Disclosure,Not Given,United States,2020,TV-MA,2020,6,108.0,,Documentaries
TV SHOW,Floor Is Lava,Not Given,United States,2020,TV-PG,2020,6,,1.0,Reality Tv
TV SHOW,Most Beautiful Thing,Not Given,Brazil,2020,TV-MA,2020,6,,2.0,International Tv Shows
TV SHOW,The Politician,Not Given,United States,2020,TV-MA,2020,6,,2.0,Tv Comedies
TV SHOW,The Order,Not Given,United States,2020,TV-MA,2020,6,,2.0,International Tv Shows
TV SHOW,The Chase,Not Given,United States,2015,TV-PG,2020,6,,2.0,Reality Tv
MOVIE,The Show Must Go On: The Queen + Adam Lambert Story,Not Given,United Kingdom,2019,TV-MA,2020,6,85.0,,Documentaries
TV SHOW,Alexa & Katie,Not Given,United States,2020,TV-G,2020,6,,4.0,Kids' Tv
TV SHOW,How to Get Away with Murder,Not Given,United States,2020,TV-14,2020,6,,6.0,Crime Tv Shows
TV SHOW,F is for Family,Not Given,United States,2020,TV-MA,2020,6,,4.0,Tv Comedies
TV SHOW,Frank Elstner: Just One Last Question,Not Given,Germany,2020,TV-MA,2020,6,,1.0,International Tv Shows
TV SHOW,The Search,Not Given,Mexico,2020,TV-MA,2020,6,,1.0,Crime Tv Shows
TV SHOW,The Woods,Not Given,Poland,2020,TV-MA,2020,6,,1.0,Crime Tv Shows
TV SHOW,Curon,Not Given,Italy,2020,TV-MA,2020,6,,1.0,International Tv Shows
TV SHOW,Lenox Hill,Not Given,United States,2020,TV-MA,2020,6,,1.0,Docuseries
TV SHOW,My Mister,Not Given,South Korea,2018,TV-MA,2020,6,,1.0,Crime Tv Shows
TV SHOW,Reality Z,Not Given,Brazil,2020,TV-MA,2020,6,,1.0,International Tv Shows
TV SHOW,Queen of the South,Not Given,United States,2018,TV-MA,2020,6,,4.0,Crime Tv Shows
TV SHOW,13 Reasons Why,Not Given,United States,2020,TV-MA,2020,6,,4.0,Crime Tv Shows
TV SHOW,Queer Eye,Not Given,United States,2020,TV-14,2020,6,,5.0,Reality Tv
TV SHOW,BAKI,Not Given,Japan,2020,TV-MA,2020,6,,3.0,Anime Series
TV SHOW,Cardcaptor Sakura,Not Given,Japan,1999,TV-Y7,2020,6,,2.0,Anime Series
TV SHOW,Megalobox,Not Given,Japan,2018,TV-MA,2020,6,,1.0,Anime Series
TV SHOW,Midnight Diner,Not Given,Japan,2014,TV-MA,2020,6,,3.0,International Tv Shows
TV SHOW,My Shy Boss,Not Given,South Korea,2017,TV-MA,2020,6,,1.0,International Tv Shows
TV SHOW,Revolutionary Love,Not Given,South Korea,2017,TV-MA,2020,6,,1.0,International Tv Shows
TV SHOW,Space Force,Not Given,United States,2020,TV-MA,2020,5,,1.0,Tv Comedies
MOVIE,The Light of My Eyes,Not Given,Pakistan,2010,TV-MA,2020,6,96.0,,Dramas
TV SHOW,Alone,Not Given,Pakistan,2019,TV-14,2020,6,,1.0,Reality Tv
TV SHOW,"Can't Cope, Won't Cope",Not Given,Ireland,2018,TV-MA,2020,5,,2.0,Tv Comedies
TV SHOW,Dorohedoro,Not Given,Japan,2020,TV-MA,2020,5,,1.0,Anime Series
TV SHOW,Mako Mermaids: An H2O Adventure,Not Given,Australia,2016,TV-G,2020,5,,4.0,Kids' Tv
TV SHOW,Betaal,Not Given,India,2020,TV-MA,2020,5,,1.0,International Tv Shows
TV SHOW,Dynasty,Not Given,United States,2019,TV-14,2020,5,,3.0,Tv Dramas
TV SHOW,History 101,Not Given,United Kingdom,2020,TV-14,2020,5,,1.0,British Tv Shows
TV SHOW,Mystic Pop-up Bar,Not Given,South Korea,2020,TV-MA,2020,5,,1.0,International Tv Shows
TV SHOW,The Queen and the Conqueror,Not Given,Colombia,2020,TV-14,2020,5,,1.0,International Tv Shows
TV SHOW,Sweet Magnolias,Not Given,United States,2020,TV-14,2020,5,,1.0,Romantic Tv Shows
TV SHOW,The Big Flower Fight,Not Given,United Kingdom,2020,TV-PG,2020,5,,1.0,British Tv Shows
TV SHOW,Patriot Act with Hasan Minhaj,Not Given,United States,2020,TV-MA,2020,5,,6.0,Stand-Up Comedy & Talk Shows
TV SHOW,Boys Over Flowers,Not Given,South Korea,2009,TV-14,2020,5,,1.0,International Tv Shows
TV SHOW,Iris,Not Given,South Korea,2009,TV-14,2020,5,,1.0,International Tv Shows
TV SHOW,Avatar: The Last Airbender,Not Given,United States,2007,TV-Y7,2020,5,,3.0,Classic & Cult Tv
TV SHOW,Madam Secretary,Not Given,United States,2019,TV-PG,2020,5,,6.0,Tv Dramas
TV SHOW,Magic for Humans,Not Given,United States,2020,TV-14,2020,5,,3.0,Reality Tv
TV SHOW,Parasyte: The Maxim,Not Given,Japan,2014,TV-MA,2020,5,,1.0,Anime Series
TV SHOW,El señor de los Cielos,Not Given,United States,2019,TV-MA,2020,4,,7.0,Crime Tv Shows
TV SHOW,She-Ra and the Princesses of Power,Not Given,United States,2020,TV-Y7,2020,5,,5.0,Kids' Tv
TV SHOW,Strangers from Hell,Not Given,South Korea,2019,TV-MA,2020,5,,1.0,International Tv Shows
TV SHOW,The Wiggles,Not Given,Australia,2015,TV-Y,2020,5,,2.0,Kids' Tv
TV SHOW,White Lines,Not Given,United Kingdom,2020,TV-MA,2020,5,,1.0,British Tv Shows
TV SHOW,Bordertown,Not Given,Finland,2019,TV-MA,2020,5,,3.0,Crime Tv Shows
TV SHOW,Dead to Me,Not Given,United States,2020,TV-MA,2020,5,,2.0,Tv Comedies
TV SHOW,Restaurants on the Edge,Not Given,Canada,2020,TV-14,2020,5,,2.0,International Tv Shows
TV SHOW,The Hollow,Not Given,Canada,2020,TV-Y7,2020,5,,2.0,Kids' Tv
TV SHOW,WWII in HD,Not Given,United States,2009,TV-14,2020,5,,1.0,Docuseries
TV SHOW,Hollywood,Not Given,United States,2020,TV-MA,2020,5,,1.0,Tv Dramas
TV SHOW,Masha and the Bear,Not Given,Russia,2019,TV-Y,2020,5,,4.0,Kids' Tv
TV SHOW,Medici: Masters of Florence,Not Given,Italy,2019,TV-MA,2020,5,,3.0,International Tv Shows
TV SHOW,Monthly Girls' Nozaki Kun,Not Given,Japan,2014,TV-PG,2020,5,,1.0,Anime Series
TV SHOW,Oh Yuck,Not Given,Canada,2020,TV-G,2020,5,,1.0,Kids' Tv
TV SHOW,Reckoning,Not Given,Australia,2019,TV-MA,2020,5,,1.0,Crime Tv Shows
TV SHOW,DRIFTING DRAGONS,Not Given,Japan,2020,TV-14,2020,4,,1.0,Anime Series
TV SHOW,The Windsors,Not Given,United Kingdom,2020,TV-MA,2020,4,,3.0,British Tv Shows
TV SHOW,Good Witch,Not Given,United States,2019,TV-PG,2020,4,,5.0,Tv Dramas
TV SHOW,Extracurricular,Not Given,South Korea,2020,TV-MA,2020,4,,1.0,Crime Tv Shows
MOVIE,Murder to Mercy: The Cyntoia Brown Story,Not Given,United States,2020,TV-MA,2020,4,97.0,,Documentaries
TV SHOW,Nadiya’s Time to Eat,Not Given,United Kingdom,2020,TV-G,2020,4,,1.0,British Tv Shows
TV SHOW,Tjovitjo,Not Given,South Africa,2017,TV-MA,2020,4,,2.0,International Tv Shows
TV SHOW,"Coronavirus, Explained",Not Given,United States,2020,TV-PG,2020,4,,1.0,Docuseries
TV SHOW,The Last Kingdom,Not Given,United Kingdom,2020,TV-MA,2020,4,,4.0,British Tv Shows
TV SHOW,My Secret Romance,Not Given,South Korea,2017,TV-14,2020,4,,1.0,International Tv Shows
TV SHOW,After Life,Not Given,United Kingdom,2020,TV-MA,2020,4,,2.0,British Tv Shows
TV SHOW,Love 101,Not Given,Turkey,2020,TV-MA,2020,4,,1.0,International Tv Shows
TV SHOW,Ghost in the Shell: SAC_2045,Not Given,Japan,2020,TV-14,2020,4,,1.0,Anime Series
TV SHOW,The House of Flowers,Not Given,Mexico,2020,TV-MA,2020,4,,3.0,International Tv Shows
TV SHOW,Absurd Planet,Not Given,United States,2020,TV-PG,2020,4,,1.0,Docuseries
TV SHOW,Win the Wilderness,Not Given,United Kingdom,2020,TV-14,2020,4,,1.0,British Tv Shows
TV SHOW,Bleach,Not Given,Japan,2006,TV-14,2020,4,,5.0,Anime Series
TV SHOW,Nicky Jam: El Ganador,Not Given,Puerto Rico,2018,TV-MA,2020,4,,1.0,Crime Tv Shows
TV SHOW,Cooked with Cannabis,Not Given,United States,2020,TV-MA,2020,4,,1.0,Reality Tv
TV SHOW,Hip-Hop Evolution,Not Given,Canada,2020,TV-MA,2020,1,,4.0,Docuseries
TV SHOW,The Midnight Gospel,Not Given,United States,2020,TV-MA,2020,4,,1.0,Tv Comedies
TV SHOW,ChuChu TV Nursery Rhymes & Kids Songs (Hindi),Not Given,India,2019,TV-Y,2020,4,,1.0,Kids' Tv
TV SHOW,The King: Eternal Monarch,Not Given,South Korea,2020,TV-14,2020,4,,1.0,Crime Tv Shows
TV SHOW,#blackAF,Not Given,United States,2020,TV-MA,2020,4,,1.0,Tv Comedies
TV SHOW,El Dragón: Return of a Warrior,Not Given,Mexico,2020,TV-MA,2020,4,,2.0,Crime Tv Shows
TV SHOW,Hasmukh,Not Given,India,2020,TV-MA,2020,4,,1.0,Crime Tv Shows
TV SHOW,Fauda,Not Given,Israel,2020,TV-MA,2020,4,,3.0,Crime Tv Shows
TV SHOW,The Innocence Files,Not Given,United States,2020,TV-MA,2020,4,,1.0,Crime Tv Shows
MOVIE,Surviving R. Kelly: The Impact,Not Given,United States,2019,TV-14,2020,4,85.0,,Documentaries
TV SHOW,Hi Score Girl,Not Given,Japan,2019,TV-14,2020,4,,2.0,Anime Series
TV SHOW,El Reemplazante,Not Given,Chile,2013,TV-MA,2020,4,,2.0,International Tv Shows
TV SHOW,Legacies,Not Given,United States,2019,TV-14,2020,4,,2.0,Tv Dramas
TV SHOW,Community,Not Given,United States,2015,TV-14,2020,4,,6.0,Tv Comedies
TV SHOW,How to Fix a Drug Scandal,Not Given,United States,2020,TV-MA,2020,4,,1.0,Crime Tv Shows
TV SHOW,Man Like Mobeen,Not Given,United Kingdom,2020,TV-MA,2020,4,,3.0,British Tv Shows
TV SHOW,Saint Seiya,Not Given,Japan,1986,TV-14,2020,4,,6.0,Anime Series
TV SHOW,Sunderland 'Til I Die,Not Given,United Kingdom,2020,TV-MA,2020,4,,2.0,British Tv Shows
TV SHOW,The Iliza Shlesinger Sketch Show,Not Given,United States,2020,TV-MA,2020,4,,1.0,Tv Comedies
TV SHOW,Nailed It! Germany,Not Given,Germany,2020,TV-14,2020,1,,1.0,International Tv Shows
TV SHOW,Well-Intended Love,Not Given,China,2020,TV-14,2020,4,,2.0,International Tv Shows
TV SHOW,Akbar Birbal,Not Given,India,2019,TV-G,2020,3,,1.0,Kids' Tv
MOVIE,Dave Chappelle: The Kennedy Center Mark Twain Prize for American Humor,Not Given,United States,2020,TV-MA,2020,3,85.0,,Stand-Up Comedy
TV SHOW,Rugal,Not Given,South Korea,2020,TV-MA,2020,3,,1.0,Crime Tv Shows
TV SHOW,Happy!,Not Given,United States,2019,TV-MA,2020,3,,2.0,Crime Tv Shows
TV SHOW,Ladies Up,Not Given,India,2019,TV-MA,2020,3,,1.0,International Tv Shows
TV SHOW,Ozark,Not Given,United States,2020,TV-MA,2020,3,,3.0,Crime Tv Shows
TV SHOW,Unorthodox,Not Given,Germany,2020,TV-MA,2020,3,,1.0,International Tv Shows
MOVIE,Crip Camp: A Disability Revolution,Not Given,United States,2020,R,2020,3,108.0,,Documentaries
TV SHOW,Freud,Not Given,Austria,2020,TV-MA,2020,3,,1.0,Crime Tv Shows
TV SHOW,J-Style Trip,Not Given,Taiwan,2020,TV-14,2020,3,,1.0,International Tv Shows
TV SHOW,Dino Girl Gauko,Not Given,United States,2020,TV-Y7,2020,3,,2.0,Anime Series
TV SHOW,Greenhouse Academy,Not Given,United States,2020,TV-PG,2020,3,,4.0,Kids' Tv
TV SHOW,Tree House Tales,Not Given,Pakistan,2019,TV-Y,2020,3,,1.0,Kids' Tv
TV SHOW,7SEEDS,Not Given,Pakistan,2020,TV-MA,2020,3,,2.0,Anime Series
TV SHOW,Self Made: Inspired by the Life of Madam C.J. Walker,Not Given,United States,2020,TV-MA,2020,3,,1.0,Tv Dramas
TV SHOW,She,Not Given,India,2020,TV-MA,2020,3,,1.0,Crime Tv Shows
TV SHOW,The English Game,Not Given,United Kingdom,2020,TV-14,2020,3,,1.0,British Tv Shows
TV SHOW,The Letter for the King,Not Given,United Kingdom,2020,TV-PG,2020,3,,1.0,British Tv Shows
TV SHOW,Vampires,Not Given,France,2020,TV-MA,2020,3,,1.0,International Tv Shows
TV SHOW,Caliphate,Not Given,Sweden,2020,TV-MA,2020,3,,1.0,International Tv Shows
TV SHOW,Women Of The Night,Not Given,Netherlands,2019,TV-MA,2020,3,,1.0,Crime Tv Shows
TV SHOW,Shaun the Sheep: Adventures from Mossy Bottom,Not Given,United Kingdom,2020,TV-Y7,2020,3,,1.0,British Tv Shows
TV SHOW,We Speak Dance,Not Given,United States,2018,TV-MA,2020,3,,1.0,Docuseries
TV SHOW,100 Humans,Not Given,United States,2020,TV-14,2020,3,,1.0,Docuseries
TV SHOW,Bloodride,Not Given,Norway,2020,TV-MA,2020,3,,1.0,International Tv Shows
TV SHOW,The Valhalla Murders,Not Given,Iceland,2020,TV-MA,2020,3,,1.0,Crime Tv Shows
TV SHOW,Dirty Money,Not Given,United States,2020,TV-MA,2020,3,,2.0,Crime Tv Shows
TV SHOW,On My Block,Not Given,United States,2020,TV-14,2020,3,,3.0,Romantic Tv Shows
TV SHOW,The Circle Brazil,Not Given,Brazil,2020,TV-MA,2020,3,,1.0,International Tv Shows
TV SHOW,Ugly Delicious,Not Given,United States,2020,TV-MA,2020,3,,2.0,Docuseries
TV SHOW,Mighty Little Bheem: Festival of Colors,Not Given,India,2020,TV-Y,2020,3,,1.0,Kids' Tv
TV SHOW,Akame ga Kill!,Not Given,Japan,2014,TV-14,2020,3,,1.0,Anime Series
TV SHOW,Babylon Berlin,Not Given,Germany,2020,TV-MA,2020,3,,3.0,Crime Tv Shows
TV SHOW,Always a Witch,Not Given,Colombia,2019,TV-14,2020,2,,2.0,International Tv Shows
MOVIE,Amit Tandon: Family Tandoncies,Not Given,India,2019,TV-14,2020,2,72.0,,Stand-Up Comedy
TV SHOW,Queen Sono,Not Given,South Africa,2020,TV-MA,2020,2,,1.0,International Tv Shows
TV SHOW,Toy Boy,Not Given,Spain,2019,TV-MA,2020,2,,1.0,Crime Tv Shows
TV SHOW,Unstoppable,Not Given,Mexico,2020,TV-MA,2020,2,,1.0,International Tv Shows
TV SHOW,Altered Carbon,Not Given,United States,2020,TV-MA,2020,2,,2.0,Crime Tv Shows
TV SHOW,Followers,Not Given,Japan,2020,TV-MA,2020,2,,1.0,International Tv Shows
TV SHOW,I Am Not Okay With This,Not Given,United States,2020,TV-MA,2020,2,,1.0,Tv Comedies
TV SHOW,The Trials of Gabriel Fernandez,Not Given,United States,2020,TV-MA,2020,2,,1.0,Crime Tv Shows
TV SHOW,"Hi Bye, Mama!",Not Given,South Korea,2020,TV-14,2020,2,,1.0,International Tv Shows
TV SHOW,Gentefied,Not Given,United States,2020,TV-MA,2020,2,,1.0,Tv Comedies
TV SHOW,Hyena,Not Given,South Korea,2020,TV-MA,2020,2,,1.0,International Tv Shows
TV SHOW,Puerta 7,Not Given,Argentina,2020,TV-MA,2020,2,,1.0,Crime Tv Shows
TV SHOW,Spectros,Not Given,Brazil,2020,TV-MA,2020,2,,1.0,International Tv Shows
TV SHOW,DreamWorks Shrek's Swamp Stories,Not Given,United States,2008,TV-PG,2020,2,,1.0,Kids' Tv
TV SHOW,Talking Tom and Friends,Not Given,Cyprus,2017,TV-Y,2020,2,,1.0,Kids' Tv
TV SHOW,Tiny House Nation,Not Given,United States,2019,TV-PG,2020,1,,2.0,Reality Tv
TV SHOW,Taj Mahal 1989,Not Given,India,2020,TV-MA,2020,2,,1.0,International Tv Shows
TV SHOW,Love Is Blind,Not Given,United States,2021,TV-MA,2020,2,,1.0,Reality Tv
TV SHOW,Narcos: Mexico,Not Given,Mexico,2020,TV-MA,2020,2,,2.0,Crime Tv Shows
TV SHOW,We Bare Bears,Not Given,United States,2018,TV-Y,2020,2,,2.0,Kids' Tv
MOVIE,Captain Underpants Epic Choice-o-Rama,Not Given,United States,2020,TV-Y7,2020,2,81.0,,Children & Family Movies
TV SHOW,Better Call Saul,Not Given,United States,2018,TV-MA,2020,2,,4.0,Crime Tv Shows
TV SHOW,Dragons: Rescue Riders,Not Given,United States,2020,TV-Y,2020,2,,2.0,Kids' Tv
TV SHOW,Fifty: The Series,Not Given,Nigeria,2018,TV-14,2020,2,,2.0,International Tv Shows
TV SHOW,Locke & Key,Not Given,Canada,2020,TV-14,2020,2,,1.0,Tv Action & Adventure
TV SHOW,Cagaster of an Insect Cage,Not Given,Japan,2020,TV-MA,2020,2,,1.0,Anime Series
TV SHOW,Team Kaylie,Not Given,United States,2020,TV-PG,2020,2,,3.0,Kids' Tv
TV SHOW,Is It Wrong to Try to Pick Up Girls in a Dungeon?,Not Given,Japan,2015,TV-MA,2020,2,,1.0,Anime Series
TV SHOW,Itaewon Class,Not Given,South Korea,2020,TV-MA,2020,2,,1.0,International Tv Shows
MOVIE,Night on Earth: Shot in the Dark,Not Given,United Kingdom,2020,TV-PG,2020,2,59.0,,Movies
TV SHOW,No Game No Life,Not Given,Japan,2014,TV-MA,2020,2,,1.0,Anime Series
TV SHOW,Pop Team Epic,Not Given,Japan,2018,TV-14,2020,2,,1.0,Anime Series
TV SHOW,Shopkins,Not Given,United States,2014,TV-Y,2020,2,,1.0,Kids' Tv
TV SHOW,Palazuelos mi rey,Not Given,Pakistan,2019,TV-14,2020,2,,1.0,International Tv Shows
TV SHOW,Diablero,Not Given,Mexico,2020,TV-MA,2020,1,,2.0,International Tv Shows
TV SHOW,Luna Nera,Not Given,Italy,2020,TV-MA,2020,1,,1.0,International Tv Shows
TV SHOW,Unauthorized Living,Not Given,Spain,2020,TV-MA,2020,1,,2.0,Crime Tv Shows
TV SHOW,Ainori Love Wagon: African Journey,Not Given,Japan,2019,TV-14,2020,1,,1.0,International Tv Shows
TV SHOW,THE STRANGER,Not Given,United Kingdom,2020,TV-MA,2020,1,,1.0,British Tv Shows
TV SHOW,What the Love! with Karan Johar,Not Given,United States,2020,TV-14,2020,1,,1.0,International Tv Shows
TV SHOW,Night on Earth,Not Given,United Kingdom,2020,TV-PG,2020,1,,1.0,Docuseries
TV SHOW,Omniscient,Not Given,Brazil,2020,TV-MA,2020,1,,1.0,International Tv Shows
TV SHOW,Sons of the Caliphate,Not Given,Nigeria,2017,TV-14,2020,1,,2.0,International Tv Shows
TV SHOW,The goop lab with Gwyneth Paltrow,Not Given,United States,2020,TV-MA,2020,1,,1.0,Reality Tv
TV SHOW,The Ranch,Not Given,United States,2020,TV-MA,2020,1,,8.0,Tv Comedies
TV SHOW,October Faction,Not Given,United States,2020,TV-MA,2020,1,,1.0,Tv Action & Adventure
TV SHOW,​SAINT SEIYA: Knights of the Zodiac,Not Given,Japan,2020,TV-14,2020,1,,2.0,Anime Series
TV SHOW,Pandemic: How to Prevent an Outbreak,Not Given,United States,2020,TV-14,2020,1,,1.0,Docuseries
TV SHOW,Playing with Fire,Not Given,United States,2019,TV-MA,2020,1,,1.0,International Tv Shows
TV SHOW,DreamWorks How to Train Your Dragon Legends,Not Given,United States,2011,TV-PG,2020,1,,1.0,Kids' Tv
TV SHOW,Ares,Not Given,Netherlands,2020,TV-MA,2020,1,,1.0,International Tv Shows
TV SHOW,Handsome Siblings,Not Given,China,2020,TV-14,2020,1,,1.0,International Tv Shows
TV SHOW,Soul Eater,Not Given,Japan,2008,TV-14,2020,1,,1.0,Anime Series
TV SHOW,Killer Inside: The Mind of Aaron Hernandez,Not Given,United States,2020,TV-MA,2020,1,,1.0,Crime Tv Shows
TV SHOW,The Ollie & Moon Show,Not Given,France,2018,TV-Y,2020,1,,1.0,Kids' Tv
TV SHOW,AJ and the Queen,Not Given,United States,2020,TV-14,2020,1,,1.0,Tv Comedies
TV SHOW,Giri / Haji,Not Given,United Kingdom,2019,TV-MA,2020,1,,1.0,British Tv Shows
TV SHOW,Harvey Street Kids,Not Given,United States,2020,TV-Y7,2020,1,,4.0,Kids' Tv
TV SHOW,Medical Police,Not Given,United States,2020,TV-MA,2020,1,,1.0,Crime Tv Shows
TV SHOW,The InBESTigators,Not Given,Australia,2020,TV-Y,2020,1,,2.0,Kids' Tv
TV SHOW,Until Dawn,Not Given,France,2020,TV-MA,2020,1,,1.0,International Tv Shows
TV SHOW,Dracula,Not Given,United Kingdom,2020,TV-14,2020,1,,1.0,British Tv Shows
TV SHOW,Anne with an E,Not Given,Canada,2019,TV-PG,2020,1,,3.0,International Tv Shows
TV SHOW,"Sex, Explained",Not Given,United States,2020,TV-MA,2020,1,,1.0,Docuseries
TV SHOW,Thieves of the Wood,Not Given,Belgium,2019,TV-MA,2020,1,,1.0,International Tv Shows
TV SHOW,Because This Is My First Life,Not Given,South Korea,2017,TV-14,2020,1,,1.0,International Tv Shows
TV SHOW,Border Security: America's Front Line,Not Given,Canada,2018,TV-14,2020,1,,1.0,Crime Tv Shows
TV SHOW,Cells at Work!,Not Given,Japan,2018,TV-PG,2020,1,,1.0,Anime Series
TV SHOW,The Healing Powers of Dude,Not Given,Pakistan,2020,TV-G,2020,1,,1.0,Kids' Tv
TV SHOW,Live Up To Your Name,Not Given,South Korea,2017,TV-MA,2020,1,,1.0,International Tv Shows
TV SHOW,Messiah,Not Given,United States,2020,TV-MA,2020,1,,1.0,Tv Dramas
TV SHOW,Mia and Me,Not Given,Netherlands,2017,TV-Y7,2020,1,,2.0,Kids' Tv
TV SHOW,Reply 1988,Not Given,South Korea,2015,TV-14,2020,1,,1.0,International Tv Shows
TV SHOW,Save Me,Not Given,South Korea,2017,TV-MA,2020,1,,1.0,International Tv Shows
TV SHOW,Spinning Out,Not Given,United States,2020,TV-MA,2020,1,,1.0,Tv Dramas
TV SHOW,The Bride of Habaek,Not Given,South Korea,2017,TV-14,2020,1,,1.0,International Tv Shows
TV SHOW,ARASHI's Diary -Voyage-,Not Given,Japan,2019,TV-PG,2019,12,,1.0,Docuseries
TV SHOW,Occupied,Not Given,Norway,2019,TV-MA,2019,12,,3.0,International Tv Shows
TV SHOW,Rainbow Ruby,Not Given,South Korea,2016,TV-Y,2019,12,,1.0,Kids' Tv
TV SHOW,Robot Trains,Not Given,South Korea,2018,TV-Y7,2019,12,,2.0,Kids' Tv
TV SHOW,Yanxi Palace: Princess Adventures,Not Given,China,2019,TV-14,2019,12,,1.0,International Tv Shows
TV SHOW,The Disastrous Life of Saiki K.: Reawakened,Not Given,Japan,2019,TV-14,2019,12,,1.0,Anime Series
TV SHOW,Kevin Hart: Don’t F**k This Up,Not Given,United States,2019,TV-MA,2019,12,,1.0,Docuseries
TV SHOW,The Bonfire of Destiny,Not Given,France,2019,TV-MA,2019,12,,1.0,International Tv Shows
TV SHOW,CAROLE & TUESDAY,Not Given,Japan,2019,TV-MA,2019,12,,2.0,Anime Series
TV SHOW,Lost in Space,Not Given,United States,2019,TV-PG,2019,12,,2.0,Tv Action & Adventure
TV SHOW,Private Practice,Not Given,United States,2012,TV-14,2019,12,,6.0,Tv Comedies
TV SHOW,Agent,Not Given,Mauritius,2019,TV-MA,2019,12,,1.0,International Tv Shows
TV SHOW,The Witcher,Not Given,United States,2019,TV-MA,2019,12,,1.0,International Tv Shows
TV SHOW,Twice Upon A Time,Not Given,France,2019,TV-MA,2019,12,,1.0,International Tv Shows
TV SHOW,Ultraviolet,Not Given,Poland,2019,TV-MA,2019,12,,2.0,Crime Tv Shows
TV SHOW,Soundtrack,Not Given,United States,2019,TV-MA,2019,12,,1.0,Romantic Tv Shows
TV SHOW,Cinderella and the Four Knights,Not Given,South Korea,2016,TV-PG,2019,12,,1.0,International Tv Shows
TV SHOW,Cocomong,Not Given,United States,2015,TV-Y,2019,12,,2.0,Kids' Tv
TV SHOW,Crash Landing on You,Not Given,South Korea,2019,TV-14,2019,12,,1.0,International Tv Shows
TV SHOW,Scooby-Doo!: Mystery Incorporated,Not Given,United States,2012,TV-Y7,2019,12,,2.0,Kids' Tv
TV SHOW,What's New Scooby-Doo?,Not Given,United States,2005,TV-Y7,2019,12,,3.0,Kids' Tv
TV SHOW,Astronomy Club: The Sketch Show,Not Given,United States,2019,TV-MA,2019,12,,1.0,Tv Comedies
TV SHOW,Fuller House,Not Given,United States,2020,TV-PG,2019,12,,5.0,Tv Comedies
MOVIE,Spirit Riding Free: Spirit of Christmas,Not Given,United States,2019,TV-Y7,2019,12,46.0,,Children & Family Movies
TV SHOW,Teasing Master Takagi-san,Not Given,Japan,2019,TV-PG,2019,12,,1.0,Anime Series
TV SHOW,Three Days of Christmas,Not Given,Spain,2019,TV-MA,2019,12,,1.0,International Tv Shows
MOVIE,The Irishman: In Conversation,Not Given,United States,2019,TV-MA,2019,12,,,Documentaries
TV SHOW,Triad Princess,Not Given,Pakistan,2019,TV-MA,2019,12,,1.0,Crime Tv Shows
TV SHOW,V Wars,Not Given,United States,2019,TV-MA,2019,12,,1.0,Tv Action & Adventure
TV SHOW,The Last O.G.,Not Given,United States,2019,TV-MA,2019,12,,2.0,Tv Comedies
TV SHOW,The Prince of Tennis ~ Match! Tennis Juniors ~,Not Given,China,2019,TV-PG,2019,12,,1.0,International Tv Shows
TV SHOW,The Road to Love,Not Given,Colombia,2019,TV-14,2019,12,,1.0,International Tv Shows
TV SHOW,Nightflyers,Not Given,United States,2018,TV-MA,2019,12,,1.0,Tv Horror
TV SHOW,Eastsiders,Not Given,United States,2018,TV-MA,2019,12,,4.0,Tv Comedies
MOVIE,Lakeeran,Not Given,India,2016,TV-PG,2019,12,111.0,,Dramas
TV SHOW,Chocolate,Not Given,South Korea,2019,TV-14,2019,11,,1.0,International Tv Shows
TV SHOW,Chip and Potato,Not Given,United Kingdom,2019,TV-Y,2019,11,,2.0,Kids' Tv
TV SHOW,La Reina del Sur,Not Given,Mexico,2019,TV-MA,2019,11,,2.0,Crime Tv Shows
TV SHOW,Levius,Not Given,Japan,2019,TV-14,2019,11,,1.0,Anime Series
TV SHOW,Lugar de Mulher,Not Given,Brazil,2019,TV-MA,2019,11,,1.0,International Tv Shows
TV SHOW,Merry Happy Whatever,Not Given,United States,2019,TV-PG,2019,11,,1.0,Tv Comedies
TV SHOW,Mythomaniac,Not Given,France,2019,TV-MA,2019,11,,1.0,International Tv Shows
TV SHOW,The Crime,Not Given,Poland,2015,TV-MA,2019,11,,2.0,Crime Tv Shows
TV SHOW,Once Upon A Time In Lingjian Mountain,Not Given,China,2019,TV-14,2019,11,,1.0,International Tv Shows
TV SHOW,Dolly Parton's Heartstrings,Not Given,United States,2019,TV-14,2019,11,,1.0,Tv Dramas
MOVIE,Mike Birbiglia: What I Should Have Said Was Nothing: Tales from My Secret Public Journal,Not Given,United States,2008,TV-MA,2019,11,56.0,,Stand-Up Comedy
TV SHOW,Nailed It! Holiday!,Not Given,United States,2019,TV-PG,2019,11,,2.0,Reality Tv
TV SHOW,Narcoworld: Dope Stories,Not Given,United States,2019,TV-MA,2019,11,,1.0,Crime Tv Shows
TV SHOW,Nobody's Looking,Not Given,Brazil,2019,TV-MA,2019,11,,1.0,International Tv Shows
TV SHOW,Singapore Social,Not Given,Singapore,2019,TV-MA,2019,11,,1.0,International Tv Shows
TV SHOW,The Dragon Prince,Not Given,United States,2019,TV-Y7,2019,11,,3.0,Kids' Tv
TV SHOW,Trolls: The Beat Goes On!,Not Given,United States,2019,TV-Y7,2019,11,,8.0,Kids' Tv
TV SHOW,Bangkok Buddies,Not Given,Thailand,2019,TV-MA,2019,11,,1.0,International Tv Shows
TV SHOW,Holiday Secrets,Not Given,Germany,2019,TV-MA,2019,11,,1.0,International Tv Shows
TV SHOW,Who Killed Little Gregory?,Not Given,France,2019,TV-MA,2019,11,,1.0,Crime Tv Shows
TV SHOW,Candy Online,Not Given,Taiwan,2019,TV-MA,2019,11,,1.0,International Tv Shows
TV SHOW,At the Dolphin Bay,Not Given,Taiwan,2003,TV-14,2019,11,,1.0,International Tv Shows
TV SHOW,I'm with the Band: Nasty Cherry,Not Given,United States,2019,TV-MA,2019,11,,1.0,Reality Tv
TV SHOW,Inheritors,Not Given,South Korea,2013,TV-14,2019,11,,1.0,International Tv Shows
TV SHOW,K-On!,Not Given,Japan,2010,TV-PG,2019,11,,2.0,Anime Series
TV SHOW,Miss Culinary,Not Given,Pakistan,2019,TV-14,2019,11,,1.0,International Tv Shows
TV SHOW,La Robe De Mariee Des Cieux,Not Given,Taiwan,2004,TV-MA,2019,11,,1.0,International Tv Shows
TV SHOW,Llama Llama,Not Given,United States,2019,TV-Y,2019,11,,2.0,Kids' Tv
TV SHOW,My MVP Valentine,Not Given,Taiwan,2002,TV-PG,2019,11,,1.0,International Tv Shows
TV SHOW,My Sassy Girl,Not Given,South Korea,2017,TV-14,2019,11,,1.0,International Tv Shows
TV SHOW,The Club,Not Given,Mexico,2019,TV-MA,2019,11,,1.0,Crime Tv Shows
TV SHOW,The Stranded,Not Given,Thailand,2019,TV-MA,2019,11,,1.0,International Tv Shows
TV SHOW,The Toys That Made Us,Not Given,United States,2019,TV-14,2019,11,,3.0,Docuseries
TV SHOW,The Yard,Not Given,Turkey,2019,TV-MA,2019,11,,2.0,Crime Tv Shows
TV SHOW,My Dear Warrior,Not Given,Thailand,2019,TV-14,2019,11,,1.0,International Tv Shows
TV SHOW,Maradona in Mexico,Not Given,Argentina,2020,TV-MA,2019,11,,1.0,Docuseries
TV SHOW,Chief of Staff,Not Given,South Korea,2019,TV-14,2019,11,,2.0,International Tv Shows
TV SHOW,Put Your Head on My Shoulder,Not Given,China,2019,TV-14,2019,11,,1.0,International Tv Shows
TV SHOW,Little Things,Not Given,India,2019,TV-MA,2019,11,,3.0,International Tv Shows
TV SHOW,Greatest Events of WWII in Colour,Not Given,United Kingdom,2019,TV-14,2019,11,,1.0,British Tv Shows
TV SHOW,Green Eggs and Ham,Not Given,United Kingdom,2019,TV-Y7,2019,11,,1.0,Kids' Tv
TV SHOW,Wild District,Not Given,Colombia,2019,TV-MA,2019,11,,2.0,Crime Tv Shows
TV SHOW,SCAMS,Not Given,Japan,2019,TV-14,2019,11,,1.0,Crime Tv Shows
TV SHOW,Sam & Cat,Not Given,United States,2014,TV-PG,2019,11,,2.0,Kids' Tv
TV SHOW,The End of the F***ing World,Not Given,United Kingdom,2019,TV-MA,2019,11,,2.0,British Tv Shows
TV SHOW,Meet the Adebanjos,Not Given,United Kingdom,2016,TV-PG,2019,11,,3.0,British Tv Shows
TV SHOW,The Devil Next Door,Not Given,United States,2019,TV-MA,2019,11,,1.0,Crime Tv Shows
MOVIE,100 Things to do Before High School,Not Given,United States,2014,TV-Y,2019,11,44.0,,Movies
TV SHOW,Bella and the Bulldogs,Not Given,United States,2015,TV-G,2019,11,,1.0,Kids' Tv
TV SHOW,Victorious,Not Given,United States,2013,TV-G,2019,11,,3.0,Kids' Tv
TV SHOW,A Year In Space,Not Given,United States,2015,TV-PG,2019,11,,1.0,Docuseries
TV SHOW,Ad Vitam,Not Given,France,2018,TV-MA,2019,11,,1.0,Crime Tv Shows
TV SHOW,Billy on the Street,Not Given,United States,2016,TV-14,2019,11,,4.0,International Tv Shows
TV SHOW,CLANNAD,Not Given,Japan,2008,TV-PG,2019,11,,2.0,Anime Series
TV SHOW,Haikyu!!,Not Given,Japan,2015,TV-14,2019,11,,2.0,Anime Series
TV SHOW,"Love, Chunibyo & Other Delusions!",Not Given,Japan,2014,TV-PG,2019,11,,2.0,Anime Series
TV SHOW,Maid-Sama!,Not Given,Japan,2010,TV-14,2019,11,,1.0,Anime Series
TV SHOW,Mobile Suit Gundam: Iron-Blooded Orphans,Not Given,Japan,2016,TV-14,2019,11,,2.0,Anime Series
TV SHOW,Queer Eye: We're in Japan!,Not Given,United States,2019,TV-14,2019,11,,1.0,International Tv Shows
TV SHOW,The Boulet Brothers Dragula,Not Given,United States,2019,TV-MA,2019,11,,2.0,Reality Tv
TV SHOW,The Deep,Not Given,Canada,2019,TV-Y7,2019,11,,3.0,Kids' Tv
TV SHOW,We Are the Wave,Not Given,Germany,2019,TV-MA,2019,11,,1.0,International Tv Shows
TV SHOW,KENGAN ASHURA,Not Given,United States,2019,TV-MA,2019,10,,2.0,Anime Series
TV SHOW,Tomorrow with You,Not Given,South Korea,2017,TV-14,2019,10,,1.0,International Tv Shows
TV SHOW,Shine On with Reese,Not Given,United States,2018,TV-MA,2019,10,,1.0,Docuseries
MOVIE,The Road to El Camino: Behind the Scenes of El Camino: A Breaking Bad Movie,Not Given,United States,2019,TV-14,2019,10,,,Documentaries
TV SHOW,"Wait, My Youth",Not Given,China,2019,TV-PG,2019,10,,1.0,International Tv Shows
TV SHOW,A Little Thing Called First Love,Not Given,China,2019,TV-G,2019,10,,1.0,International Tv Shows
TV SHOW,BoJack Horseman,Not Given,United States,2020,TV-MA,2019,10,,6.0,Tv Comedies
TV SHOW,Brotherhood,Not Given,Brazil,2019,TV-MA,2019,10,,1.0,Crime Tv Shows
TV SHOW,Drug Squad: Costa del Sol,Not Given,Spain,2019,TV-MA,2019,10,,1.0,Crime Tv Shows
TV SHOW,Monzón: A Knockout Blow,Not Given,Argentina,2018,TV-MA,2019,10,,1.0,Crime Tv Shows
TV SHOW,Nailed It! France,Not Given,France,2019,TV-14,2019,10,,1.0,International Tv Shows
TV SHOW,Nailed It! Spain,Not Given,Spain,2019,TV-PG,2019,10,,1.0,International Tv Shows
TV SHOW,The Untamed,Not Given,China,2019,TV-14,2019,10,,1.0,International Tv Shows
TV SHOW,Daybreak,Not Given,United States,2019,TV-MA,2019,10,,1.0,Tv Action & Adventure
TV SHOW,"Breakfast, Lunch & Dinner",Not Given,United States,2019,TV-MA,2019,10,,1.0,Docuseries
TV SHOW,Interior Design Masters,Not Given,United Kingdom,2019,TV-PG,2019,10,,1.0,British Tv Shows
TV SHOW,Little Baby Bum: Nursery Rhyme Friends,Not Given,United Kingdom,2019,TV-Y,2019,10,,2.0,British Tv Shows
TV SHOW,Mighty Little Bheem: Diwali,Not Given,India,2019,TV-Y,2019,10,,1.0,Kids' Tv
TV SHOW,Spirit Riding Free: Pony Tales,Not Given,United States,2019,TV-Y7,2019,10,,2.0,Kids' Tv
TV SHOW,Toon,Not Given,Netherlands,2017,TV-MA,2019,10,,2.0,International Tv Shows
TV SHOW,Chosen,Not Given,China,2019,TV-14,2019,10,,2.0,Crime Tv Shows
TV SHOW,THE UNLISTED,Not Given,Australia,2019,TV-PG,2019,10,,1.0,Kids' Tv
TV SHOW,Another Miss Oh,Not Given,South Korea,2016,TV-MA,2019,10,,1.0,International Tv Shows
TV SHOW,Second 20s,Not Given,South Korea,2015,TV-14,2019,10,,1.0,International Tv Shows
TV SHOW,The Lies Within,Not Given,South Korea,2019,TV-14,2019,10,,1.0,Crime Tv Shows
TV SHOW,Insatiable,Not Given,United States,2019,TV-MA,2019,10,,2.0,Tv Comedies
TV SHOW,The Hook Up Plan,Not Given,France,2020,TV-MA,2019,10,,2.0,International Tv Shows
TV SHOW,Ultramarine Magmell,Not Given,Japan,2019,TV-14,2019,10,,1.0,Anime Series
TV SHOW,Rhythm + Flow,Not Given,United States,2019,TV-MA,2019,10,,1.0,Reality Tv
MOVIE,The Spooky Tale of Captain Underpants Hack-a-ween,Not Given,United States,2019,TV-Y7,2019,10,46.0,,Children & Family Movies
TV SHOW,Legend Quest: Masters of Myth,Not Given,Mexico,2019,TV-Y7,2019,10,,1.0,Kids' Tv
TV SHOW,My Country: The New Age,Not Given,South Korea,2019,TV-14,2019,10,,1.0,International Tv Shows
MOVIE,A Plastic Ocean,Not Given,United Kingdom,2016,TV-14,2019,10,100.0,,Documentaries
TV SHOW,MONKART,Not Given,Pakistan,2017,TV-Y7,2019,10,,1.0,Kids' Tv
TV SHOW,Creeped Out,Not Given,United Kingdom,2019,TV-PG,2019,10,,2.0,British Tv Shows
TV SHOW,Peaky Blinders,Not Given,United Kingdom,2019,TV-MA,2019,10,,5.0,British Tv Shows
TV SHOW,Raising Dion,Not Given,United States,2019,TV-PG,2019,10,,1.0,Kids' Tv
TV SHOW,Rotten,Not Given,United States,2019,TV-MA,2019,10,,2.0,Docuseries
TV SHOW,Seis Manos,Not Given,United States,2019,TV-MA,2019,10,,1.0,Anime Series
TV SHOW,Living Undocumented,Not Given,United States,2019,TV-MA,2019,10,,1.0,Docuseries
TV SHOW,Chicago Typewriter,Not Given,South Korea,2017,TV-14,2019,10,,1.0,International Tv Shows
TV SHOW,College Romance,Not Given,India,2018,TV-MA,2019,10,,1.0,International Tv Shows
TV SHOW,Engineering Girls,Not Given,India,2018,TV-MA,2019,10,,1.0,International Tv Shows
TV SHOW,Girls Hostel,Not Given,India,2018,TV-MA,2019,10,,1.0,International Tv Shows
TV SHOW,Inmates,Not Given,India,2017,TV-MA,2019,10,,1.0,International Tv Shows
TV SHOW,Miniforce X,Not Given,South Korea,2018,TV-Y7,2019,10,,1.0,Kids' Tv
TV SHOW,The K2,Not Given,South Korea,2016,TV-14,2019,10,,1.0,International Tv Shows
TV SHOW,The Liar and His Lover,Not Given,South Korea,2017,TV-PG,2019,10,,1.0,International Tv Shows
TV SHOW,Bard of Blood,Not Given,India,2019,TV-MA,2019,9,,1.0,International Tv Shows
TV SHOW,El Marginal,Not Given,Argentina,2019,TV-MA,2019,9,,3.0,Crime Tv Shows
TV SHOW,The Inmate,Not Given,Mexico,2018,TV-MA,2019,9,,1.0,Crime Tv Shows
TV SHOW,Abstract: The Art of Design,Not Given,United States,2019,TV-14,2019,9,,2.0,Docuseries
TV SHOW,Glitch,Not Given,Australia,2019,TV-MA,2019,9,,3.0,International Tv Shows
TV SHOW,Vagabond,Not Given,South Korea,2019,TV-MA,2019,9,,1.0,International Tv Shows
TV SHOW,Criminal: Germany,Not Given,Germany,2019,TV-MA,2019,9,,1.0,British Tv Shows
TV SHOW,Fastest Car,Not Given,United States,2019,TV-MA,2019,9,,2.0,Reality Tv
TV SHOW,Inside Bill's Brain: Decoding Bill Gates,Not Given,United States,2019,TV-14,2019,9,,1.0,Docuseries
TV SHOW,Surviving R. Kelly,Not Given,United States,2019,TV-MA,2019,9,,1.0,Crime Tv Shows
TV SHOW,Kabaneri of the Iron Fortress: The Battle of Unato,Not Given,Japan,2019,TV-MA,2019,9,,1.0,Anime Series
TV SHOW,Marianne,Not Given,France,2019,TV-MA,2019,9,,1.0,International Tv Shows
TV SHOW,Unbelievable,Not Given,United States,2019,TV-MA,2019,9,,1.0,Crime Tv Shows
TV SHOW,The I-Land,Not Given,United States,2019,TV-MA,2019,9,,1.0,Tv Action & Adventure
TV SHOW,"The Mind, Explained",Not Given,United States,2019,TV-14,2019,9,,1.0,Docuseries
TV SHOW,The Spy,Not Given,France,2019,TV-MA,2019,9,,1.0,International Tv Shows
MOVIE,American Factory: A Conversation with the Obamas,Not Given,United States,2019,TV-G,2019,9,,,Documentaries
TV SHOW,Moving Art,Not Given,United States,2018,TV-G,2019,9,,3.0,Docuseries
TV SHOW,Serial Killer with Piers Morgan,Not Given,United Kingdom,2018,TV-14,2019,9,,1.0,British Tv Shows
TV SHOW,Luo Bao Bei,Not Given,China,2018,TV-Y,2019,8,,1.0,British Tv Shows
TV SHOW,Criminal: France,Not Given,Pakistan,2019,TV-MA,2019,9,,1.0,Crime Tv Shows
TV SHOW,The Dark Crystal: Age of Resistance,Not Given,United Kingdom,2019,TV-PG,2019,8,,1.0,Tv Action & Adventure
TV SHOW,The Good Bandit,Not Given,Colombia,2018,TV-MA,2019,8,,1.0,Crime Tv Shows
TV SHOW,Million Pound Menu,Not Given,United Kingdom,2019,TV-MA,2019,8,,2.0,British Tv Shows
TV SHOW,13 Reasons Why: Beyond the Reasons,Not Given,United States,2019,TV-MA,2019,8,,3.0,Crime Tv Shows
TV SHOW,45 rpm,Not Given,Spain,2019,TV-MA,2019,8,,1.0,International Tv Shows
TV SHOW,Apache: The Life of Carlos Tevez,Not Given,Argentina,2019,TV-MA,2019,8,,1.0,Crime Tv Shows
TV SHOW,Better Than Us,Not Given,Russia,2019,TV-MA,2019,8,,1.0,Crime Tv Shows
TV SHOW,Diagnosis,Not Given,United States,2019,TV-14,2019,8,,1.0,Docuseries
TV SHOW,Green Frontier,Not Given,Colombia,2019,TV-MA,2019,8,,1.0,Crime Tv Shows
MOVIE,Invader Zim: Enter the Florpus,Not Given,South Korea,2019,TV-Y7,2019,8,72.0,,Children & Family Movies
TV SHOW,MINDHUNTER,Not Given,United States,2019,TV-MA,2019,8,,2.0,Crime Tv Shows
MOVIE,Super Monsters Back to School,Not Given,Canada,2019,TV-Y,2019,8,,,Children & Family Movies
TV SHOW,The King's Avatar,Not Given,China,2019,TV-MA,2019,8,,1.0,International Tv Shows
TV SHOW,Victim Number 8,Not Given,Spain,2018,TV-MA,2019,8,,1.0,International Tv Shows
TV SHOW,Cannon Busters,Not Given,United States,2019,TV-MA,2019,8,,1.0,Anime Series
TV SHOW,Knightfall,Not Given,United States,2019,TV-MA,2019,8,,2.0,Tv Dramas
TV SHOW,DC Super Hero Girls,Not Given,United States,2019,TV-Y7,2019,8,,1.0,Kids' Tv
TV SHOW,GLOW,Not Given,United States,2019,TV-MA,2019,8,,3.0,Tv Comedies
TV SHOW,IZombie,Not Given,United States,2019,TV-MA,2019,8,,5.0,Tv Comedies
TV SHOW,Sintonia,Not Given,Brazil,2019,TV-MA,2019,8,,1.0,Crime Tv Shows
TV SHOW,Bad Guys,Not Given,South Korea,2014,TV-MA,2019,8,,1.0,Crime Tv Shows
TV SHOW,Dollar,Not Given,Lebanon,2019,TV-MA,2019,8,,1.0,International Tv Shows
TV SHOW,Jane The Virgin,Not Given,United States,2019,TV-14,2019,8,,5.0,Romantic Tv Shows
TV SHOW,Let's Eat 2,Not Given,Malaysia,2015,TV-MA,2019,8,,1.0,International Tv Shows
TV SHOW,Let’s Eat,Not Given,South Korea,2013,TV-PG,2019,8,,1.0,International Tv Shows
TV SHOW,Misaeng,Not Given,South Korea,2014,TV-MA,2019,8,,1.0,International Tv Shows
TV SHOW,Oh My Ghost,Not Given,South Korea,2015,TV-MA,2019,8,,1.0,International Tv Shows
TV SHOW,Wu Assassins,Not Given,United States,2019,TV-MA,2019,8,,1.0,Tv Action & Adventure
TV SHOW,No Good Nick,Not Given,United States,2019,TV-PG,2019,8,,2.0,Kids' Tv
TV SHOW,Basketball or Nothing,Not Given,United States,2019,TV-PG,2019,8,,1.0,Docuseries
MOVIE,Otherhood,Not Given,United Kingdom,2019,R,2019,8,101.0,,Comedies
TV SHOW,Sleepless Society: Nyctophobia,Not Given,Thailand,2019,TV-MA,2019,8,,1.0,International Tv Shows
TV SHOW,The Letdown,Not Given,Australia,2019,TV-MA,2019,7,,2.0,International Tv Shows
TV SHOW,Twelve Forever,Not Given,United States,2019,TV-PG,2019,7,,1.0,Kids' Tv
TV SHOW,My First First Love,Not Given,South Korea,2019,TV-14,2019,7,,2.0,International Tv Shows
TV SHOW,Another Life,Not Given,United States,2019,TV-MA,2019,7,,1.0,British Tv Shows
TV SHOW,Beat Bugs,Not Given,Australia,2018,TV-Y,2019,7,,3.0,Kids' Tv
TV SHOW,Sexy Central,Not Given,Hong Kong,2019,TV-MA,2019,7,,1.0,International Tv Shows
TV SHOW,The Epic Tales of Captain Underpants,Not Given,United States,2019,TV-Y7,2019,7,,3.0,Kids' Tv
TV SHOW,Typewriter,Not Given,India,2019,TV-MA,2019,7,,1.0,International Tv Shows
TV SHOW,Rookie Historian Goo Hae-Ryung,Not Given,South Korea,2019,TV-14,2019,7,,1.0,International Tv Shows
TV SHOW,Pinky Malinky,Not Given,United States,2019,TV-Y7,2019,7,,3.0,Kids' Tv
TV SHOW,Unrequited Love,Not Given,China,2019,TV-14,2019,7,,1.0,International Tv Shows
TV SHOW,Angel Beats!,Not Given,Japan,2010,TV-PG,2019,7,,1.0,Anime Series
TV SHOW,Anohana: The Flower We Saw That Day,Not Given,Japan,2011,TV-14,2019,7,,1.0,Anime Series
TV SHOW,God Eater,Not Given,Japan,2015,TV-14,2019,7,,1.0,Anime Series
TV SHOW,GRANBLUE FANTASY the Animation,Not Given,Japan,2017,TV-PG,2019,7,,1.0,Anime Series
TV SHOW,3Below: Tales of Arcadia,Not Given,United States,2019,TV-Y7,2019,7,,2.0,Kids' Tv
TV SHOW,Bonus Family,Not Given,Sweden,2019,TV-MA,2019,7,,3.0,International Tv Shows
TV SHOW,One Spring Night,Not Given,South Korea,2019,TV-14,2019,7,,1.0,International Tv Shows
TV SHOW,The Princess Weiyoung,Not Given,China,2016,TV-14,2019,5,,1.0,International Tv Shows
TV SHOW,Free Rein,Not Given,United States,2019,TV-G,2019,7,,3.0,British Tv Shows
TV SHOW,The Legend of White Snake,Not Given,China,2019,TV-14,2019,7,,1.0,International Tv Shows
TV SHOW,Stranger Things,Not Given,United States,2019,TV-14,2019,7,,3.0,Tv Horror
TV SHOW,The Last Czars,Not Given,United States,2019,TV-MA,2019,7,,1.0,Docuseries
TV SHOW,Yummy Mummies,Not Given,Australia,2019,TV-MA,2019,7,,2.0,International Tv Shows
TV SHOW,Paquita Salas,Not Given,Spain,2018,TV-MA,2019,6,,3.0,International Tv Shows
TV SHOW,Bangkok Love Stories: Objects of Affection,Not Given,Thailand,2019,TV-14,2019,7,,1.0,International Tv Shows
TV SHOW,Bangkok Love Stories: Plead,Not Given,Thailand,2019,TV-14,2019,7,,1.0,International Tv Shows
TV SHOW,Designated Survivor: 60 Days,Not Given,South Korea,2019,TV-14,2019,7,,1.0,International Tv Shows
TV SHOW,DreamWorks Kung Fu Panda Awesome Secrets,Not Given,United States,2008,TV-PG,2019,7,,1.0,Kids' Tv
TV SHOW,Hatchimals | Adventures in Hatchtopia,Not Given,United States,2018,TV-Y,2019,7,,2.0,Kids' Tv
TV SHOW,Molang,Not Given,France,2015,TV-Y,2019,7,,1.0,Kids' Tv
TV SHOW,Rabbids Invasion,Not Given,France,2018,TV-Y7,2019,7,,1.0,Kids' Tv
TV SHOW,Record of Grancrest War,Not Given,Japan,2018,TV-MA,2019,7,,1.0,Anime Series
TV SHOW,Scare Tactics,Not Given,United States,2011,TV-MA,2019,6,,2.0,Reality Tv
TV SHOW,Dope,Not Given,United States,2019,TV-MA,2019,6,,3.0,Crime Tv Shows
TV SHOW,Exhibit A,Not Given,United States,2019,TV-MA,2019,6,,1.0,Crime Tv Shows
TV SHOW,Instant Hotel,Not Given,Australia,2019,TV-MA,2019,6,,2.0,International Tv Shows
TV SHOW,Motown Magic,Not Given,Australia,2019,TV-Y,2019,6,,2.0,Kids' Tv
MOVIE,Hikaru Utada Laughter in the Dark Tour 2018,Not Given,Japan,2018,TV-PG,2019,6,141.0,,International Movies
TV SHOW,Forest of Piano,Not Given,Japan,2019,TV-14,2019,6,,2.0,Anime Series
TV SHOW,Girls Incarcerated,Not Given,United States,2019,TV-MA,2019,6,,2.0,Docuseries
TV SHOW,Go! Live Your Way,Not Given,Argentina,2019,TV-PG,2019,6,,2.0,Kids' Tv
TV SHOW,Magi: The Labyrinth of Magic,Not Given,Japan,2013,TV-MA,2019,6,,2.0,Anime Series
TV SHOW,Neon Genesis Evangelion,Not Given,Japan,1995,TV-MA,2019,6,,1.0,Anime Series
TV SHOW,Shooter,Not Given,United States,2018,TV-14,2019,6,,3.0,Crime Tv Shows
TV SHOW,The Casketeers,Not Given,New Zealand,2019,TV-14,2019,6,,2.0,International Tv Shows
TV SHOW,The Confession Tapes,Not Given,United States,2019,TV-MA,2019,6,,2.0,Crime Tv Shows
TV SHOW,Fate/Zero,Not Given,Japan,2012,TV-MA,2019,6,,2.0,Anime Series
TV SHOW,Kill la Kill,Not Given,Japan,2014,TV-MA,2019,6,,1.0,Anime Series
TV SHOW,Puella Magi Madoka Magica,Not Given,Japan,2011,TV-14,2019,6,,1.0,Anime Series
TV SHOW,Somewhere Only We Know,Not Given,China,2019,TV-MA,2019,6,,1.0,International Tv Shows
TV SHOW,Unit 42,Not Given,Belgium,2017,TV-MA,2019,6,,1.0,Crime Tv Shows
TV SHOW,Awake: The Million Dollar Game,Not Given,United States,2019,TV-PG,2019,6,,1.0,Reality Tv
TV SHOW,Black Spot,Not Given,France,2019,TV-MA,2019,6,,2.0,Crime Tv Shows
TV SHOW,Girlfriends' Guide to Divorce,Not Given,United States,2019,TV-MA,2019,6,,5.0,Tv Comedies
TV SHOW,Answer for Heaven,Not Given,Pakistan,2019,TV-MA,2019,6,,1.0,Crime Tv Shows
TV SHOW,Leila,Not Given,India,2019,TV-MA,2019,6,,1.0,British Tv Shows
TV SHOW,Marlon,Not Given,United States,2018,TV-14,2019,6,,2.0,Tv Comedies
TV SHOW,Marvel's Jessica Jones,Not Given,United States,2019,TV-MA,2019,6,,3.0,Crime Tv Shows
TV SHOW,Yankee,Not Given,Mexico,2019,TV-MA,2019,6,,1.0,Crime Tv Shows
TV SHOW,Jinn,Not Given,Jordan,2019,TV-MA,2019,6,,1.0,International Tv Shows
TV SHOW,Upin & Ipin,Not Given,Malaysia,2011,TV-Y,2019,6,,1.0,Kids' Tv
TV SHOW,Designated Survivor,Not Given,United States,2019,TV-MA,2019,6,,3.0,Crime Tv Shows
TV SHOW,Super Monsters Monster Pets,Not Given,United States,2019,TV-Y,2019,6,,1.0,Kids' Tv
TV SHOW,Tales of the City,Not Given,United States,2019,TV-MA,2019,6,,1.0,Tv Dramas
TV SHOW,Black Mirror,Not Given,United Kingdom,2019,TV-MA,2019,6,,5.0,British Tv Shows
TV SHOW,Documentary Now!,Not Given,United States,2019,TV-14,2019,6,,3.0,Tv Comedies
TV SHOW,Malibu Rescue: The Series,Not Given,United States,2019,TV-G,2019,6,,1.0,Kids' Tv
TV SHOW,Arthdal Chronicles,Not Given,South Korea,2019,TV-MA,2019,6,,1.0,International Tv Shows
TV SHOW,A Thousand Goodnights,Not Given,Taiwan,2019,TV-14,2019,6,,1.0,International Tv Shows
TV SHOW,March Comes in Like a Lion,Not Given,Japan,2017,TV-14,2019,6,,2.0,Anime Series
TV SHOW,Bad Blood,Not Given,Canada,2019,TV-MA,2019,5,,2.0,Crime Tv Shows
TV SHOW,The Mechanism,Not Given,Brazil,2019,TV-MA,2019,5,,2.0,Crime Tv Shows
TV SHOW,When They See Us,Not Given,United States,2019,TV-MA,2019,5,,1.0,Crime Tv Shows
TV SHOW,Historical Roasts,Not Given,United States,2019,TV-MA,2019,5,,1.0,Stand-Up Comedy & Talk Shows
TV SHOW,She's Gotta Have It,Not Given,United States,2018,TV-MA,2019,5,,2.0,Romantic Tv Shows
TV SHOW,WHAT / IF,Not Given,United States,2019,TV-MA,2019,5,,1.0,Tv Dramas
TV SHOW,Prince of Peoria,Not Given,United States,2019,TV-G,2019,5,,2.0,Kids' Tv
TV SHOW,Rosario Tijeras,Not Given,Mexico,2018,TV-MA,2019,5,,2.0,Crime Tv Shows
TV SHOW,It's Bruno!,Not Given,United States,2019,TV-MA,2019,5,,1.0,Tv Comedies
TV SHOW,White Gold,Not Given,United Kingdom,2019,TV-MA,2019,5,,2.0,British Tv Shows
TV SHOW,Dennis and Gnasher Unleashed,Not Given,United Kingdom,2017,TV-Y,2019,5,,1.0,British Tv Shows
TV SHOW,"Heidi, bienvenida a casa",Not Given,Argentina,2017,TV-Y,2019,5,,1.0,Kids' Tv
TV SHOW,Revisions,Not Given,Japan,2018,TV-14,2019,5,,1.0,Anime Series
TV SHOW,Kazoops!,Not Given,Australia,2017,TV-Y,2017,5,,3.0,Kids' Tv
MOVIE,Still LAUGH-IN: The Stars Celebrate,Not Given,United States,2019,TV-MA,2019,5,61.0,,Comedies
TV SHOW,The Defected,Not Given,China,2019,TV-14,2019,5,,1.0,Crime Tv Shows
TV SHOW,Easy,Not Given,United States,2019,TV-MA,2019,5,,3.0,Tv Comedies
TV SHOW,Hyper HardBoiled Gourmet Report,Not Given,Pakistan,2017,TV-MA,2019,5,,1.0,Docuseries
TV SHOW,Jailbirds,Not Given,Pakistan,2019,TV-MA,2019,5,,1.0,Docuseries
TV SHOW,The Society,Not Given,United States,2019,TV-MA,2019,5,,1.0,Tv Dramas
TV SHOW,Abyss,Not Given,South Korea,2019,TV-14,2019,5,,1.0,Crime Tv Shows
TV SHOW,In the Bosom of a Thorn,Not Given,Kuwait,2019,TV-14,2019,5,,1.0,International Tv Shows
TV SHOW,The Writer,Not Given,Lebanon,2019,TV-14,2019,5,,1.0,Crime Tv Shows
TV SHOW,Cupcake & Dino - General Services,Not Given,Canada,2019,TV-Y7,2019,5,,2.0,Kids' Tv
TV SHOW,Flinch,Not Given,United Kingdom,2019,TV-PG,2019,5,,1.0,Reality Tv
TV SHOW,Tuca & Bertie,Not Given,United States,2019,TV-MA,2019,5,,1.0,Tv Comedies
TV SHOW,Code Geass: Lelouch of the Rebellion,Not Given,Japan,2008,TV-MA,2019,5,,2.0,Anime Series
TV SHOW,Angel 'N' Devil,Not Given,Taiwan,2014,TV-14,2019,4,,1.0,International Tv Shows
TV SHOW,Hong Kong West Side Stories,Not Given,Hong Kong,2018,TV-MA,2019,4,,1.0,International Tv Shows
TV SHOW,Ingress: The Animation,Not Given,Japan,2018,TV-MA,2019,4,,1.0,Anime Series
TV SHOW,K.O.3an Guo,Not Given,Taiwan,2009,TV-14,2019,4,,1.0,International Tv Shows
TV SHOW,The Outsiders,Not Given,Taiwan,2004,TV-MA,2019,4,,1.0,Crime Tv Shows
TV SHOW,Ash vs. Evil Dead,Not Given,United States,2018,TV-MA,2019,4,,3.0,Tv Action & Adventure
TV SHOW,Señora Acero,Not Given,Mexico,2018,TV-MA,2019,4,,5.0,Crime Tv Shows
TV SHOW,Chambers,Not Given,United States,2019,TV-MA,2019,4,,1.0,Tv Horror
TV SHOW,Street Food,Not Given,United States,2019,TV-PG,2019,4,,1.0,Docuseries
TV SHOW,KO One,Not Given,Taiwan,2005,TV-MA,2019,4,,1.0,International Tv Shows
TV SHOW,Lunatics,Not Given,Australia,2019,TV-MA,2019,4,,1.0,International Tv Shows
TV SHOW,My Dear Boy,Not Given,Taiwan,2017,TV-MA,2019,4,,1.0,International Tv Shows
TV SHOW,Rilakkuma and Kaoru,Not Given,Japan,2019,TV-PG,2019,4,,1.0,Anime Series
TV SHOW,Samantha!,Not Given,Brazil,2019,TV-MA,2019,4,,2.0,International Tv Shows
TV SHOW,Crazy Ex-Girlfriend,Not Given,United States,2019,TV-MA,2019,4,,4.0,Romantic Tv Shows
MOVIE,Francesco De Carlo: Cose di Questo Mondo,Not Given,Italy,2019,TV-MA,2019,4,61.0,,Stand-Up Comedy
TV SHOW,Huge in France,Not Given,United States,2019,TV-MA,2019,4,,1.0,Tv Comedies
TV SHOW,You vs. Wild,Not Given,United States,2019,TV-PG,2019,4,,1.0,Kids' Tv
TV SHOW,Time: The Kalief Browder Story,Not Given,United States,2017,TV-MA,2019,4,,1.0,Docuseries
TV SHOW,K.O. One Re-act,Not Given,Pakistan,2013,TV-14,2019,4,,1.0,International Tv Shows
TV SHOW,KO One Return,Not Given,Pakistan,2012,TV-MA,2019,4,,1.0,International Tv Shows
TV SHOW,Derek,Not Given,United Kingdom,2015,TV-MA,2019,4,,3.0,British Tv Shows
TV SHOW,Imposters,Not Given,United States,2017,TV-MA,2019,4,,2.0,Crime Tv Shows
TV SHOW,Quicksand,Not Given,Sweden,2019,TV-MA,2019,4,,1.0,Crime Tv Shows
TV SHOW,Rimba Racer,Not Given,Malaysia,2017,TV-PG,2019,4,,1.0,Kids' Tv
TV SHOW,Roman Empire: Reign of Blood,Not Given,Canada,2019,TV-MA,2019,4,,3.0,Docuseries
TV SHOW,Spirit: Riding Free,Not Given,United States,2019,TV-Y7,2019,4,,8.0,Kids' Tv
TV SHOW,Tijuana,Not Given,Mexico,2019,TV-MA,2019,4,,1.0,Crime Tv Shows
TV SHOW,Possessed,Not Given,South Korea,2019,TV-MA,2019,4,,1.0,Crime Tv Shows
TV SHOW,Tango,Not Given,Lebanon,2018,TV-14,2019,4,,1.0,International Tv Shows
TV SHOW,"That Winter, the Wind Blows",Not Given,South Korea,2013,TV-MA,2019,4,,1.0,International Tv Shows
TV SHOW,Ultraman,Not Given,United States,2019,TV-14,2019,4,,1.0,Anime Series
TV SHOW,Pablo,Not Given,United Kingdom,2017,TV-Y,2019,3,,1.0,British Tv Shows
TV SHOW,Osmosis,Not Given,France,2019,TV-MA,2019,3,,1.0,International Tv Shows
TV SHOW,Santa Clarita Diet,Not Given,United States,2019,TV-MA,2019,3,,3.0,Tv Comedies
TV SHOW,Traitors,Not Given,United Kingdom,2019,TV-MA,2019,3,,1.0,British Tv Shows
TV SHOW,Versailles,Not Given,France,2018,TV-MA,2019,3,,3.0,International Tv Shows
TV SHOW,Ainori Love Wagon: Asian Journey,Not Given,Japan,2018,TV-MA,2019,3,,2.0,International Tv Shows
TV SHOW,Charlie's Colorforms City,Not Given,United States,2019,TV-Y,2019,3,,1.0,Kids' Tv
TV SHOW,Crime Diaries: The Candidate,Not Given,Mexico,2019,TV-MA,2019,3,,1.0,Crime Tv Shows
TV SHOW,Delhi Crime,Not Given,India,2019,TV-MA,2019,3,,1.0,Crime Tv Shows
TV SHOW,The OA,Not Given,United States,2019,TV-MA,2019,3,,2.0,Tv Dramas
TV SHOW,Bo on the Go!,Not Given,Canada,2007,TV-Y,2019,3,,1.0,Kids' Tv
TV SHOW,Stay Tuned!,Not Given,Japan,2019,TV-14,2019,3,,1.0,International Tv Shows
TV SHOW,My Husband Won't Fit,Not Given,Japan,2019,TV-MA,2019,3,,1.0,International Tv Shows
TV SHOW,Green Door,Not Given,Taiwan,2019,TV-MA,2019,3,,1.0,International Tv Shows
TV SHOW,If I Hadn't Met You,Not Given,Spain,2018,TV-MA,2019,3,,1.0,International Tv Shows
TV SHOW,Robozuna,Not Given,United Kingdom,2018,TV-Y7,2019,3,,2.0,British Tv Shows
TV SHOW,Turn Up Charlie,Not Given,United Kingdom,2019,TV-MA,2019,3,,1.0,British Tv Shows
TV SHOW,More to Say,Not Given,Egypt,2018,TV-14,2019,3,,1.0,International Tv Shows
TV SHOW,The Land of Hypocrisy,Not Given,Egypt,2018,TV-14,2019,3,,1.0,International Tv Shows
TV SHOW,Eugenie Nights,Not Given,Egypt,2018,TV-14,2019,3,,1.0,International Tv Shows
TV SHOW,This Evening,Not Given,Egypt,2017,TV-14,2019,3,,1.0,International Tv Shows
TV SHOW,Into the Badlands,Not Given,United States,2018,TV-MA,2019,3,,3.0,Tv Action & Adventure
TV SHOW,Disappearance,Not Given,Egypt,2018,TV-MA,2019,3,,1.0,International Tv Shows
TV SHOW,Immortals,Not Given,Turkey,2018,TV-MA,2019,3,,1.0,International Tv Shows
TV SHOW,American Crime Story: The People v. O.J. Simpson,Not Given,United States,2016,TV-MA,2019,3,,1.0,Crime Tv Shows
TV SHOW,Secret City,Not Given,Australia,2016,TV-MA,2019,3,,2.0,International Tv Shows
TV SHOW,A Korean Odyssey,Not Given,South Korea,2017,TV-MA,2019,3,,1.0,International Tv Shows
TV SHOW,Cricket Fever: Mumbai Indians,Not Given,India,2019,TV-MA,2019,3,,1.0,Docuseries
TV SHOW,Northern Rescue,Not Given,Canada,2019,TV-14,2019,3,,1.0,Tv Dramas
TV SHOW,The Disastrous Life of Saiki K.,Not Given,Japan,2018,TV-14,2019,3,,3.0,Anime Series
TV SHOW,Chef's Table,Not Given,United States,2019,TV-MA,2019,2,,6.0,Docuseries
TV SHOW,Unsolved,Not Given,United States,2018,TV-MA,2019,2,,1.0,Crime Tv Shows
TV SHOW,The Big Family Cooking Showdown,Not Given,United Kingdom,2018,TV-PG,2019,2,,2.0,British Tv Shows
TV SHOW,Z4,Not Given,Brazil,2018,TV-PG,2019,2,,2.0,Kids' Tv
TV SHOW,Bangkok Love Stories: Hey You!,Not Given,Pakistan,2018,TV-14,2019,3,,1.0,International Tv Shows
TV SHOW,The Kirlian Frequency,Not Given,Argentina,2017,TV-14,2019,2,,1.0,International Tv Shows
TV SHOW,Barbie Dreamhouse Adventures,Not Given,United States,2018,TV-Y,2019,2,,3.0,Kids' Tv
TV SHOW,Velvet Colección,Not Given,Spain,2018,TV-14,2019,2,,2.0,International Tv Shows
TV SHOW,Iron Ladies,Not Given,Taiwan,2018,TV-14,2019,2,,1.0,International Tv Shows
TV SHOW,The Break,Not Given,Belgium,2018,TV-MA,2019,2,,2.0,Crime Tv Shows
TV SHOW,One Day at a Time,Not Given,United States,2019,TV-PG,2019,2,,3.0,Tv Comedies
TV SHOW,The Last of the Schmucks,Not Given,Egypt,2017,TV-MA,2019,2,,1.0,International Tv Shows
TV SHOW,Hidden Worlds,Not Given,Egypt,2018,TV-14,2019,2,,1.0,Crime Tv Shows
TV SHOW,Live,Not Given,South Korea,2018,TV-MA,2019,2,,1.0,Crime Tv Shows
TV SHOW,Safe,Not Given,United Kingdom,2018,TV-MA,2019,2,,1.0,British Tv Shows
TV SHOW,Tayee,Not Given,Egypt,2018,TV-MA,2019,2,,1.0,International Tv Shows
TV SHOW,Violet Evergarden,Not Given,Japan,2018,TV-14,2019,2,,1.0,Anime Series
TV SHOW,Romance is a bonus book,Not Given,South Korea,2019,TV-14,2019,2,,1.0,International Tv Shows
MOVIE,Free Rein: Valentine's Day,Not Given,United States,2019,TV-G,2019,2,51.0,,Children & Family Movies
MOVIE,LEGO Marvel Super Heroes: Guardians of the Galaxy,Not Given,United States,2017,TV-Y,2019,2,,,Children & Family Movies
TV SHOW,Littlest Pet Shop: A World of Our Own,Not Given,United States,2018,TV-Y7,2019,2,,2.0,Kids' Tv
TV SHOW,Russian Doll,Not Given,United States,2019,TV-MA,2019,2,,1.0,Tv Comedies
TV SHOW,Sparta,Not Given,Russia,2018,TV-MA,2019,2,,1.0,Crime Tv Shows
TV SHOW,Sword Art Online Alternative: Gun Gale Online,Not Given,Japan,2018,TV-MA,2019,2,,1.0,Anime Series
MOVIE,True: Happy Hearts Day,Not Given,United States,2019,TV-Y,2019,2,,,Children & Family Movies
TV SHOW,A Taiwanese Tale of Two Cities,Not Given,Taiwan,2018,TV-MA,2019,1,,1.0,International Tv Shows
TV SHOW,Z Nation,Not Given,United States,2018,TV-MA,2019,1,,5.0,Tv Action & Adventure
TV SHOW,Black Earth Rising,Not Given,United Kingdom,2018,TV-MA,2019,1,,1.0,British Tv Shows
TV SHOW,Club of Crows,Not Given,Mexico,2019,TV-MA,2019,1,,4.0,International Tv Shows
TV SHOW,Examination of Conscience,Not Given,Spain,2019,TV-MA,2019,1,,1.0,Crime Tv Shows
MOVIE,Polar,Not Given,United States,2019,TV-MA,2019,1,119.0,,Action & Adventure
TV SHOW,Conversations with a Killer: The Ted Bundy Tapes,Not Given,United States,2019,TV-MA,2019,1,,1.0,Crime Tv Shows
MOVIE,Close,Not Given,United Kingdom,2019,TV-MA,2019,1,95.0,,Action & Adventure
TV SHOW,Marvel's The Punisher,Not Given,United States,2019,TV-MA,2019,1,,2.0,Crime Tv Shows
TV SHOW,The World's Most Extraordinary Homes,Not Given,United Kingdom,2019,TV-G,2019,1,,3.0,British Tv Shows
MOVIE,Adhugo,Not Given,India,2018,TV-14,2019,1,105.0,,Comedies
TV SHOW,Lavender,Not Given,Taiwan,2002,TV-14,2019,1,,1.0,International Tv Shows
TV SHOW,La Grande Chaumière Violette,Not Given,Taiwan,2016,TV-14,2019,1,,1.0,International Tv Shows
TV SHOW,Friends from College,Not Given,United States,2019,TV-MA,2019,1,,2.0,Romantic Tv Shows
TV SHOW,Hardy Bucks,Not Given,Ireland,2018,TV-MA,2019,1,,4.0,Tv Comedies
TV SHOW,Horrid Henry,Not Given,United Kingdom,2019,TV-Y7,2019,1,,2.0,British Tv Shows
TV SHOW,Pocoyo,Not Given,Spain,2017,TV-Y,2019,1,,4.0,Kids' Tv
TV SHOW,When Heroes Fly,Not Given,Israel,2018,TV-MA,2019,1,,1.0,International Tv Shows
TV SHOW,A Series of Unfortunate Events,Not Given,United States,2019,TV-PG,2019,1,,3.0,Kids' Tv
TV SHOW,COMEDIANS of the world,Not Given,United States,2019,TV-MA,2019,1,,13.0,Stand-Up Comedy & Talk Shows
TV SHOW,The Paper,Not Given,Croatia,2018,TV-MA,2019,1,,2.0,International Tv Shows
MOVIE,Gina Yashere: Skinny B*tch,Not Given,United Kingdom,2008,TV-MA,2018,12,58.0,,Stand-Up Comedy
MOVIE,Secrets in the Hot Spring,Not Given,Taiwan,2018,TV-14,2018,12,108.0,,Comedies
MOVIE,Tim Allen: ReWires America,Not Given,United States,1991,TV-MA,2018,12,,,Stand-Up Comedy
TV SHOW,In Family We Trust,Not Given,Thailand,2018,TV-MA,2018,12,,1.0,Crime Tv Shows
MOVIE,Black Mirror: Bandersnatch,Not Given,United States,2018,TV-MA,2018,12,312.0,,Dramas
TV SHOW,Hashoter Hatov,Not Given,Israel,2015,TV-MA,2018,12,,1.0,Crime Tv Shows
TV SHOW,Murder Mountain,Not Given,United States,2018,TV-MA,2018,12,,1.0,Crime Tv Shows
TV SHOW,Becoming Champions,Not Given,Mexico,2018,TV-G,2018,8,,1.0,Docuseries
TV SHOW,Déjà Vu,Not Given,Pakistan,2013,TV-14,2019,1,,1.0,International Tv Shows
TV SHOW,Selection Day,Not Given,India,2018,TV-14,2018,12,,1.0,International Tv Shows
TV SHOW,Stand Up and Away! with Brian Regan,Not Given,United States,2018,TV-PG,2018,12,,1.0,Stand-Up Comedy & Talk Shows
TV SHOW,Way Back into Love,Not Given,Taiwan,2011,TV-14,2018,12,,1.0,International Tv Shows
TV SHOW,People Just Do Nothing,Not Given,United Kingdom,2018,TV-MA,2018,12,,5.0,British Tv Shows
TV SHOW,7 Days Out,Not Given,United States,2018,TV-PG,2018,12,,1.0,Docuseries
TV SHOW,Jojo's World,Not Given,Taiwan,2017,TV-14,2018,12,,1.0,International Tv Shows
TV SHOW,LAST HOPE,Not Given,Japan,2018,TV-14,2018,12,,2.0,Anime Series
TV SHOW,Lion Pride,Not Given,Taiwan,2017,TV-MA,2018,12,,1.0,International Tv Shows
TV SHOW,Love @ Seventeen,Not Given,Taiwan,2016,TV-14,2018,12,,1.0,International Tv Shows
TV SHOW,Perfume,Not Given,Germany,2018,TV-MA,2018,12,,1.0,Crime Tv Shows
TV SHOW,Sirius the Jaeger,Not Given,Japan,2018,TV-MA,2018,12,,1.0,Anime Series
TV SHOW,Wolf,Not Given,Turkey,2018,TV-MA,2018,12,,1.0,International Tv Shows
TV SHOW,Fate/stay night: Unlimited Blade Works,Not Given,Japan,2015,TV-14,2018,12,,2.0,Anime Series
TV SHOW,Ashes of Love,Not Given,China,2018,TV-14,2018,12,,1.0,International Tv Shows
TV SHOW,DreamWorks Holiday Classics,Not Given,United States,2011,TV-PG,2018,12,,1.0,Kids' Tv
TV SHOW,Flowers,Not Given,United Kingdom,2018,TV-MA,2018,12,,2.0,British Tv Shows
MOVIE,Once in a Lifetime Sessions with George Ezra,Not Given,United States,2018,TV-MA,2018,12,78.0,,Documentaries
MOVIE,Once in a Lifetime Sessions with OneRepublic,Not Given,United States,2018,TV-PG,2018,12,73.0,,Documentaries
TV SHOW,Demon's Path,Not Given,Pakistan,2018,TV-14,2018,12,,1.0,Crime Tv Shows
TV SHOW,Hymn of Death,Not Given,South Korea,2018,TV-14,2018,12,,1.0,International Tv Shows
TV SHOW,The Fix,Not Given,United States,2018,TV-MA,2018,12,,1.0,Tv Comedies
TV SHOW,The Innocent Man,Not Given,United States,2018,TV-MA,2018,12,,1.0,Crime Tv Shows
TV SHOW,Tidelands,Not Given,Australia,2018,TV-MA,2018,12,,1.0,Crime Tv Shows
TV SHOW,Travelers,Not Given,Canada,2018,TV-MA,2018,12,,3.0,Crime Tv Shows
TV SHOW,Voltron: Legendary Defender,Not Given,United States,2018,TV-Y7,2018,12,,8.0,Kids' Tv
TV SHOW,Back Street Girls -GOKUDOLS-,Not Given,Japan,2018,TV-MA,2018,12,,1.0,Anime Series
TV SHOW,Dogs of Berlin,Not Given,Germany,2018,TV-MA,2018,12,,1.0,Crime Tv Shows
TV SHOW,Neo Yokio,Not Given,United States,2018,TV-MA,2018,12,,2.0,Tv Comedies
TV SHOW,The Sound of Your Heart: Reboot,Not Given,South Korea,2018,TV-14,2018,12,,2.0,International Tv Shows
TV SHOW,Memories of the Alhambra,Not Given,South Korea,2018,TV-MA,2018,12,,1.0,Crime Tv Shows
MOVIE,Roll With Me,Not Given,United States,2017,TV-MA,2018,12,90.0,,Documentaries
TV SHOW,1983,Not Given,Poland,2018,TV-MA,2018,11,,1.0,Crime Tv Shows
TV SHOW,Death by Magic,Not Given,United States,2018,TV-PG,2018,11,,1.0,Reality Tv
TV SHOW,Love and Fortune,Not Given,Japan,2018,TV-MA,2018,11,,1.0,International Tv Shows
TV SHOW,Spy Kids: Mission Critical,Not Given,United States,2018,TV-Y7,2018,11,,2.0,Kids' Tv
TV SHOW,Bumping Mics with Jeff Ross & Dave Attell,Not Given,United States,2018,TV-MA,2018,11,,1.0,Stand-Up Comedy & Talk Shows
TV SHOW,Minecraft: Story Mode,Not Given,United States,2015,TV-PG,2018,11,,1.0,Kids' Tv
TV SHOW,Frontier,Not Given,Canada,2018,TV-MA,2018,11,,3.0,International Tv Shows
TV SHOW,Fugitiva,Not Given,Spain,2018,TV-MA,2018,11,,1.0,Crime Tv Shows
TV SHOW,Sick Note,Not Given,United Kingdom,2018,TV-MA,2018,11,,2.0,British Tv Shows
TV SHOW,Mystery Science Theater 3000: The Return,Not Given,United States,2018,TV-14,2018,11,,2.0,Tv Comedies
TV SHOW,The Final Table,Not Given,United States,2018,TV-PG,2018,11,,1.0,Reality Tv
TV SHOW,Eternal Love,Not Given,China,2017,TV-14,2018,11,,1.0,International Tv Shows
TV SHOW,La Doña,Not Given,United States,2016,TV-14,2018,11,,1.0,Spanish-Language Tv Shows
TV SHOW,Silvana Sin Lana,Not Given,United States,2016,TV-14,2018,11,,1.0,Romantic Tv Shows
TV SHOW,Ponysitters Club,Not Given,Canada,2018,TV-G,2018,11,,2.0,Kids' Tv
MOVIE,The Princess Switch,Not Given,United States,2018,TV-G,2018,11,102.0,,Children & Family Movies
TV SHOW,Vai Anitta,Not Given,Brazil,2018,TV-MA,2018,11,,1.0,Docuseries
TV SHOW,Warrior,Not Given,Denmark,2018,TV-MA,2018,11,,1.0,Crime Tv Shows
TV SHOW,Age of Tanks,Not Given,Germany,2017,TV-PG,2018,11,,1.0,Docuseries
TV SHOW,Medal of Honor,Not Given,United States,2018,TV-MA,2018,11,,1.0,Docuseries
TV SHOW,Super Drags,Not Given,Brazil,2018,TV-MA,2018,11,,1.0,International Tv Shows
TV SHOW,Baby Ballroom,Not Given,United Kingdom,2018,TV-MA,2018,7,,2.0,British Tv Shows
TV SHOW,The Queen of Flow,Not Given,Colombia,2018,TV-MA,2018,11,,1.0,Crime Tv Shows
TV SHOW,Treehouse Detectives,Not Given,South Korea,2018,TV-Y,2018,11,,2.0,Kids' Tv
TV SHOW,Westside,Not Given,United States,2018,TV-MA,2018,11,,1.0,Reality Tv
TV SHOW,Transfers,Not Given,France,2017,TV-MA,2018,11,,1.0,Crime Tv Shows
TV SHOW,Damnation,Not Given,United States,2017,TV-MA,2018,11,,1.0,Crime Tv Shows
MOVIE,John Leguizamo's Latin History for Morons,Not Given,United States,2018,TV-MA,2018,11,90.0,,Stand-Up Comedy
TV SHOW,Kopitiam,Not Given,Malaysia,2003,TV-14,2018,11,,7.0,International Tv Shows
TV SHOW,Creators,Not Given,Argentina,2015,TV-Y,2018,11,,2.0,Kids' Tv
TV SHOW,Follow This,Not Given,United States,2018,TV-MA,2018,11,,3.0,Docuseries
TV SHOW,Empire Games,Not Given,Czech Republic,2018,TV-14,2018,10,,1.0,Docuseries
MOVIE,Yeh Hai Bakrapur,Not Given,India,2014,TV-PG,2018,11,95.0,,Comedies
TV SHOW,Fate/EXTRA Last Encore,Not Given,Japan,2018,TV-MA,2018,10,,2.0,Anime Series
MOVIE,Santo Cachón,Not Given,Colombia,2018,TV-14,2018,10,87.0,,Comedies
TV SHOW,Terrorism Close Calls,Not Given,United States,2018,TV-MA,2018,10,,1.0,Crime Tv Shows
TV SHOW,DreamWorks Spooky Stories,Not Given,United States,2009,TV-PG,2018,10,,1.0,Kids' Tv
TV SHOW,Great News,Not Given,United States,2017,TV-14,2018,10,,2.0,Tv Comedies
TV SHOW,Here to Heart,Not Given,China,2018,TV-14,2018,10,,1.0,International Tv Shows
TV SHOW,The Hollywood Masters,Not Given,United States,2017,TV-MA,2018,10,,3.0,Stand-Up Comedy & Talk Shows
TV SHOW,Accidentally in Love,Not Given,China,2018,TV-14,2018,10,,1.0,International Tv Shows
TV SHOW,Ask the Doctor,Not Given,Australia,2017,TV-PG,2018,10,,1.0,Docuseries
TV SHOW,Brainchild,Not Given,Pakistan,2018,TV-G,2018,11,,1.0,Kids' Tv
TV SHOW,Best.Worst.Weekend.Ever.,Not Given,United States,2018,TV-PG,2018,10,,1.0,Kids' Tv
TV SHOW,Making a Murderer,Not Given,United States,2018,TV-14,2018,10,,2.0,Crime Tv Shows
TV SHOW,Marvel's Daredevil,Not Given,United States,2018,TV-MA,2018,10,,3.0,Crime Tv Shows
TV SHOW,Project S The Series,Not Given,Thailand,2017,TV-MA,2018,10,,4.0,International Tv Shows
TV SHOW,Wanderlust,Not Given,United Kingdom,2018,TV-MA,2018,10,,1.0,British Tv Shows
TV SHOW,My Babysitter's a Vampire,Not Given,Canada,2012,TV-PG,2018,10,,2.0,Kids' Tv
TV SHOW,Rake,Not Given,Australia,2018,TV-MA,2018,10,,5.0,Crime Tv Shows
TV SHOW,Stunt Science,Not Given,United Kingdom,2018,TV-MA,2018,10,,1.0,British Tv Shows
TV SHOW,The Curious Creations of Christine McConnell,Not Given,United States,2018,TV-PG,2018,10,,1.0,Tv Comedies
TV SHOW,The Haunting of Hill House,Not Given,United States,2018,TV-MA,2018,10,,1.0,Tv Dramas
TV SHOW,Blood Pact,Not Given,Brazil,2018,TV-MA,2018,10,,1.0,Crime Tv Shows
TV SHOW,Sofia the First,Not Given,United States,2017,TV-Y,2018,10,,4.0,Kids' Tv
TV SHOW,LOST SONG,Not Given,Japan,2018,TV-14,2018,10,,1.0,Anime Series
MOVIE,Derren Brown: Sacrifice,Not Given,Pakistan,2018,TV-MA,2018,10,50.0,,Movies
TV SHOW,YG Future Strategy Office,Not Given,South Korea,2018,TV-MA,2018,10,,1.0,International Tv Shows
TV SHOW,Monty Python Best Bits (mostly),Not Given,United Kingdom,2014,TV-MA,2018,10,,1.0,British Tv Shows
MOVIE,Monty Python: Live at Aspen,Not Given,United States,1998,TV-MA,2018,10,58.0,,Comedies
TV SHOW,Monty Python's Almost the Truth,Not Given,United Kingdom,2009,TV-MA,2018,10,,1.0,British Tv Shows
TV SHOW,Monty Python's Fliegender Zirkus,Not Given,United Kingdom,1972,TV-MA,2018,10,,1.0,International Tv Shows
TV SHOW,Monty Python's Flying Circus,Not Given,United Kingdom,1974,TV-14,2018,10,,4.0,British Tv Shows
TV SHOW,Monty Python's Personal Best,Not Given,United States,2005,TV-MA,2018,10,,1.0,British Tv Shows
TV SHOW,Strong,Not Given,United States,2016,TV-14,2018,10,,1.0,Reality Tv
TV SHOW,Three Wives One Husband,Not Given,United Kingdom,2018,TV-14,2018,10,,1.0,British Tv Shows
TV SHOW,The Good Cop,Not Given,United States,2018,TV-14,2018,9,,1.0,Crime Tv Shows
TV SHOW,Made in Mexico,Not Given,United States,2018,TV-MA,2018,9,,1.0,International Tv Shows
TV SHOW,Reboot: The Guardian Code,Not Given,Canada,2018,TV-Y7,2018,9,,2.0,Kids' Tv
TV SHOW,Skylanders Academy,Not Given,South Korea,2018,TV-Y7,2018,9,,3.0,Kids' Tv
TV SHOW,DRAGON PILOT: Hisone & Masotan,Not Given,Japan,2018,TV-14,2018,9,,1.0,Anime Series
TV SHOW,Maniac,Not Given,United States,2018,TV-MA,2018,9,,1.0,Tv Comedies
MOVIE,Rafinha Bastos: Ultimatum,Not Given,Brazil,2018,TV-MA,2018,9,63.0,,Stand-Up Comedy
TV SHOW,Mobile Suit Gundam UC,Not Given,Japan,2014,TV-PG,2018,9,,1.0,Anime Series
MOVIE,Super Monsters Save Halloween,Not Given,Pakistan,2018,TV-Y,2018,10,,,Children & Family Movies
TV SHOW,Transformers: Rescue Bots,Not Given,Canada,2016,TV-Y7,2018,9,,1.0,Kids' Tv
TV SHOW,Al Hayba,Not Given,Lebanon,2017,TV-14,2018,9,,1.0,Crime Tv Shows
TV SHOW,American Vandal,Not Given,United States,2018,TV-MA,2018,9,,2.0,Crime Tv Shows
TV SHOW,Ingobernable,Not Given,Mexico,2018,TV-MA,2018,9,,2.0,Crime Tv Shows
TV SHOW,Norm Macdonald Has a Show,Not Given,United States,2018,TV-MA,2018,9,,1.0,Stand-Up Comedy & Talk Shows
TV SHOW,The Rise of Phoenixes,Not Given,China,2018,TV-14,2018,9,,1.0,International Tv Shows
MOVIE,Reversing Roe,Not Given,United States,2018,TV-14,2018,9,100.0,,Documentaries
TV SHOW,Life,Not Given,South Korea,2018,TV-MA,2018,9,,1.0,International Tv Shows
TV SHOW,Daniel Sloss: Live Shows,Not Given,United States,2018,TV-MA,2018,9,,1.0,Stand-Up Comedy & Talk Shows
TV SHOW,Transformers Prime,Not Given,United States,2013,TV-Y7,2018,9,,1.0,Kids' Tv
TV SHOW,Transformers: Robots in Disguise,Not Given,United States,2016,TV-Y7,2018,9,,1.0,Kids' Tv
TV SHOW,Marvel's Iron Fist,Not Given,United States,2018,TV-MA,2018,9,,2.0,Crime Tv Shows
TV SHOW,Stretch Armstrong & the Flex Fighters,Not Given,United States,2018,TV-Y7,2018,9,,2.0,Kids' Tv
TV SHOW,Monkey Twins,Not Given,Thailand,2018,TV-MA,2018,9,,1.0,Crime Tv Shows
TV SHOW,Quantico,Not Given,United States,2018,TV-14,2018,9,,3.0,Crime Tv Shows
TV SHOW,Boca Juniors Confidential,Not Given,Pakistan,2018,TV-PG,2018,9,,1.0,Docuseries
TV SHOW,Sisters,Not Given,Australia,2018,TV-MA,2018,9,,1.0,International Tv Shows
TV SHOW,Cathedral of the Sea,Not Given,Spain,2017,TV-MA,2018,8,,1.0,International Tv Shows
TV SHOW,Inside the Criminal Mind,Not Given,United States,2018,TV-MA,2018,8,,1.0,Crime Tv Shows
TV SHOW,The Comedy Lineup,Not Given,United States,2018,TV-MA,2018,8,,2.0,Stand-Up Comedy & Talk Shows
TV SHOW,Ultimate Beastmaster,Not Given,United States,2018,TV-PG,2018,8,,3.0,Reality Tv
TV SHOW,Undercover Law,Not Given,Colombia,2017,TV-MA,2018,8,,1.0,Crime Tv Shows
TV SHOW,Chicken Soup for the Soul's Being Dad,Not Given,United States,2018,TV-MA,2018,8,,1.0,Docuseries
TV SHOW,The Innocents,Not Given,United Kingdom,2018,TV-MA,2018,8,,1.0,British Tv Shows
MOVIE,Party Monster: Scratching the Surface,Not Given,United States,2018,TV-14,2018,8,33.0,,Comedies
TV SHOW,Stay Here,Not Given,United States,2018,TV-PG,2018,8,,1.0,Reality Tv
TV SHOW,72 Dangerous Animals: Asia,Not Given,Australia,2018,TV-14,2018,8,,1.0,Docuseries
TV SHOW,Afflicted,Not Given,United States,2018,TV-MA,2018,8,,1.0,Docuseries
TV SHOW,All About the Washingtons,Not Given,United States,2018,TV-PG,2018,8,,1.0,Tv Comedies
TV SHOW,The Originals,Not Given,United States,2018,TV-14,2018,8,,5.0,Tv Dramas
TV SHOW,On Children,Not Given,Taiwan,2018,TV-14,2018,8,,1.0,International Tv Shows
TV SHOW,Cocaine Coast,Not Given,Spain,2018,TV-MA,2018,8,,1.0,Crime Tv Shows
TV SHOW,Ultimate Beastmaster México,Not Given,Pakistan,2018,TV-PG,2018,8,,3.0,Reality Tv
TV SHOW,Switched,Not Given,Japan,2018,TV-MA,2018,8,,1.0,International Tv Shows
TV SHOW,The Could’ve-Gone-All-the-Way Committee,Not Given,Japan,2018,TV-14,2018,8,,1.0,International Tv Shows
TV SHOW,A Very Secret Service,Not Given,France,2018,TV-MA,2018,7,,2.0,International Tv Shows
TV SHOW,SWORDGAI The Animation,Not Given,Japan,2018,TV-MA,2018,7,,2.0,Anime Series
TV SHOW,Kath and Kim,Not Given,Australia,2007,TV-MA,2018,7,,6.0,Tv Comedies
TV SHOW,El Chapo,Not Given,Mexico,2018,TV-MA,2018,7,,3.0,Crime Tv Shows
TV SHOW,Smoking,Not Given,Japan,2018,TV-MA,2018,7,,1.0,Crime Tv Shows
TV SHOW,Welcome to the Family,Not Given,Spain,2018,TV-MA,2018,7,,1.0,International Tv Shows
TV SHOW,Amazing Interiors,Not Given,United Kingdom,2018,TV-PG,2018,7,,1.0,British Tv Shows
TV SHOW,Dark Tourist,Not Given,New Zealand,2018,TV-MA,2018,7,,1.0,Docuseries
MOVIE,Father of the Year,Not Given,United States,2018,TV-MA,2018,7,95.0,,Comedies
TV SHOW,Home: Adventures with Tip & Oh,Not Given,United States,2018,TV-Y7,2018,7,,4.0,Kids' Tv
TV SHOW,Jimmy: The True Story of a True Idiot,Not Given,Japan,2018,TV-MA,2018,7,,1.0,International Tv Shows
TV SHOW,Luna Petunia: Return to Amazia,Not Given,Canada,2018,TV-Y,2018,7,,2.0,Kids' Tv
MOVIE,El club de los buenos infieles,Not Given,Spain,2018,TV-MA,2018,7,85.0,,Comedies
TV SHOW,The Joel McHale Show with Joel McHale,Not Given,United States,2018,TV-MA,2018,7,,2.0,Stand-Up Comedy & Talk Shows
TV SHOW,Meteor Garden,Not Given,China,2018,TV-14,2018,7,,1.0,International Tv Shows
TV SHOW,Mossad 101,Not Given,Israel,2017,TV-MA,2018,7,,2.0,International Tv Shows
TV SHOW,Drug Lords,Not Given,United States,2018,TV-MA,2018,7,,2.0,Crime Tv Shows
TV SHOW,First Team: Juventus,Not Given,United States,2018,TV-PG,2018,7,,2.0,Docuseries
TV SHOW,Borges,Not Given,Brazil,2018,TV-MA,2018,6,,1.0,International Tv Shows
TV SHOW,NCIS,Not Given,United States,2017,TV-14,2018,7,,15.0,Crime Tv Shows
TV SHOW,Somewhere Between,Not Given,United States,2017,TV-14,2018,6,,1.0,Crime Tv Shows
TV SHOW,Churchill’s Secret Agents: The New Recruits,Not Given,United Kingdom,2018,TV-MA,2018,6,,1.0,British Tv Shows
TV SHOW,Kiss Me First,Not Given,United Kingdom,2018,TV-MA,2018,6,,1.0,British Tv Shows
TV SHOW,Hotel Transylvania,Not Given,United States,2017,TV-Y7,2018,6,,1.0,Kids' Tv
TV SHOW,Marvel's Luke Cage,Not Given,United States,2018,TV-MA,2018,6,,2.0,Crime Tv Shows
TV SHOW,Club de Cuervos Presents: The Ballad of Hugo Sánchez,Not Given,United States,2018,TV-MA,2018,6,,1.0,International Tv Shows
TV SHOW,Dinosaur King,Not Given,Japan,2008,TV-Y7,2018,6,,2.0,Anime Series
TV SHOW,November 13: Attack on Paris,Not Given,France,2018,TV-MA,2018,6,,1.0,Crime Tv Shows
TV SHOW,Unbreakable Kimmy Schmidt,Not Given,United States,2019,TV-14,2018,5,,4.0,Tv Comedies
TV SHOW,Arrested Development,Not Given,United States,2019,TV-MA,2018,5,,5.0,Tv Comedies
TV SHOW,The Break with Michelle Wolf,Not Given,United States,2018,TV-MA,2018,5,,1.0,Stand-Up Comedy & Talk Shows
TV SHOW,Something in the Rain,Not Given,South Korea,2018,TV-MA,2018,5,,1.0,International Tv Shows
TV SHOW,Trollhunters,Not Given,United States,2018,TV-Y7,2018,5,,3.0,Kids' Tv
TV SHOW,Mob Psycho 100,Not Given,Japan,2018,TV-MA,2018,5,,1.0,International Tv Shows
TV SHOW,Inspector Gadget,Not Given,Canada,2017,TV-Y7,2018,5,,4.0,Crime Tv Shows
TV SHOW,Saint Seiya: The Lost Canvas,Not Given,Japan,2009,TV-MA,2018,5,,1.0,Anime Series
TV SHOW,Flint Town,Not Given,United States,2018,TV-MA,2018,3,,1.0,Docuseries
TV SHOW,Bill Nye Saves the World,Not Given,United States,2018,TV-14,2018,5,,3.0,Stand-Up Comedy & Talk Shows
TV SHOW,The Who Was? Show,Not Given,United States,2018,TV-PG,2018,5,,1.0,Kids' Tv
TV SHOW,A Little Help with Carol Burnett,Not Given,United States,2018,TV-G,2018,5,,1.0,Stand-Up Comedy & Talk Shows
TV SHOW,Kong: King of the Apes,Not Given,United States,2018,TV-Y7,2018,5,,2.0,Kids' Tv
MOVIE,Pocoyo Halloween: Space Halloween,Not Given,United States,2015,TV-Y,2018,5,40.0,,Movies
TV SHOW,Simon,Not Given,France,2016,TV-Y,2018,5,,1.0,Kids' Tv
TV SHOW,Black Crows,Not Given,Saudi Arabia,2017,TV-14,2018,4,,1.0,International Tv Shows
TV SHOW,Charité,Not Given,Germany,2017,TV-MA,2018,4,,1.0,International Tv Shows
TV SHOW,The Chalet,Not Given,France,2018,TV-MA,2018,4,,1.0,Crime Tv Shows
TV SHOW,The Honeymoon Stand Up Special,Not Given,United States,2018,TV-MA,2018,4,,1.0,Stand-Up Comedy & Talk Shows
TV SHOW,The Magic School Bus Rides Again,Not Given,United States,2018,TV-Y,2018,4,,2.0,Kids' Tv
TV SHOW,AMO,Not Given,Philippines,2017,TV-MA,2018,4,,1.0,International Tv Shows
TV SHOW,Troy,Not Given,United Kingdom,2018,TV-MA,2018,4,,1.0,British Tv Shows
TV SHOW,Wakfu,Not Given,France,2017,TV-PG,2018,4,,3.0,Kids' Tv
TV SHOW,Star Trek: The Next Generation,Not Given,United States,1993,TV-PG,2018,4,,7.0,Tv Action & Adventure
TV SHOW,Fallet,Not Given,Sweden,2017,TV-MA,2018,4,,1.0,Crime Tv Shows
TV SHOW,Loaded,Not Given,United Kingdom,2017,TV-MA,2018,4,,1.0,British Tv Shows
TV SHOW,Doctor Foster,Not Given,United Kingdom,2017,TV-MA,2018,3,,2.0,British Tv Shows
TV SHOW,Rapture,Not Given,United States,2018,TV-MA,2018,3,,1.0,Docuseries
TV SHOW,Trailer Park Boys,Not Given,Canada,2018,TV-MA,2018,3,,12.0,Classic & Cult Tv
TV SHOW,Trump: An American Dream,Not Given,United Kingdom,2018,TV-14,2018,3,,1.0,Docuseries
TV SHOW,Requiem,Not Given,United Kingdom,2018,TV-MA,2018,3,,1.0,British Tv Shows
TV SHOW,The Standups,Not Given,United States,2018,TV-MA,2018,3,,2.0,Stand-Up Comedy & Talk Shows
TV SHOW,Edha,Not Given,Argentina,2018,TV-MA,2018,3,,1.0,International Tv Shows
TV SHOW,Wild Wild Country,Not Given,United States,2018,TV-MA,2018,3,,1.0,Crime Tv Shows
TV SHOW,Secret of the Nile,Not Given,Egypt,2016,TV-14,2018,3,,1.0,International Tv Shows
TV SHOW,Tabula Rasa,Not Given,Belgium,2017,TV-MA,2018,3,,1.0,International Tv Shows
TV SHOW,Children of the Whales,Not Given,Japan,2017,TV-14,2018,3,,1.0,Anime Series
TV SHOW,Collateral,Not Given,United Kingdom,2018,TV-MA,2018,3,,1.0,British Tv Shows
TV SHOW,Bad Guys: Vile City,Not Given,South Korea,2018,TV-MA,2018,3,,1.0,Crime Tv Shows
TV SHOW,Borderliner,Not Given,Norway,2017,TV-MA,2018,3,,1.0,Crime Tv Shows
TV SHOW,21 Thunder,Not Given,Canada,2017,TV-MA,2018,3,,1.0,Crime Tv Shows
MOVIE,Adel Karam: Live from Beirut,Not Given,United States,2018,TV-MA,2018,3,59.0,,Stand-Up Comedy
MOVIE,Derren Brown: The Push,Not Given,United Kingdom,2018,TV-MA,2018,2,69.0,,Movies
TV SHOW,Best Lover,Not Given,South Korea,2016,TV-14,2018,2,,1.0,International Tv Shows
TV SHOW,Marseille,Not Given,France,2018,TV-MA,2018,2,,2.0,International Tv Shows
TV SHOW,Seven Seconds,Not Given,United States,2018,TV-MA,2018,2,,1.0,Crime Tv Shows
TV SHOW,Hitler's Circle of Evil,Not Given,United Kingdom,2017,TV-14,2018,2,,1.0,British Tv Shows
TV SHOW,The Frankenstein Chronicles,Not Given,United Kingdom,2017,TV-MA,2018,2,,2.0,British Tv Shows
TV SHOW,Dragons: Race to the Edge,Not Given,United States,2018,TV-Y7,2018,2,,6.0,Kids' Tv
TV SHOW,Everything Sucks!,Not Given,United States,2018,TV-14,2018,2,,1.0,Tv Comedies
TV SHOW,Re:Mind,Not Given,Japan,2017,TV-MA,2018,2,,1.0,International Tv Shows
TV SHOW,Valor,Not Given,United States,2017,TV-14,2018,2,,1.0,Tv Action & Adventure
TV SHOW,Coach Snoop,Not Given,United States,2018,TV-MA,2018,2,,1.0,Docuseries
MOVIE,Liberated: The New Sexual Revolution,Not Given,United States,2017,TV-MA,2018,2,86.0,,Documentaries
TV SHOW,Retribution,Not Given,United Kingdom,2016,TV-MA,2018,1,,1.0,British Tv Shows
MOVIE,Mau Nieto: Viviendo sobrio… desde el bar,Not Given,Mexico,2018,TV-MA,2018,1,57.0,,Stand-Up Comedy
TV SHOW,The Adventures of Puss in Boots,Not Given,United States,2018,TV-Y7,2018,1,,6.0,Kids' Tv
TV SHOW,Prison Playbook,Not Given,South Korea,2017,TV-MA,2018,1,,1.0,International Tv Shows
TV SHOW,The Shannara Chronicles,Not Given,United States,2018,TV-MA,2018,1,,2.0,Tv Action & Adventure
TV SHOW,Love and Hong Kong,Not Given,Japan,2017,TV-PG,2018,1,,1.0,International Tv Shows
TV SHOW,Tiempos de guerra,Not Given,Spain,2017,TV-MA,2018,1,,1.0,International Tv Shows
MOVIE,Katt Williams: Great America,Not Given,United States,2018,TV-MA,2018,1,60.0,,Stand-Up Comedy
TV SHOW,Disjointed,Not Given,United States,2018,TV-MA,2018,1,,2.0,Tv Comedies
MOVIE,Alejandro Riaño: Especial de stand up,Not Given,Colombia,2018,TV-MA,2018,1,60.0,,Stand-Up Comedy
TV SHOW,Episodes,Not Given,United Kingdom,2017,TV-MA,2018,1,,5.0,Classic & Cult Tv
TV SHOW,Fullmetal Alchemist,Not Given,Japan,2003,TV-14,2018,1,,1.0,Anime Series
TV SHOW,Lovesick,Not Given,United Kingdom,2018,TV-MA,2018,1,,3.0,British Tv Shows
TV SHOW,Pokémon: Indigo League,Not Given,Japan,2000,TV-Y7,2018,1,,1.0,Anime Series
TV SHOW,The Frozen Dead,Not Given,France,2017,TV-MA,2018,1,,1.0,Crime Tv Shows
TV SHOW,La Mante,Not Given,France,2017,TV-MA,2017,12,,1.0,Crime Tv Shows
TV SHOW,72 Dangerous Animals: Latin America,Not Given,Australia,2017,TV-14,2017,12,,1.0,Docuseries
TV SHOW,The Indian Detective,Not Given,Canada,2017,TV-14,2017,12,,1.0,Crime Tv Shows
TV SHOW,"Hello, My Twenties!",Not Given,South Korea,2017,TV-MA,2017,12,,2.0,International Tv Shows
TV SHOW,Wormwood,Not Given,United States,2017,TV-14,2017,12,,1.0,Crime Tv Shows
TV SHOW,Halt and Catch Fire,Not Given,United States,2017,TV-14,2017,12,,4.0,Tv Dramas
TV SHOW,All Hail King Julien,Not Given,United States,2017,TV-Y7,2017,12,,5.0,Kids' Tv
TV SHOW,Dhia Sofea,Not Given,Malaysia,2015,TV-14,2017,12,,1.0,International Tv Shows
MOVIE,DreamWorks Home: For the Holidays,Not Given,United States,2017,TV-Y,2017,12,46.0,,Children & Family Movies
TV SHOW,Kantaro: The Sweet Tooth Salaryman,Not Given,Japan,2017,TV-PG,2017,12,,1.0,International Tv Shows
TV SHOW,TURN: Washington's Spies,Not Given,United States,2017,TV-14,2017,12,,4.0,Tv Dramas
TV SHOW,Man Down,Not Given,United Kingdom,2017,TV-MA,2017,11,,4.0,British Tv Shows
TV SHOW,Broadchurch,Not Given,United Kingdom,2017,TV-MA,2017,11,,3.0,British Tv Shows
TV SHOW,The Many Faces of Ito,Not Given,Japan,2017,TV-14,2017,11,,1.0,International Tv Shows
TV SHOW,Argon,Not Given,South Korea,2017,TV-MA,2017,11,,1.0,International Tv Shows
TV SHOW,Godless,Not Given,United States,2017,TV-MA,2017,11,,1.0,Tv Dramas
TV SHOW,Longmire,Not Given,United States,2017,TV-MA,2017,11,,6.0,Crime Tv Shows
TV SHOW,Luna Petunia,Not Given,United States,2017,TV-Y,2017,11,,3.0,Kids' Tv
TV SHOW,Shot in the Dark,Not Given,United States,2017,TV-MA,2017,11,,1.0,Reality Tv
TV SHOW,The Irregular at Magic High School,Not Given,Japan,2014,TV-14,2017,11,,1.0,Anime Series
TV SHOW,The Method,Not Given,Russia,2015,TV-MA,2017,11,,1.0,Crime Tv Shows
TV SHOW,Blazing Transfer Students,Not Given,Japan,2017,TV-MA,2017,11,,1.0,International Tv Shows
TV SHOW,Lady Dynamite,Not Given,United States,2017,TV-MA,2017,11,,2.0,Tv Comedies
TV SHOW,Fate/Apocrypha,Not Given,Japan,2017,TV-MA,2017,11,,2.0,Anime Series
TV SHOW,Project Mc²,Not Given,United States,2017,TV-G,2017,11,,6.0,Kids' Tv
TV SHOW,Alias Grace,Not Given,Canada,2017,TV-MA,2017,11,,1.0,Crime Tv Shows
TV SHOW,Together,Not Given,Singapore,2009,TV-14,2017,11,,1.0,International Tv Shows
TV SHOW,Beyond Stranger Things,Not Given,United States,2017,TV-14,2017,10,,1.0,Stand-Up Comedy & Talk Shows
TV SHOW,The Mist,Not Given,Canada,2017,TV-MA,2017,10,,1.0,Tv Dramas
TV SHOW,W1A,Not Given,United Kingdom,2017,TV-MA,2017,10,,3.0,British Tv Shows
TV SHOW,Haters Back Off,Not Given,United States,2017,TV-PG,2017,10,,2.0,Tv Comedies
TV SHOW,The Day I Met El Chapo,Not Given,United States,2017,TV-MA,2017,10,,1.0,Crime Tv Shows
TV SHOW,Seven and Me,Not Given,France,2017,TV-Y,2017,10,,1.0,Kids' Tv
TV SHOW,West Coast Customs,Not Given,United States,2015,TV-G,2017,10,,6.0,Docuseries
TV SHOW,ID-0,Not Given,Japan,2017,TV-PG,2017,10,,1.0,Anime Series
TV SHOW,Kibaoh Klashers,Not Given,China,2017,TV-Y7,2017,10,,2.0,Kids' Tv
TV SHOW,Beyblade Burst,Not Given,Japan,2016,TV-Y7,2017,10,,1.0,Anime Series
TV SHOW,Equestria Girls: Tales of Canterlot High,Not Given,United States,2017,TV-Y7,2017,10,,1.0,Kids' Tv
TV SHOW,Noddy Toyland Detective,Not Given,France,2016,TV-Y,2017,10,,2.0,Kids' Tv
TV SHOW,Star Trek: Enterprise,Not Given,United States,2004,TV-14,2017,10,,4.0,Classic & Cult Tv
TV SHOW,Star Trek: Voyager,Not Given,United States,2000,TV-PG,2017,10,,7.0,Tv Action & Adventure
TV SHOW,Sudden,Not Given,Singapore,2013,TV-14,2017,10,,1.0,International Tv Shows
TV SHOW,The Dream Catchers,Not Given,Singapore,2009,TV-14,2017,10,,1.0,International Tv Shows
TV SHOW,What She Put on the Table,Not Given,Taiwan,2017,TV-14,2017,10,,1.0,International Tv Shows
TV SHOW,The Royal House of Windsor,Not Given,United Kingdom,2017,TV-MA,2017,9,,1.0,British Tv Shows
TV SHOW,Paul Hollywood's Big Continental Road Trip,Not Given,United Kingdom,2017,TV-14,2017,9,,1.0,British Tv Shows
TV SHOW,Real Rob,Not Given,United States,2017,TV-MA,2017,9,,2.0,Tv Comedies
TV SHOW,Terrace House: Aloha State,Not Given,United States,2017,TV-14,2017,9,,4.0,International Tv Shows
TV SHOW,Dark Matter,Not Given,Canada,2017,TV-14,2017,9,,3.0,Tv Sci-Fi & Fantasy
TV SHOW,VeggieTales in the City,Not Given,United States,2017,TV-Y,2017,9,,2.0,Kids' Tv
TV SHOW,Offspring,Not Given,Australia,2017,TV-MA,2017,9,,7.0,Tv Comedies
TV SHOW,Apaches,Not Given,Spain,2016,TV-MA,2017,9,,1.0,Crime Tv Shows
TV SHOW,Fire Chasers,Not Given,United States,2017,TV-MA,2017,9,,1.0,Docuseries
TV SHOW,Justice in the City,Not Given,Pakistan,2012,TV-14,2017,10,,1.0,International Tv Shows
TV SHOW,No Tomorrow,Not Given,United States,2016,TV-PG,2017,9,,1.0,Romantic Tv Shows
TV SHOW,Reign,Not Given,United States,2017,TV-14,2017,9,,4.0,Tv Dramas
TV SHOW,Frequency,Not Given,United States,2016,TV-14,2017,9,,1.0,Crime Tv Shows
TV SHOW,The Vampire Diaries,Not Given,United States,2016,TV-14,2017,9,,8.0,Tv Dramas
TV SHOW,A Boy Name Flora A,Not Given,Taiwan,2017,TV-MA,2017,9,,1.0,International Tv Shows
TV SHOW,A House of Blocks,Not Given,Taiwan,2017,TV-PG,2017,9,,1.0,International Tv Shows
MOVIE,Chadi Jawani Budhe Nu,Not Given,India,1976,TV-PG,2017,9,135.0,,Comedies
TV SHOW,FINAL FANTASY XIV Dad of Light,Not Given,Japan,2017,TV-PG,2017,9,,1.0,International Tv Shows
TV SHOW,Gurren Lagann,Not Given,Japan,2007,TV-14,2017,9,,1.0,Anime Series
TV SHOW,High Risk,Not Given,United States,1988,TV-PG,2017,9,,1.0,Docuseries
TV SHOW,LEGO Elves: Secrets of Elvendale,Not Given,United States,2017,TV-Y7,2017,9,,1.0,Kids' Tv
TV SHOW,Narcos,Not Given,United States,2017,TV-MA,2017,9,,3.0,Crime Tv Shows
TV SHOW,Dinotrux,Not Given,United States,2017,TV-Y7,2017,8,,5.0,Kids' Tv
TV SHOW,Marvel's The Defenders,Not Given,United States,2017,TV-MA,2017,8,,1.0,Crime Tv Shows
TV SHOW,20 Minutes,Not Given,Turkey,2013,TV-MA,2017,8,,1.0,Crime Tv Shows
TV SHOW,Million Yen Women,Not Given,Japan,2017,TV-MA,2017,8,,1.0,Crime Tv Shows
TV SHOW,Wet Hot American Summer: Ten Years Later,Not Given,United States,2017,TV-MA,2017,8,,1.0,Tv Comedies
TV SHOW,Bountiful Blessings,Not Given,Singapore,2011,TV-14,2017,8,,1.0,International Tv Shows
TV SHOW,Close Your Eyes Before It’s Dark,Not Given,Taiwan,2016,TV-14,2017,8,,1.0,Crime Tv Shows
TV SHOW,Entangled,Not Given,South Korea,2014,TV-14,2017,8,,1.0,International Tv Shows
TV SHOW,Fartsa,Not Given,Russia,2015,TV-14,2017,8,,1.0,Crime Tv Shows
TV SHOW,Life Plan A and B,Not Given,Taiwan,2016,TV-PG,2017,8,,1.0,International Tv Shows
TV SHOW,Locust,Not Given,Russia,2014,TV-MA,2017,8,,1.0,Crime Tv Shows
TV SHOW,The In-Laws,Not Given,Singapore,2011,TV-14,2017,8,,1.0,International Tv Shows
TV SHOW,The IT Crowd,Not Given,United Kingdom,2013,TV-MA,2017,8,,5.0,British Tv Shows
TV SHOW,Vexed,Not Given,United Kingdom,2012,TV-MA,2017,8,,2.0,British Tv Shows
TV SHOW,World War II in Colour,Not Given,United Kingdom,2009,TV-MA,2017,8,,1.0,British Tv Shows
TV SHOW,Dawn of the Croods,Not Given,United States,2017,TV-Y7,2017,7,,4.0,Kids' Tv
TV SHOW,Diamond Lover,Not Given,China,2015,TV-PG,2017,7,,1.0,International Tv Shows
TV SHOW,King’s War,Not Given,China,2012,TV-14,2017,7,,1.0,International Tv Shows
TV SHOW,Qin Empire: Alliance,Not Given,China,2012,TV-14,2017,7,,1.0,International Tv Shows
TV SHOW,The Legend of Bruce Lee,Not Given,China,2008,TV-14,2017,7,,1.0,International Tv Shows
TV SHOW,Against the Tide,Not Given,Singapore,2014,TV-14,2017,7,,1.0,Crime Tv Shows
TV SHOW,Barbie Life in the Dreamhouse,Not Given,United States,2012,TV-Y,2017,7,,1.0,Kids' Tv
TV SHOW,"Have You Ever Fallen in Love, Miss Jiang?",Not Given,Pakistan,2016,TV-14,2017,8,,1.0,Crime Tv Shows
TV SHOW,Intersection,Not Given,Turkey,2016,TV-MA,2017,7,,3.0,International Tv Shows
TV SHOW,Learning Songs by Little Baby Bum: Nursery Rhyme Friends,Not Given,United Kingdom,2015,TV-Y,2017,7,,1.0,British Tv Shows
TV SHOW,Mystic Whispers,Not Given,Singapore,2014,TV-14,2017,7,,1.0,International Tv Shows
TV SHOW,The Oath,Not Given,Singapore,2011,TV-14,2017,7,,1.0,International Tv Shows
TV SHOW,The Truth Seekers,Not Given,Singapore,2016,TV-MA,2017,7,,1.0,Crime Tv Shows
TV SHOW,The Ultimatum,Not Given,Singapore,2009,TV-14,2017,7,,1.0,International Tv Shows
TV SHOW,Unriddle,Not Given,Singapore,2012,TV-14,2017,7,,2.0,Crime Tv Shows
TV SHOW,World at Your Feet,Not Given,Singapore,2014,TV-14,2017,7,,1.0,International Tv Shows
TV SHOW,Yes We Can!,Not Given,Singapore,2014,TV-14,2017,7,,1.0,International Tv Shows
TV SHOW,Yours Fatefully,Not Given,Singapore,2012,TV-14,2017,7,,1.0,International Tv Shows
TV SHOW,Criminal Minds,Not Given,United States,2017,TV-14,2017,6,,12.0,Crime Tv Shows
TV SHOW,Gypsy,Not Given,United States,2017,TV-MA,2017,6,,1.0,Tv Dramas
TV SHOW,Little Witch Academia,Not Given,Japan,2017,TV-Y7,2017,6,,2.0,Anime Series
TV SHOW,Young & Hungry,Not Given,United States,2017,TV-14,2017,6,,5.0,Tv Comedies
TV SHOW,Pac-Man and the Ghostly Adventures,Not Given,United States,2014,TV-Y7,2017,6,,2.0,Kids' Tv
TV SHOW,Aquarius,Not Given,United States,2016,TV-MA,2017,6,,2.0,Crime Tv Shows
TV SHOW,28 Moons,Not Given,South Korea,2016,TV-PG,2017,6,,1.0,International Tv Shows
TV SHOW,Magic Phone,Not Given,South Korea,2016,TV-PG,2017,6,,1.0,International Tv Shows
TV SHOW,My Little Baby,Not Given,South Korea,2016,TV-PG,2017,6,,1.0,Crime Tv Shows
TV SHOW,Spice Up,Not Given,Pakistan,2014,TV-14,2017,7,,1.0,International Tv Shows
TV SHOW,Singles Villa,Not Given,China,2015,TV-14,2017,6,,1.0,International Tv Shows
TV SHOW,Under the Black Moonlight,Not Given,South Korea,2016,TV-14,2017,6,,1.0,International Tv Shows
TV SHOW,My Only Love Song,Not Given,South Korea,2017,TV-MA,2017,6,,1.0,International Tv Shows
TV SHOW,Crashing,Not Given,United Kingdom,2016,TV-MA,2017,6,,1.0,British Tv Shows
TV SHOW,Flaked,Not Given,United States,2017,TV-MA,2017,6,,2.0,Tv Comedies
TV SHOW,Mind Game,Not Given,Singapore,2015,TV-14,2017,6,,1.0,Crime Tv Shows
TV SHOW,Off Camera,Not Given,United States,2015,TV-MA,2017,6,,3.0,Stand-Up Comedy & Talk Shows
TV SHOW,The Day Will Come,Not Given,Denmark,2016,TV-14,2017,6,,1.0,International Tv Shows
TV SHOW,The Dream Job,Not Given,Singapore,2016,TV-14,2017,6,,1.0,International Tv Shows
TV SHOW,Bloodline,Not Given,United States,2017,TV-MA,2017,5,,3.0,Tv Dramas
TV SHOW,Highland: Thailand's Marijuana Awakening,Not Given,Thailand,2017,TV-MA,2017,5,,1.0,Docuseries
TV SHOW,The Keepers,Not Given,United States,2017,TV-MA,2017,5,,1.0,Crime Tv Shows
TV SHOW,Jumping Girl,Not Given,South Korea,2015,TV-14,2017,4,,1.0,International Tv Shows
TV SHOW,President,Not Given,South Korea,2010,TV-14,2017,4,,1.0,International Tv Shows
TV SHOW,What in the World Happened?,Not Given,South Korea,2015,TV-14,2017,4,,1.0,International Tv Shows
TV SHOW,Mar de Plástico,Not Given,Spain,2017,TV-MA,2017,4,,2.0,Crime Tv Shows
TV SHOW,Fangbone,Not Given,Canada,2016,TV-Y7,2017,4,,1.0,Kids' Tv
TV SHOW,Girlboss,Not Given,United States,2017,TV-MA,2017,4,,1.0,Tv Comedies
TV SHOW,Miniforce,Not Given,Pakistan,2016,TV-Y7,2017,6,,1.0,Kids' Tv
TV SHOW,All Hail King Julien: Exiled,Not Given,Pakistan,2017,TV-Y7,2017,5,,1.0,Kids' Tv
TV SHOW,The Mr. Peabody and Sherman Show,Not Given,United States,2017,TV-Y7,2017,4,,4.0,Kids' Tv
TV SHOW,The Miracle,Not Given,South Korea,2016,TV-14,2017,4,,1.0,International Tv Shows
TV SHOW,The Get Down,Not Given,United States,2017,TV-MA,2017,4,,2.0,Tv Dramas
TV SHOW,Burned Cocoon,Not Given,Turkey,2005,TV-MA,2017,4,,1.0,International Tv Shows
MOVIE,Bridget Christie: Stand Up for Her,Not Given,United Kingdom,2016,TV-MA,2017,3,51.0,,Stand-Up Comedy
TV SHOW,Bottersnikes & Gumbles,Not Given,United States,2017,TV-Y7,2017,3,,2.0,British Tv Shows
TV SHOW,One-Punch Man,Not Given,Japan,2015,TV-14,2017,3,,1.0,Anime Series
TV SHOW,Julie's Greenroom,Not Given,United States,2017,TV-Y,2017,3,,1.0,Kids' Tv
TV SHOW,Outback Truckers,Not Given,Australia,2015,TV-MA,2017,3,,3.0,Reality Tv
TV SHOW,Samurai Gourmet,Not Given,Japan,2017,TV-PG,2017,3,,1.0,International Tv Shows
TV SHOW,Cheer Squad,Not Given,United States,2016,TV-PG,2017,3,,1.0,Reality Tv
TV SHOW,Buddy Thunderstruck,Not Given,United States,2017,TV-Y7,2017,3,,1.0,Kids' Tv
TV SHOW,One More Time,Not Given,South Korea,2016,TV-14,2017,3,,1.0,International Tv Shows
TV SHOW,Love Is in the Air,Not Given,United Kingdom,2010,TV-14,2017,3,,1.0,International Tv Shows
TV SHOW,Tong: Memories,Not Given,South Korea,2016,TV-MA,2017,3,,1.0,International Tv Shows
TV SHOW,Legend Quest,Not Given,Mexico,2017,TV-Y7,2017,2,,1.0,Kids' Tv
TV SHOW,The Sound of Your Heart,Not Given,South Korea,2016,TV-14,2017,2,,1.0,International Tv Shows
TV SHOW,Love Me As I Am,Not Given,Turkey,2015,TV-PG,2017,2,,3.0,International Tv Shows
TV SHOW,Love for Ten: Generation of Youth,Not Given,South Korea,2013,TV-14,2017,2,,1.0,International Tv Shows
TV SHOW,Nightmare High,Not Given,South Korea,2016,TV-14,2017,2,,1.0,International Tv Shows
TV SHOW,Spark,Not Given,South Korea,2016,TV-PG,2017,2,,1.0,International Tv Shows
TV SHOW,White Nights,Not Given,South Korea,2016,TV-14,2017,2,,1.0,International Tv Shows
TV SHOW,Cyborg 009: Call of Justice,Not Given,Japan,2017,TV-14,2017,2,,1.0,Anime Series
MOVIE,Grillo vs Grillo,Not Given,Italy,2017,TV-MA,2017,2,96.0,,Stand-Up Comedy
TV SHOW,We're Lalaloopsy,Not Given,United States,2017,TV-Y,2017,1,,1.0,Kids' Tv
TV SHOW,Star Trek: Deep Space Nine,Not Given,United States,1999,TV-14,2017,1,,7.0,Tv Action & Adventure
TV SHOW,My Runway,Not Given,South Korea,2016,TV-14,2016,12,,1.0,International Tv Shows
TV SHOW,AJIN: Demi-Human,Not Given,Japan,2016,TV-MA,2016,12,,2.0,Anime Series
TV SHOW,Chasing Cameron,Not Given,United States,2016,TV-14,2016,12,,1.0,Reality Tv
TV SHOW,Sense8,Not Given,United States,2018,TV-MA,2016,12,,2.0,Crime Tv Shows
TV SHOW,Crazyhead,Not Given,United Kingdom,2016,TV-MA,2016,12,,1.0,British Tv Shows
TV SHOW,Color of Woman,Not Given,South Korea,2012,TV-PG,2016,12,,1.0,International Tv Shows
TV SHOW,Goodbye My Wife,Not Given,South Korea,2012,TV-14,2016,12,,1.0,International Tv Shows
TV SHOW,Happy And,Not Given,South Korea,2012,TV-14,2016,12,,1.0,International Tv Shows
TV SHOW,Heaven's Garden,Not Given,South Korea,2011,TV-MA,2016,12,,1.0,International Tv Shows
TV SHOW,Ice Fantasy,Not Given,China,2016,TV-14,2016,12,,1.0,International Tv Shows
TV SHOW,Immortal Classic,Not Given,South Korea,2012,TV-14,2016,12,,1.0,International Tv Shows
TV SHOW,InuYasha,Not Given,Japan,2001,TV-14,2016,12,,2.0,Anime Series
TV SHOW,K-POP Extreme Survival,Not Given,South Korea,2012,TV-14,2016,12,,1.0,International Tv Shows
TV SHOW,Adam Ruins Everything,Not Given,United States,2018,TV-14,2018,9,,1.0,Tv Comedies
TV SHOW,Miss Panda & Mr. Hedgehog,Not Given,South Korea,2012,TV-PG,2016,12,,1.0,International Tv Shows
TV SHOW,Tokyo Trial,Not Given,Canada,2017,TV-MA,2016,12,,1.0,International Tv Shows
TV SHOW,Captive,Not Given,United Kingdom,2016,TV-MA,2016,12,,1.0,Crime Tv Shows
TV SHOW,White Rabbit Project,Not Given,United States,2016,TV-14,2016,12,,1.0,Docuseries
TV SHOW,Miss in Kiss,Not Given,Taiwan,2016,TV-14,2016,12,,1.0,International Tv Shows
TV SHOW,The Cuba Libre Story,Not Given,France,2015,TV-14,2016,12,,1.0,Docuseries
TV SHOW,From Dusk Till Dawn,Not Given,United States,2016,TV-MA,2016,12,,3.0,Classic & Cult Tv
TV SHOW,Lost & Found Music Studios,Not Given,Canada,2016,TV-G,2016,12,,2.0,Kids' Tv
TV SHOW,Cooked,Not Given,United States,2016,TV-14,2016,2,,1.0,Docuseries
TV SHOW,Back to 1989,Not Given,Taiwan,2016,TV-PG,2016,12,,1.0,International Tv Shows
TV SHOW,Bromance,Not Given,Taiwan,2015,TV-PG,2016,12,,1.0,International Tv Shows
TV SHOW,Refresh Man,Not Given,Taiwan,2016,TV-14,2016,12,,1.0,International Tv Shows
TV SHOW,Gilmore Girls: A Year in the Life,Not Given,United States,2016,TV-14,2016,11,,1.0,Tv Comedies
TV SHOW,La Niña,Not Given,Colombia,2016,TV-MA,2016,11,,1.0,Crime Tv Shows
TV SHOW,Paranoid,Not Given,United Kingdom,2016,TV-MA,2016,11,,1.0,British Tv Shows
TV SHOW,Einsatzgruppen: The Nazi Death Squads,Not Given,France,2009,TV-MA,2016,11,,1.0,Docuseries
TV SHOW,Case,Not Given,Iceland,2015,TV-MA,2016,11,,1.0,Crime Tv Shows
TV SHOW,Danger Mouse,Not Given,United Kingdom,2016,TV-Y7,2016,11,,2.0,British Tv Shows
TV SHOW,Inborn Pair,Not Given,Taiwan,2011,TV-14,2016,11,,1.0,International Tv Shows
TV SHOW,Just You,Not Given,Taiwan,2013,TV-14,2016,11,,1.0,International Tv Shows
TV SHOW,Love Around,Not Given,Taiwan,2013,TV-14,2016,11,,1.0,International Tv Shows
TV SHOW,Love Family,Not Given,Taiwan,2013,TV-MA,2016,11,,1.0,International Tv Shows
TV SHOW,Love Me or Leave Me,Not Given,Taiwan,2012,TV-14,2016,11,,1.0,International Tv Shows
TV SHOW,Love Now,Not Given,Taiwan,2012,TV-14,2016,11,,1.0,International Tv Shows
TV SHOW,Trailer Park Boys: Out of the Park: Europe,Not Given,Canada,2016,TV-MA,2016,10,,1.0,International Tv Shows
TV SHOW,Containment,Not Given,United States,2016,TV-MA,2016,10,,1.0,Tv Dramas
TV SHOW,DEATH NOTE,Not Given,Japan,2006,TV-14,2016,10,,1.0,Anime Series
TV SHOW,Spotless,Not Given,United Kingdom,2015,TV-MA,2016,10,,1.0,Crime Tv Shows
TV SHOW,Vampire Knight,Not Given,Japan,2008,TV-14,2016,10,,2.0,Anime Series
TV SHOW,StoryBots Super Songs,Not Given,United States,2016,TV-Y,2016,10,,1.0,Kids' Tv
TV SHOW,Be with Me,Not Given,Taiwan,2015,TV-PG,2016,10,,1.0,International Tv Shows
TV SHOW,Be with You,Not Given,Taiwan,2015,TV-14,2016,10,,1.0,International Tv Shows
TV SHOW,Fall in Love with Me,Not Given,Taiwan,2014,TV-14,2016,10,,1.0,International Tv Shows
TV SHOW,Love Cheque Charge,Not Given,Taiwan,2014,TV-14,2016,10,,1.0,International Tv Shows
TV SHOW,Masha's Spooky Stories,Not Given,United States,2012,TV-Y,2016,10,,1.0,Kids' Tv
TV SHOW,Murphy's Law of Love,Not Given,Taiwan,2015,TV-PG,2016,10,,1.0,International Tv Shows
TV SHOW,Someone Like You,Not Given,Taiwan,2015,TV-14,2016,10,,1.0,International Tv Shows
TV SHOW,When I See You Again,Not Given,Taiwan,2015,TV-14,2016,10,,1.0,International Tv Shows
TV SHOW,VeggieTales in the House,Not Given,United States,2016,TV-Y,2016,9,,4.0,Kids' Tv
MOVIE,Jandino: Whatever it Takes,Not Given,United Kingdom,2016,TV-MA,2016,9,94.0,,Stand-Up Comedy
TV SHOW,Kulipari: An Army of Frogs,Not Given,United States,2016,TV-Y7,2016,9,,1.0,Kids' Tv
TV SHOW,Conspiracy,Not Given,United Kingdom,2015,TV-14,2016,9,,1.0,British Tv Shows
TV SHOW,Dead Set,Not Given,United Kingdom,2008,TV-MA,2016,9,,1.0,British Tv Shows
TV SHOW,Forensic Files,Not Given,United States,2011,TV-MA,2016,9,,9.0,Crime Tv Shows
MOVIE,Saudi Arabia Uncovered,Not Given,United Kingdom,2016,TV-14,2016,9,52.0,,Documentaries
TV SHOW,The Fierce Wife,Not Given,Taiwan,2010,TV-MA,2016,9,,1.0,International Tv Shows
TV SHOW,Witches: A Century of Murder,Not Given,United Kingdom,2015,TV-14,2016,9,,1.0,British Tv Shows
TV SHOW,Glitter Force,Not Given,Japan,2016,TV-Y7,2016,8,,2.0,Anime Series
TV SHOW,Behind Enemy Lines,Not Given,United States,2001,TV-14,2016,8,,1.0,British Tv Shows
TV SHOW,Caught on Camera,Not Given,United Kingdom,2015,TV-MA,2016,8,,3.0,British Tv Shows
MOVIE,Real Crime: Supermarket Heist (Tesco Bomber),Not Given,United Kingdom,2010,TV-14,2016,8,46.0,,Documentaries
TV SHOW,Cocaine,Not Given,United Kingdom,2005,TV-14,2016,8,,1.0,British Tv Shows
TV SHOW,Edge of the Universe,Not Given,United Kingdom,2008,TV-G,2016,8,,1.0,British Tv Shows
TV SHOW,La Esclava Blanca,Not Given,Colombia,2016,TV-MA,2016,8,,1.0,International Tv Shows
TV SHOW,LEGO Bionicle: The Journey to One,Not Given,United States,2016,TV-Y7,2016,7,,2.0,Kids' Tv
MOVIE,"Karol Modzelewski, Łukasz „Lotek” Lodkowski No Offense",Not Given,Pakistan,2016,TV-MA,2016,9,65.0,,Stand-Up Comedy
TV SHOW,Popples,Not Given,United States,2016,TV-Y,2016,7,,3.0,Kids' Tv
TV SHOW,Marco Polo,Not Given,United States,2016,TV-MA,2016,7,,2.0,Tv Action & Adventure
TV SHOW,Hibana: Spark,Not Given,Japan,2016,TV-MA,2016,6,,1.0,International Tv Shows
TV SHOW,72 Cutest Animals,Not Given,Australia,2016,TV-PG,2016,6,,1.0,Docuseries
TV SHOW,72 Dangerous Places to Live,Not Given,Australia,2016,TV-PG,2016,6,,1.0,Docuseries
MOVIE,Patton Oswalt: Talking for Clapping,Not Given,United States,2016,TV-MA,2016,4,66.0,,Stand-Up Comedy
TV SHOW,Cyborg 009 VS Devilman,Not Given,Japan,2015,TV-MA,2016,4,,1.0,Anime Series
TV SHOW,Justin Time,Not Given,Canada,2012,TV-Y,2016,4,,2.0,Kids' Tv
TV SHOW,Terrace House: Boys & Girls in the City,Not Given,Japan,2016,TV-14,2016,4,,2.0,International Tv Shows
TV SHOW,Netflix Presents: The Characters,Not Given,United States,2016,TV-MA,2016,3,,1.0,Tv Comedies
TV SHOW,Your lie in April,Not Given,Japan,2014,TV-14,2016,3,,1.0,Anime Series
TV SHOW,Care Bears & Cousins,Not Given,United States,2016,TV-Y,2016,2,,2.0,Kids' Tv
TV SHOW,Turbo FAST,Not Given,United States,2016,TV-Y7,2016,2,,3.0,Kids' Tv
TV SHOW,Chelsea Does,Not Given,United States,2016,TV-MA,2016,1,,1.0,Docuseries
TV SHOW,Sammy & Co,Not Given,France,2014,TV-Y,2015,12,,1.0,Kids' Tv
TV SHOW,Atelier,Not Given,Japan,2015,TV-PG,2015,12,,1.0,International Tv Shows
TV SHOW,W/ Bob & David,Not Given,United States,2015,TV-MA,2015,11,,1.0,Tv Comedies
MOVIE,2015 Dream Concert,Not Given,South Korea,2015,TV-PG,2017,4,107.0,,International Movies
TV SHOW,Justin Time GO!,Not Given,Pakistan,2016,TV-Y,2016,6,,1.0,Kids' Tv
TV SHOW,Wet Hot American Summer,Not Given,United States,2015,TV-MA,2015,7,,1.0,Tv Comedies
TV SHOW,H2O: Mermaid Adventures,Not Given,Germany,2015,TV-Y7,2015,7,,2.0,Kids' Tv
TV SHOW,Danger Mouse: Classic Collection,Not Given,United Kingdom,1992,TV-Y,2015,6,,10.0,British Tv Shows
TV SHOW,Oscar's Oasis,Not Given,France,2011,TV-Y,2015,3,,1.0,Kids' Tv
MOVIE,Virunga: Gorillas in Peril,Not Given,United States,2015,TV-14,2015,2,,,Documentaries
MOVIE,BoJack Horseman Christmas Special: Sabrina's Christmas Wish,Not Given,United States,2014,TV-MA,2014,12,,,Movies
TV SHOW,Lilyhammer,Not Given,Norway,2014,TV-MA,2014,11,,3.0,Crime Tv Shows
TV SHOW,Goosebumps,Not Given,Canada,1998,TV-G,2014,11,,5.0,Kids' Tv
TV SHOW,The Borgias,Not Given,United States,2013,TV-MA,2014,2,,3.0,Tv Dramas
TV SHOW,The 4400,Not Given,United States,2007,TV-14,2013,9,,4.0,Tv Dramas
TV SHOW,Breaking Bad,Not Given,United States,2013,TV-MA,2013,8,,5.0,Crime Tv Shows
MOVIE,'89,Not Given,United Kingdom,2017,TV-PG,2018,5,87.0,,Sports Movies
TV SHOW,Şubat,Not Given,Turkey,2013,TV-MA,2017,1,,1.0,Crime Tv Shows
MOVIE,100 Days Of Solitude,Not Given,Spain,2018,TV-MA,2018,7,93.0,,Documentaries
TV SHOW,100% Hotter,Not Given,United Kingdom,2017,TV-14,2019,11,,1.0,British Tv Shows
TV SHOW,12 Years Promise,Not Given,South Korea,2014,TV-14,2017,5,,1.0,International Tv Shows
MOVIE,Iliza Shlesinger: Freezing Hot,Not Given,Pakistan,2015,TV-MA,2015,1,72.0,,Stand-Up Comedy
TV SHOW,21 Sarfarosh: Saragarhi 1897,Not Given,India,2018,TV-14,2018,12,,1.0,International Tv Shows
TV SHOW,9 Months That Made You,Not Given,United States,2016,TV-PG,2017,3,,1.0,British Tv Shows
TV SHOW,A Good Wife,Not Given,Taiwan,2013,TV-14,2017,1,,1.0,International Tv Shows
TV SHOW,A Man Called God,Not Given,South Korea,2010,TV-14,2019,3,,1.0,Crime Tv Shows
MOVIE,A new Capitalism,Not Given,Brazil,2017,TV-14,2018,6,76.0,,Documentaries
TV SHOW,"Big Dreams, Small Spaces",Not Given,United Kingdom,2017,TV-G,2019,7,,3.0,British Tv Shows
TV SHOW,A.D. Kingdom and Empire,Not Given,United States,2015,TV-14,2017,12,,1.0,Tv Dramas
MOVIE,Abdo Mota,Not Given,Egypt,2012,TV-MA,2019,4,100.0,,Action & Adventure
TV SHOW,Agent Raghav,Not Given,India,2015,TV-14,2017,4,,1.0,Crime Tv Shows
TV SHOW,Ainsley Eats the Streets,Not Given,United Kingdom,2014,TV-PG,2019,7,,1.0,British Tv Shows
TV SHOW,Alphablocks,Not Given,United Kingdom,2014,TV-Y,2020,5,,5.0,Kids' Tv
TV SHOW,America's Book of Secrets,Not Given,United States,2014,TV-14,2019,9,,1.0,Docuseries
TV SHOW,American Crime,Not Given,United States,2017,TV-MA,2017,5,,3.0,Crime Tv Shows
TV SHOW,American Odyssey,Not Given,United States,2015,TV-14,2016,4,,1.0,Tv Dramas
TV SHOW,Highway to Heaven,Not Given,United States,1988,TV-PG,2016,11,,5.0,Tv Dramas
TV SHOW,An Innocent Mistake,Not Given,Taiwan,2012,TV-14,2017,1,,1.0,International Tv Shows
TV SHOW,Ancient Aliens,Not Given,United States,2018,TV-14,2019,9,,1.0,Docuseries
TV SHOW,Anjaan: Rural Myths,Not Given,India,2018,TV-14,2018,12,,1.0,International Tv Shows
TV SHOW,Anjaan: Special Crimes Unit,Not Given,India,2018,TV-14,2018,5,,1.0,International Tv Shows
TV SHOW,Age of Glory,Not Given,Pakistan,2010,TV-MA,2017,8,,2.0,International Tv Shows
TV SHOW,忍者ハットリくん,Not Given,Japan,2012,TV-Y7,2018,12,,2.0,Anime Series
TV SHOW,Botched Up Bodies,Not Given,United Kingdom,2013,TV-MA,2019,10,,1.0,British Tv Shows
TV SHOW,Atomic Puppet,Not Given,Canada,2016,TV-Y7,2017,12,,1.0,Crime Tv Shows
TV SHOW,Aussie Gold Hunters,Not Given,Australia,2016,TV-MA,2017,8,,1.0,Docuseries
TV SHOW,Bad Education,Not Given,United Kingdom,2014,TV-MA,2018,12,,3.0,British Tv Shows
TV SHOW,Badalte Rishton Ki Dastaan,Not Given,India,2013,TV-14,2017,4,,1.0,International Tv Shows
TV SHOW,Bala Loca,Not Given,Chile,2016,TV-MA,2017,4,,1.0,International Tv Shows
TV SHOW,Bat Pat,Not Given,Italy,2016,TV-Y,2017,12,,1.0,Kids' Tv
TV SHOW,Bates Motel,Not Given,United States,2017,TV-MA,2018,2,,5.0,Crime Tv Shows
TV SHOW,Battle Creek,Not Given,United States,2015,TV-14,2015,12,,1.0,Crime Tv Shows
TV SHOW,Battlefield Recovery,Not Given,United Kingdom,2016,TV-PG,2016,8,,1.0,British Tv Shows
TV SHOW,Be-Be-Bears,Not Given,Russia,2018,TV-Y,2018,8,,1.0,Kids' Tv
MOVIE,Beary Tales,Not Given,United States,2013,TV-G,2017,3,52.0,,Children & Family Movies
TV SHOW,Beast Legends,Not Given,Canada,2010,TV-PG,2019,2,,1.0,Docuseries
TV SHOW,Beating Again,Not Given,South Korea,2015,TV-14,2017,5,,1.0,International Tv Shows
TV SHOW,Beauty & the Beast,Not Given,Canada,2016,TV-14,2016,9,,4.0,Crime Tv Shows
TV SHOW,Bangkok Bachelors,Not Given,Pakistan,2016,TV-MA,2018,6,,1.0,International Tv Shows
TV SHOW,Behzat Ç.,Not Given,Turkey,2010,TV-MA,2017,5,,1.0,Crime Tv Shows
TV SHOW,Being Mary Jane: The Series,Not Given,United States,2016,TV-14,2017,7,,4.0,Romantic Tv Shows
TV SHOW,Ben 10,Not Given,United States,2016,TV-Y7,2018,9,,1.0,Kids' Tv
MOVIE,"Berlin, I Love You",Not Given,Germany,2019,R,2019,6,120.0,,Dramas
TV SHOW,Beyblade: Metal Fusion,Not Given,Japan,2009,TV-Y7,2017,12,,1.0,Anime Series
TV SHOW,Bh Se Bhade,Not Given,India,2013,TV-PG,2018,4,,1.0,International Tv Shows
TV SHOW,Bhaage Re Mann,Not Given,India,2015,TV-14,2017,4,,1.0,International Tv Shows
TV SHOW,Big Bad Beetleborgs,Not Given,United States,1997,TV-G,2016,1,,2.0,Kids' Tv
TV SHOW,Bitten,Not Given,Canada,2016,TV-MA,2016,5,,3.0,International Tv Shows
TV SHOW,Black Heart,Not Given,Turkey,2014,TV-14,2018,10,,1.0,Crime Tv Shows
TV SHOW,Blood & Treasures,Not Given,Thailand,2016,TV-14,2018,7,,1.0,International Tv Shows
TV SHOW,Bondi Rescue,Not Given,Australia,2016,TV-PG,2019,11,,1.0,Reality Tv
TV SHOW,Borderline,Not Given,United Kingdom,2017,TV-14,2017,12,,2.0,British Tv Shows
TV SHOW,Brain Games,Not Given,United States,2016,TV-G,2019,3,,3.0,Docuseries
TV SHOW,Braxton Family Values,Not Given,United States,2014,TV-PG,2020,2,,2.0,Reality Tv
TV SHOW,Brown Nation,Not Given,United States,2016,TV-14,2016,11,,1.0,Tv Comedies
TV SHOW,City in the Sky,Not Given,United Kingdom,2016,TV-PG,2017,10,,1.0,British Tv Shows
TV SHOW,Burnistoun,Not Given,United Kingdom,2012,TV-MA,2019,10,,2.0,British Tv Shows
TV SHOW,Cabins in the Wild with Dick Strawbridge,Not Given,United Kingdom,2017,TV-PG,2018,9,,1.0,British Tv Shows
TV SHOW,Cain and Abel,Not Given,South Korea,2009,TV-MA,2019,3,,1.0,International Tv Shows
TV SHOW,Call Me Francis,Not Given,Italy,2016,TV-14,2016,12,,1.0,International Tv Shows
TV SHOW,Camp X,Not Given,Canada,2014,TV-MA,2019,2,,1.0,Docuseries
TV SHOW,Can We Get Married?,Not Given,South Korea,2012,TV-14,2017,5,,1.0,International Tv Shows
TV SHOW,Cannabis,Not Given,France,2016,TV-MA,2016,12,,1.0,Crime Tv Shows
TV SHOW,Care Bears: Welcome to Care-a-Lot,Not Given,United States,2012,TV-Y,2019,8,,1.0,Kids' Tv
TV SHOW,Case Closed,Not Given,Japan,2015,TV-14,2019,1,,1.0,Anime Series
TV SHOW,Chasing Monsters,Not Given,Canada,2016,TV-PG,2017,12,,2.0,Docuseries
TV SHOW,Cheapest Weddings,Not Given,Australia,2016,TV-14,2017,12,,1.0,International Tv Shows
TV SHOW,Cheers,Not Given,United States,1992,TV-PG,2017,7,,11.0,Classic & Cult Tv
TV SHOW,Chef & My Fridge,Not Given,South Korea,2017,TV-PG,2017,8,,2.0,International Tv Shows
TV SHOW,Chewin' the Fat,Not Given,United Kingdom,1999,TV-14,2016,10,,1.0,British Tv Shows
TV SHOW,Chewing Gum,Not Given,United Kingdom,2017,TV-MA,2017,4,,2.0,British Tv Shows
TV SHOW,Christiane Amanpour: Sex & Love Around the World,Not Given,United States,2018,TV-MA,2018,9,,1.0,Docuseries
TV SHOW,Chuck Chicken,Not Given,Malaysia,2017,TV-Y7,2017,11,,1.0,Kids' Tv
TV SHOW,Calico Critters,Not Given,Pakistan,2018,TV-Y,2018,11,,1.0,Kids' Tv
TV SHOW,Chill with Bob Ross,Not Given,Pakistan,1994,TV-G,2016,12,,1.0,Tv Shows
TV SHOW,Civilizations,Not Given,United Kingdom,2018,TV-14,2018,10,,1.0,British Tv Shows
TV SHOW,Classic Legends,Not Given,India,2012,TV-PG,2017,5,,1.0,Docuseries
TV SHOW,Click for Murder,Not Given,United Kingdom,2017,TV-14,2017,9,,1.0,British Tv Shows
TV SHOW,Cold Case Files,Not Given,United States,2017,TV-14,2019,9,,1.0,Crime Tv Shows
TV SHOW,Cold Case Files Classic,Not Given,United States,1999,TV-MA,2020,9,,1.0,Crime Tv Shows
TV SHOW,Comedy Bang! Bang!,Not Given,United States,2016,TV-14,2016,12,,5.0,Stand-Up Comedy & Talk Shows
TV SHOW,Conan Without Borders,Not Given,United States,2018,TV-14,2018,12,,1.0,Docuseries
TV SHOW,Cooking on High,Not Given,United States,2018,TV-MA,2018,6,,1.0,Reality Tv
TV SHOW,Court Justice,Not Given,Australia,2017,TV-MA,2019,10,,1.0,Crime Tv Shows
TV SHOW,Crime Time,Not Given,France,2017,TV-MA,2019,1,,1.0,Crime Tv Shows
TV SHOW,Dad's Army,Not Given,United Kingdom,1977,TV-PG,2018,3,,10.0,British Tv Shows
TV SHOW,Dance Academy,Not Given,Australia,2013,TV-PG,2017,12,,1.0,International Tv Shows
TV SHOW,Dandy,Not Given,Mexico,2016,TV-MA,2018,3,,1.0,Crime Tv Shows
TV SHOW,Dangerous Roads,Not Given,United Kingdom,2012,TV-MA,2019,2,,2.0,British Tv Shows
MOVIE,Dare to Be Wild,Not Given,Ireland,2015,TV-PG,2018,4,100.0,,Dramas
TV SHOW,Darr Sabko Lagta Hai,Not Given,India,2015,TV-MA,2018,3,,1.0,International Tv Shows
TV SHOW,Comedy High School,Not Given,Pakistan,2018,TV-14,2018,7,,1.0,International Tv Shows
TV SHOW,Day and Night,Not Given,China,2017,TV-MA,2018,3,,1.0,Crime Tv Shows
TV SHOW,Days We Stared at the Sun,Not Given,Taiwan,2017,TV-MA,2018,3,,2.0,International Tv Shows
TV SHOW,Deep Undercover Collection,Not Given,United States,2017,TV-MA,2018,7,,3.0,Crime Tv Shows
TV SHOW,Deep Water,Not Given,Australia,2016,TV-MA,2017,7,,1.0,Crime Tv Shows
TV SHOW,Devlok with Devdutt Pattanaik,Not Given,India,2017,TV-PG,2018,10,,1.0,International Tv Shows
TV SHOW,Dexter,Not Given,United States,2013,TV-MA,2018,1,,8.0,Crime Tv Shows
MOVIE,Diana: In Her Own Words,Not Given,United Kingdom,2017,TV-PG,2017,12,113.0,,Documentaries
TV SHOW,Dinner for Five,Not Given,United States,2007,TV-MA,2008,2,,1.0,Stand-Up Comedy & Talk Shows
TV SHOW,Dino Hunt,Not Given,Canada,2016,TV-G,2017,8,,1.0,Docuseries
TV SHOW,Doomsday Preppers,Not Given,United States,2013,TV-14,2019,3,,1.0,Reality Tv
TV SHOW,Dramaworld,Not Given,United States,2016,TV-14,2016,5,,1.0,Romantic Tv Shows
MOVIE,Driven to Dance,Not Given,United States,2018,TV-PG,2019,1,99.0,,Dramas
TV SHOW,"Drugs, Inc.",Not Given,United States,2015,TV-MA,2019,3,,1.0,Crime Tv Shows
TV SHOW,Dueños del paraíso,Not Given,United States,2015,TV-14,2017,2,,1.0,Crime Tv Shows
TV SHOW,Earth to Luna!,Not Given,Brazil,2014,TV-Y,2020,4,,1.0,Kids' Tv
TV SHOW,Earth's Natural Wonders,Not Given,United Kingdom,2015,TV-PG,2017,3,,1.0,British Tv Shows
TV SHOW,Easy Fortune Happy Life,Not Given,Taiwan,2009,TV-MA,2016,9,,1.0,International Tv Shows
TV SHOW,El Barco,Not Given,Spain,2013,NR,2017,7,,3.0,International Tv Shows
TV SHOW,El Cartel,Not Given,Colombia,2008,TV-MA,2018,8,,1.0,Crime Tv Shows
TV SHOW,Fix It and Finish It,Not Given,United States,2014,TV-G,2018,7,,3.0,Reality Tv
TV SHOW,El Cartel 2,Not Given,Colombia,2010,TV-MA,2018,8,,1.0,Crime Tv Shows
TV SHOW,El Chavo,Not Given,Mexico,1979,TV-PG,2017,12,,1.0,Classic & Cult Tv
TV SHOW,El Clon,Not Given,United States,2010,TV-14,2017,5,,1.0,Romantic Tv Shows
TV SHOW,El Vato,Not Given,United States,2017,TV-MA,2018,2,,2.0,International Tv Shows
TV SHOW,Emogenius,Not Given,United States,2017,TV-PG,2018,12,,1.0,Reality Tv
TV SHOW,Encounters with Evil,Not Given,United Kingdom,2016,TV-14,2019,7,,1.0,British Tv Shows
MOVIE,Ethirmarai,Not Given,India,2018,TV-14,2018,4,91.0,,International Movies
TV SHOW,Everyday Miracles,Not Given,United Kingdom,2014,TV-PG,2017,8,,1.0,British Tv Shows
TV SHOW,Ex-Boyfriend,Not Given,China,2011,TV-14,2017,1,,1.0,International Tv Shows
TV SHOW,Extras,Not Given,United Kingdom,2006,TV-MA,2017,3,,2.0,British Tv Shows
TV SHOW,Ezel,Not Given,Turkey,2009,TV-14,2016,12,,1.0,Crime Tv Shows
TV SHOW,Fairy Tail,Not Given,Japan,2009,TV-MA,2017,4,,1.0,Anime Series
TV SHOW,Fake or Fortune?,Not Given,United Kingdom,2015,TV-G,2019,7,,1.0,British Tv Shows
TV SHOW,Fear Files... Har Mod Pe Darr,Not Given,India,2015,TV-MA,2017,6,,1.0,International Tv Shows
TV SHOW,Filinta,Not Given,Turkey,2015,TV-14,2017,4,,2.0,Crime Tv Shows
TV SHOW,Flowering Heart,Not Given,South Korea,2016,TV-Y7,2019,7,,1.0,Kids' Tv
TV SHOW,Footprints in the Sand,Not Given,United States,2011,TV-14,2017,10,,1.0,International Tv Shows
TV SHOW,For the Win,Not Given,United States,2017,TV-14,2018,12,,1.0,Reality Tv
TV SHOW,Forces of Nature,Not Given,United Kingdom,2016,TV-PG,2017,3,,1.0,British Tv Shows
TV SHOW,Forget Me Not,Not Given,United Kingdom,2011,TV-MA,2017,9,,1.0,International Tv Shows
TV SHOW,Four Seasons in Havana,Not Given,Spain,2016,TV-MA,2016,12,,1.0,Crime Tv Shows
TV SHOW,Gabru: Hip Hop Revolution,Not Given,India,2018,TV-14,2018,6,,1.0,International Tv Shows
TV SHOW,Galavant,Not Given,United States,2016,TV-PG,2016,9,,2.0,Tv Action & Adventure
TV SHOW,Game Winning Hit,Not Given,Taiwan,2009,TV-MA,2016,9,,1.0,International Tv Shows
TV SHOW,Gangs of Hassepur,Not Given,India,2014,TV-PG,2017,4,,1.0,International Tv Shows
MOVIE,Gender Revolution: A Journey with Katie Couric,Not Given,United States,2017,TV-PG,2018,2,90.0,,Documentaries
TV SHOW,Genius of the Ancient World,Not Given,United Kingdom,2015,TV-PG,2017,8,,1.0,British Tv Shows
TV SHOW,Genius of the Modern World,Not Given,United Kingdom,2016,TV-PG,2017,8,,1.0,British Tv Shows
TV SHOW,Gentlemen and Gangsters,Not Given,Sweden,2016,TV-MA,2016,6,,1.0,Crime Tv Shows
TV SHOW,Get Shorty,Not Given,United States,2017,TV-MA,2018,11,,1.0,Crime Tv Shows
TV SHOW,Ghost Town Gold,Not Given,United States,2012,TV-14,2019,10,,1.0,Reality Tv
TV SHOW,Goldie & Bear,Not Given,United States,2017,TV-Y,2018,10,,2.0,Kids' Tv
TV SHOW,Hell on Wheels,Not Given,Canada,2016,TV-14,2016,5,,5.0,Crime Tv Shows
TV SHOW,Gomorrah,Not Given,Italy,2016,TV-MA,2017,8,,2.0,Crime Tv Shows
TV SHOW,Gossip Girl,Not Given,United States,2012,TV-14,2013,10,,6.0,Tv Dramas
TV SHOW,Grand Designs,Not Given,United Kingdom,2017,TV-14,2019,8,,2.0,British Tv Shows
TV SHOW,Grand Hotel,Not Given,Spain,2013,TV-PG,2017,11,,3.0,International Tv Shows
TV SHOW,Great Interior Design Challenge,Not Given,United Kingdom,2016,TV-PG,2018,12,,2.0,British Tv Shows
TV SHOW,Great Yellowstone Thaw,Not Given,United Kingdom,2017,TV-PG,2017,10,,1.0,Docuseries
MOVIE,Haapus,Not Given,India,2010,TV-14,2018,3,138.0,,Comedies
TV SHOW,Hannibal,Not Given,United States,2015,TV-MA,2020,6,,3.0,Tv Horror
TV SHOW,Happy 300 Days,Not Given,Taiwan,2013,TV-14,2017,1,,1.0,International Tv Shows
TV SHOW,Happy Valley,Not Given,United Kingdom,2016,TV-MA,2016,3,,2.0,British Tv Shows
TV SHOW,Happyish,Not Given,United States,2015,TV-MA,2016,7,,1.0,Tv Comedies
TV SHOW,Harold Shipman - Driven to Kill,Not Given,United Kingdom,2014,TV-14,2019,2,,1.0,British Tv Shows
TV SHOW,Hart of Dixie,Not Given,United States,2014,TV-PG,2015,12,,4.0,Tv Comedies
TV SHOW,Hati Perempuan,Not Given,Indonesia,2015,TV-14,2017,8,,1.0,International Tv Shows
TV SHOW,Haven,Not Given,Canada,2015,TV-14,2015,9,,5.0,Classic & Cult Tv
TV SHOW,Heavy Rescue: 401,Not Given,Canada,2018,TV-MA,2018,6,,2.0,International Tv Shows
TV SHOW,Helix,Not Given,United States,2015,TV-MA,2018,11,,1.0,Tv Horror
TV SHOW,Herrens veje,Not Given,Denmark,2018,TV-MA,2019,6,,2.0,International Tv Shows
TV SHOW,Hidden Singer,Not Given,South Korea,2015,TV-Y7,2017,5,,1.0,International Tv Shows
TV SHOW,Highway Thru Hell,Not Given,Canada,2016,TV-PG,2019,12,,3.0,Reality Tv
TV SHOW,Hinterland,Not Given,United Kingdom,2016,TV-14,2017,8,,3.0,British Tv Shows
TV SHOW,Historia de un clan,Not Given,Argentina,2015,TV-MA,2017,1,,1.0,Crime Tv Shows
TV SHOW,History's Greatest Hoaxes,Not Given,Australia,2016,TV-PG,2019,7,,1.0,British Tv Shows
TV SHOW,Hogie the Globehopper,Not Given,United States,2016,TV-Y,2017,8,,1.0,Kids' Tv
TV SHOW,Hormones,Not Given,Thailand,2015,TV-MA,2018,6,,3.0,International Tv Shows
TV SHOW,Horror Homes,Not Given,United Kingdom,2016,TV-14,2019,10,,1.0,British Tv Shows
TV SHOW,Hotel Beau Séjour,Not Given,Belgium,2017,TV-14,2017,3,,1.0,Crime Tv Shows
TV SHOW,Humsafar,Not Given,Pakistan,2011,TV-PG,2016,12,,1.0,International Tv Shows
TV SHOW,Hunters of the South Seas,Not Given,United Kingdom,2015,TV-14,2019,2,,1.0,British Tv Shows
TV SHOW,Huntik: Secrets and Seekers,Not Given,United States,2011,TV-Y7,2018,1,,2.0,Kids' Tv
TV SHOW,I Am Me!,Not Given,Mexico,2016,TV-14,2017,3,,1.0,International Tv Shows
TV SHOW,I'm Sorry,Not Given,United States,2019,TV-MA,2019,9,,2.0,Tv Comedies
TV SHOW,Idiotest,Not Given,United States,2014,TV-PG,2018,12,,1.0,Reality Tv
TV SHOW,In Between,Not Given,Taiwan,2012,TV-14,2017,1,,1.0,International Tv Shows
TV SHOW,India: Nature's Wonderland,Not Given,United Kingdom,2015,TV-PG,2017,3,,1.0,British Tv Shows
TV SHOW,Inside The Freemasons,Not Given,United Kingdom,2017,TV-MA,2018,9,,1.0,British Tv Shows
TV SHOW,Inside the Mind of a Serial Killer,Not Given,United States,2015,TV-14,2019,7,,1.0,Crime Tv Shows
TV SHOW,Intelligence,Not Given,Canada,2007,TV-MA,2017,7,,2.0,Crime Tv Shows
TV SHOW,Iron Man: Armored Adventures,Not Given,Canada,2011,TV-Y7,2020,8,,2.0,Kids' Tv
TV SHOW,Islands of the Future,Not Given,United Kingdom,2014,TV-PG,2017,3,,1.0,Docuseries
TV SHOW,마녀사냥,Not Given,South Korea,2015,TV-MA,2018,2,,1.0,International Tv Shows
TV SHOW,Japanese Style Originator,Not Given,Japan,2008,TV-G,2017,5,,1.0,International Tv Shows
TV SHOW,Jeopardy!,Not Given,United States,2019,TV-G,2020,12,,2.0,Reality Tv
TV SHOW,Jericho,Not Given,United States,2008,TV-14,2017,8,,2.0,Classic & Cult Tv
TV SHOW,Jhansi Ki Rani,Not Given,India,2009,TV-14,2017,6,,1.0,International Tv Shows
TV SHOW,JingleKids,Not Given,Russia,2017,TV-Y7,2019,4,,1.0,Kids' Tv
TV SHOW,Juana Brava,Not Given,Chile,2015,TV-MA,2017,3,,1.0,International Tv Shows
TV SHOW,Juana Inés,Not Given,Mexico,2016,TV-14,2017,1,,1.0,International Tv Shows
TV SHOW,Julius Jr.,Not Given,United States,2014,TV-Y,2015,11,,2.0,Kids' Tv
TV SHOW,K,Not Given,Japan,2012,TV-MA,2016,12,,1.0,Anime Series
TV SHOW,Kaçak,Not Given,Turkey,2013,TV-14,2016,12,,1.0,Crime Tv Shows
MOVIE,Kanika,Not Given,India,2017,TV-14,2018,3,110.0,,Horror Movies
TV SHOW,Ken Burns: The West,Not Given,United States,1996,TV-PG,2017,3,,1.0,Docuseries
TV SHOW,Khaani,Not Given,Pakistan,2017,TV-14,2019,8,,1.0,Crime Tv Shows
TV SHOW,Khan: No. 1 Crime Hunter,Not Given,India,2018,TV-14,2018,5,,1.0,Crime Tv Shows
MOVIE,Jake's Buccaneer Blast,Not Given,Pakistan,2014,TV-Y,2017,8,,,Movies
MOVIE,John Mellencamp: Plain Spoken,Not Given,Pakistan,2017,TV-MA,2018,2,80.0,,Documentaries
TV SHOW,Khelti Hai Zindagi Aankh Micholi,Not Given,India,2013,TV-14,2017,4,,1.0,International Tv Shows
TV SHOW,Khotey Sikkey,Not Given,India,2011,TV-14,2018,3,,1.0,Crime Tv Shows
TV SHOW,Kitten Rescuers,Not Given,United Kingdom,2017,TV-14,2019,10,,1.0,British Tv Shows
TV SHOW,Knights of Sidonia,Not Given,Japan,2015,TV-MA,2019,12,,2.0,Anime Series
TV SHOW,Kurt Seyit & Sura,Not Given,Turkey,2014,TV-14,2016,12,,1.0,International Tv Shows
TV SHOW,La Piloto,Not Given,Mexico,2017,TV-MA,2018,4,,1.0,Crime Tv Shows
TV SHOW,La Rosa de Guadalupe,Not Given,Mexico,2010,TV-PG,2019,1,,1.0,Classic & Cult Tv
MOVIE,Lady-Like,Not Given,United States,2018,NC-17,2019,1,83.0,,Comedies
TV SHOW,"Lady, la vendedora de rosas",Not Given,Colombia,2015,TV-14,2018,4,,1.0,International Tv Shows
TV SHOW,Land Girls,Not Given,United Kingdom,2011,TV-14,2017,8,,3.0,British Tv Shows
TV SHOW,Last,Not Given,South Korea,2015,TV-14,2017,5,,1.0,Crime Tv Shows
TV SHOW,Learning Time with Timmy,Not Given,United Kingdom,2018,TV-Y,2020,5,,1.0,British Tv Shows
TV SHOW,Krishna Balram,Not Given,Pakistan,2019,TV-Y7,2019,7,,1.0,Kids' Tv
MOVIE,LEGO Ninjago: Masters of Spinjitzu: Day of the Departed,Not Given,Denmark,2016,TV-Y7-FV,2019,2,44.0,,Action & Adventure
TV SHOW,Limmy's Show!,Not Given,United Kingdom,2012,TV-MA,2019,10,,2.0,British Tv Shows
TV SHOW,Liv and Maddie,Not Given,United States,2017,TV-G,2017,4,,4.0,Kids' Tv
TV SHOW,Lo que la verdad esconde: El caso Asunta (Operacion Nenúfar),Not Given,Spain,2017,TV-14,2019,2,,1.0,Crime Tv Shows
TV SHOW,Lo que la vida me robó,Not Given,Mexico,2013,TV-14,2017,12,,1.0,Crime Tv Shows
TV SHOW,LoliRock,Not Given,South Korea,2016,TV-Y,2018,5,,2.0,Kids' Tv
TV SHOW,Lost Girl,Not Given,Canada,2015,TV-14,2016,4,,5.0,Tv Dramas
TV SHOW,Love Cuisine,Not Given,Taiwan,2015,TV-MA,2016,8,,1.0,International Tv Shows
TV SHOW,Love Rain,Not Given,South Korea,2012,TV-PG,2018,5,,1.0,International Tv Shows
TV SHOW,Murderous Affairs,Not Given,United States,2017,TV-MA,2018,4,,3.0,Crime Tv Shows
TV SHOW,Love Your Garden,Not Given,United Kingdom,2013,TV-G,2019,7,,1.0,British Tv Shows
TV SHOW,Lucky Days,Not Given,China,2010,TV-PG,2016,9,,1.0,International Tv Shows
TV SHOW,Mad Men,Not Given,United States,2014,TV-14,2015,3,,7.0,Tv Dramas
TV SHOW,Magi: Adventure of Sinbad,Not Given,Japan,2016,TV-14,2016,7,,1.0,Anime Series
TV SHOW,Maharakshak Devi,Not Given,India,2015,TV-14,2017,4,,1.0,International Tv Shows
TV SHOW,Lego Friends,Not Given,Pakistan,2017,TV-G,2019,2,,3.0,Kids' Tv
TV SHOW,Maharakshak: Aryan,Not Given,India,2014,TV-14,2017,4,,1.0,International Tv Shows
TV SHOW,Mahi Way,Not Given,India,2010,TV-14,2018,3,,1.0,International Tv Shows
TV SHOW,Mahmut & Meryem,Not Given,Turkey,2013,TV-14,2016,12,,1.0,International Tv Shows
TV SHOW,Marching Orders,Not Given,United States,2018,TV-14,2018,8,,1.0,Docuseries
TV SHOW,Married at First Sight,Not Given,United States,2019,TV-14,2020,4,,1.0,Reality Tv
TV SHOW,Nature: Animals With Cameras,Not Given,United Kingdom,2018,TV-PG,2018,10,,1.0,Docuseries
TV SHOW,Mary Portas: Secret Shopper,Not Given,United Kingdom,2016,TV-14,2019,7,,1.0,British Tv Shows
TV SHOW,NATURE: Natural Born Hustlers,Not Given,United States,2016,TV-G,2017,3,,1.0,Docuseries
TV SHOW,Mega Food,Not Given,United Kingdom,2013,TV-G,2019,7,,1.0,British Tv Shows
TV SHOW,MegaTruckers,Not Given,Australia,2012,TV-PG,2019,7,,1.0,Reality Tv
TV SHOW,Merlí,Not Given,Spain,2015,TV-MA,2016,12,,1.0,International Tv Shows
TV SHOW,Mexico Diseña,Not Given,United States,2016,TV-PG,2017,2,,1.0,International Tv Shows
TV SHOW,Midnight Misadventures With Mallika Dua,Not Given,India,2018,TV-14,2019,4,,1.0,International Tv Shows
TV SHOW,Mini Wolf,Not Given,France,2014,TV-G,2018,9,,2.0,Kids' Tv
TV SHOW,Minute to Win It,Not Given,United States,2013,TV-PG,2018,12,,1.0,Reality Tv
TV SHOW,Miss Dynamite,Not Given,Mexico,2015,TV-14,2018,5,,1.0,Crime Tv Shows
TV SHOW,Miss Rose,Not Given,Taiwan,2015,TV-MA,2016,8,,1.0,International Tv Shows
TV SHOW,Monkey Planet,Not Given,United Kingdom,2014,TV-PG,2017,3,,1.0,British Tv Shows
TV SHOW,Monster Math Squad,Not Given,Canada,2012,TV-Y,2020,5,,2.0,Kids' Tv
TV SHOW,Monty Don's Italian Gardens,Not Given,United Kingdom,2011,TV-G,2019,7,,1.0,British Tv Shows
TV SHOW,Mr. Young,Not Given,Canada,2013,TV-G,2019,4,,2.0,Kids' Tv
TV SHOW,My Hotter Half,Not Given,United Kingdom,2017,TV-PG,2019,7,,1.0,British Tv Shows
TV SHOW,My Tattoo Addiction,Not Given,United Kingdom,2013,TV-MA,2019,2,,1.0,British Tv Shows
TV SHOW,Mystery Science Theater 3000,Not Given,United States,1999,TV-14,2018,3,,1.0,Tv Comedies
TV SHOW,Nature's Weirdest Events,Not Given,United Kingdom,2015,TV-PG,2019,9,,3.0,British Tv Shows
TV SHOW,Nazi Mega Weapons,Not Given,United States,2016,TV-PG,2017,3,,3.0,Docuseries
TV SHOW,Ninja Hattori,Not Given,Japan,1981,TV-Y7,2018,12,,1.0,Anime Series
TV SHOW,Ninja Turtles: The Next Mutation,Not Given,Canada,1997,TV-G,2016,1,,1.0,Kids' Tv
TV SHOW,Nobel,Not Given,Norway,2016,R,2016,12,,1.0,International Tv Shows
TV SHOW,North & South,Not Given,United Kingdom,2004,NR,2017,3,,1.0,British Tv Shows
MOVIE,NOVA: Bird Brain,Not Given,United States,2017,TV-G,2019,7,53.0,,Children & Family Movies
MOVIE,NOVA: Killer Floods,Not Given,United States,2017,TV-PG,2019,7,54.0,,Documentaries
TV SHOW,NSU German History X,Not Given,Germany,2016,TV-MA,2016,7,,1.0,Crime Tv Shows
TV SHOW,Nura: Rise of the Yokai Clan: Demon Capital,Not Given,Japan,2011,TV-MA,2016,12,,1.0,Anime Series
TV SHOW,Razia Sultan,Not Given,India,2015,TV-14,2017,4,,1.0,International Tv Shows
TV SHOW,Nurse Jackie,Not Given,United States,2015,TV-MA,2015,12,,7.0,Tv Comedies
TV SHOW,Nurses Who Kill,Not Given,United Kingdom,2016,TV-14,2017,8,,1.0,British Tv Shows
TV SHOW,OCTB,Not Given,Hong Kong,2017,TV-14,2018,2,,1.0,Crime Tv Shows
TV SHOW,Oh No! It's an Alien Invasion,Not Given,Canada,2014,TV-Y7-FV,2015,5,,2.0,Kids' Tv
TV SHOW,Ollie & Moon,Not Given,France,2018,TV-Y,2018,3,,1.0,Kids' Tv
MOVIE,One Heart: The A.R. Rahman Concert Film,Not Given,India,2017,TV-G,2017,11,87.0,,Documentaries
TV SHOW,One Strange Rock,Not Given,United States,2018,TV-PG,2019,2,,1.0,Docuseries
TV SHOW,Operation Gold Rush,Not Given,United Kingdom,2016,TV-14,2019,2,,1.0,British Tv Shows
TV SHOW,Operation Ouch!,Not Given,United Kingdom,2012,TV-PG,2020,8,,1.0,British Tv Shows
TV SHOW,Operation Proposal,Not Given,South Korea,2012,TV-PG,2016,7,,1.0,International Tv Shows
MOVIE,Our Shining Days,Not Given,China,2017,TV-PG,2018,7,103.0,,Comedies
TV SHOW,P. King Duckling,Not Given,United States,2016,TV-Y,2017,11,,1.0,Kids' Tv
TV SHOW,Pacific Heat,Not Given,Australia,2016,TV-14,2016,12,,1.0,Crime Tv Shows
TV SHOW,Pajanimals,Not Given,United States,2011,TV-Y,2020,3,,1.0,Kids' Tv
TV SHOW,Powder,Not Given,India,2010,TV-14,2018,2,,1.0,Crime Tv Shows
TV SHOW,Paranormal Survivor,Not Given,Canada,2016,TV-14,2017,8,,2.0,Docuseries
TV SHOW,Parks and Recreation,Not Given,United States,2015,TV-14,2016,1,,7.0,Tv Comedies
TV SHOW,Pasión de Gavilanes,Not Given,Colombia,2003,TV-14,2017,5,,1.0,International Tv Shows
TV SHOW,Pawn Stars,Not Given,United States,2010,TV-14,2019,9,,1.0,Reality Tv
TV SHOW,Pee-wee's Playhouse,Not Given,United States,1990,TV-PG,2014,12,,5.0,Classic & Cult Tv
TV SHOW,Penny Dreadful,Not Given,Ireland,2016,TV-MA,2016,9,,3.0,Tv Dramas
TV SHOW,Person of Interest,Not Given,United States,2016,TV-14,2016,9,,5.0,Crime Tv Shows
TV SHOW,Power Rangers Dino Charge,Not Given,United States,2015,TV-Y7,2015,12,,1.0,Kids' Tv
TV SHOW,Power Rangers Dino Thunder,Not Given,United States,2004,TV-Y7,2016,1,,1.0,Kids' Tv
TV SHOW,Power Rangers in Space,Not Given,United States,1998,TV-Y7,2016,1,,1.0,Kids' Tv
TV SHOW,Power Rangers Jungle Fury,Not Given,United States,2008,TV-Y7,2016,1,,1.0,Kids' Tv
TV SHOW,Power Rangers Lightspeed Rescue,Not Given,France,2000,TV-Y7,2016,1,,1.0,Kids' Tv
TV SHOW,Power Rangers Lost Galaxy,Not Given,United States,1999,TV-Y7,2016,1,,1.0,Kids' Tv
TV SHOW,Power Rangers Mystic Force,Not Given,United States,2006,TV-Y7,2016,1,,1.0,Kids' Tv
TV SHOW,Power Rangers Ninja Storm,Not Given,United States,2003,TV-Y7,2016,1,,1.0,Kids' Tv
TV SHOW,Power Rangers Operation Overdrive,Not Given,United States,2007,TV-Y7,2016,1,,1.0,Kids' Tv
TV SHOW,Power Rangers RPM,Not Given,United States,2009,TV-Y7,2016,1,,1.0,Kids' Tv
TV SHOW,Power Rangers S.P.D.,Not Given,United States,2005,TV-Y7,2016,1,,1.0,Kids' Tv
TV SHOW,Power Rangers Samurai,Not Given,United States,2011,TV-Y7,2016,1,,1.0,Kids' Tv
MOVIE,"Power Rangers Samurai: Christmas Together, Friends Forever (Christmas Special)",Not Given,United States,2011,TV-Y7,2016,1,,,Movies
MOVIE,Power Rangers Samurai: Clash of the Red Rangers,Not Given,United States,2011,TV-Y7,2016,1,46.0,,Children & Family Movies
MOVIE,Power Rangers Samurai: Party Monsters (Halloween Special),Not Given,United States,2011,TV-Y7,2016,1,,,Movies
MOVIE,Power Rangers Super Samurai: Stuck on Christmas,Not Given,United States,2012,TV-Y7,2016,1,,,Children & Family Movies
MOVIE,Power Rangers Super Samurai: Trickster Treat,Not Given,United States,2012,TV-Y7,2016,1,,,Movies
TV SHOW,Power Rangers Time Force,Not Given,United States,2001,TV-Y7,2016,1,,1.0,Kids' Tv
TV SHOW,Power Rangers Turbo,Not Given,United States,1997,TV-Y7,2016,1,,1.0,Kids' Tv
TV SHOW,Power Rangers Wild Force,Not Given,United States,2002,TV-Y7,2016,1,,1.0,Kids' Tv
TV SHOW,Power Rangers Zeo,Not Given,United States,1996,TV-Y7,2016,1,,1.0,Kids' Tv
TV SHOW,Power Rangers: Megaforce,Not Given,United States,2013,TV-Y7,2016,1,,1.0,Kids' Tv
MOVIE,Power Rangers: Megaforce: Raising Spirits,Not Given,United States,2013,TV-Y7,2016,1,,,Children & Family Movies
TV SHOW,Prohibition: A Film by Ken Burns and Lynn Novick,Not Given,United States,2011,TV-PG,2017,2,,1.0,Crime Tv Shows
TV SHOW,Psiconautas,Not Given,Argentina,2016,TV-MA,2018,4,,2.0,International Tv Shows
TV SHOW,Pyaar Tune Kya Kiya,Not Given,India,2014,TV-14,2017,6,,3.0,International Tv Shows
TV SHOW,Qué pena tu serie,Not Given,United States,2015,TV-MA,2016,11,,1.0,International Tv Shows
TV SHOW,Queen of No Marriage,Not Given,Taiwan,2009,TV-MA,2016,8,,1.0,International Tv Shows
TV SHOW,Ramayan,Not Given,India,2012,TV-14,2018,4,,1.0,International Tv Shows
TV SHOW,Power Rangers Super Megaforce,Not Given,Pakistan,2014,TV-Y7,2016,1,,1.0,Kids' Tv
TV SHOW,Rebelde,Not Given,Mexico,2004,TV-14,2017,12,,1.0,International Tv Shows
TV SHOW,Rectify,Not Given,United States,2016,TV-MA,2017,3,,4.0,Crime Tv Shows
TV SHOW,Reggie Yates Outside Man,Not Given,United Kingdom,2017,TV-MA,2017,12,,2.0,British Tv Shows
TV SHOW,Republic of Doyle,Not Given,Canada,2014,TV-14,2020,5,,6.0,Crime Tv Shows
TV SHOW,"Rica, Famosa, Latina",Not Given,United States,2016,TV-MA,2019,4,,4.0,International Tv Shows
TV SHOW,Ripper Street,Not Given,United Kingdom,2017,TV-MA,2017,9,,5.0,British Tv Shows
TV SHOW,Rishta.com,Not Given,India,2010,TV-14,2018,3,,1.0,International Tv Shows
TV SHOW,Robotech,Not Given,United States,1985,TV-MA,2016,10,,1.0,Anime Series
TV SHOW,Roonpi Secret Love,Not Given,Thailand,2016,TV-14,2019,6,,3.0,International Tv Shows
TV SHOW,Rubi,Not Given,Mexico,2004,TV-PG,2017,12,,1.0,International Tv Shows
TV SHOW,Rurouni Kenshin,Not Given,Japan,1998,TV-14,2020,1,,3.0,Anime Series
TV SHOW,Russell Peters vs. the World,Not Given,United States,2013,NR,2013,10,,1.0,Docuseries
TV SHOW,Save Our Shelter,Not Given,United States,2015,TV-G,2018,8,,1.0,Reality Tv
TV SHOW,Scandal,Not Given,United States,2018,TV-14,2018,5,,7.0,Crime Tv Shows
TV SHOW,Secret Affair,Not Given,South Korea,2014,TV-14,2017,5,,1.0,International Tv Shows
TV SHOW,The Pyramid Code,Not Given,Canada,2009,TV-PG,2016,2,,1.0,Docuseries
TV SHOW,Sensitive Skin,Not Given,Canada,2016,TV-MA,2019,12,,1.0,Tv Comedies
TV SHOW,Servant of the People,Not Given,Ukraine,2015,TV-14,2017,3,,1.0,International Tv Shows
TV SHOW,Shadow of Truth,Not Given,Israel,2016,TV-MA,2017,1,,1.0,Crime Tv Shows
TV SHOW,Shaka Zulu,Not Given,Italy,1986,TV-14,2019,1,,1.0,Tv Dramas
MOVIE,She Did That,Not Given,United States,2019,TV-PG,2020,2,71.0,,Documentaries
TV SHOW,Sherlock,Not Given,United Kingdom,2017,TV-14,2017,5,,4.0,British Tv Shows
TV SHOW,Sid the Science Kid,Not Given,United States,2008,TV-Y,2020,3,,1.0,Kids' Tv
TV SHOW,Silver Spoon,Not Given,Russia,2015,TV-MA,2017,9,,2.0,Crime Tv Shows
TV SHOW,Sin senos no hay paraíso,Not Given,Colombia,2008,TV-14,2017,5,,1.0,International Tv Shows
TV SHOW,Sin Senos sí Hay Paraíso,Not Given,United States,2018,TV-MA,2019,1,,3.0,International Tv Shows
TV SHOW,Skin Wars,Not Given,United States,2016,TV-14,2016,10,,3.0,Reality Tv
TV SHOW,Skin Wars: Fresh Paint,Not Given,United States,2016,TV-14,2018,12,,1.0,Reality Tv
TV SHOW,Slobby's World,Not Given,United States,2018,TV-MA,2018,12,,1.0,Reality Tv
MOVIE,Smash: Motorized Mayhem,Not Given,United States,2017,TV-MA,2017,5,66.0,,Documentaries
TV SHOW,Sotus The Series,Not Given,Thailand,2016,TV-MA,2019,5,,1.0,International Tv Shows
TV SHOW,Space Racers,Not Given,United States,2014,TV-Y,2020,3,,1.0,Kids' Tv
TV SHOW,Spartacus,Not Given,United States,2013,TV-MA,2015,2,,4.0,Tv Action & Adventure
TV SHOW,Splash and Bubbles,Not Given,United States,2018,TV-Y,2018,8,,2.0,Kids' Tv
TV SHOW,Star-Crossed,Not Given,United States,2014,TV-14,2015,4,,1.0,Romantic Tv Shows
TV SHOW,Station Horizon,Not Given,Switzerland,2015,TV-MA,2016,9,,1.0,International Tv Shows
TV SHOW,Stoked,Not Given,United States,2010,TV-PG,2017,12,,1.0,Kids' Tv
TV SHOW,Stone Age,Not Given,South Korea,2017,TV-Y7,2019,7,,1.0,Kids' Tv
TV SHOW,Storage Wars: Northern Treasures,Not Given,United States,2015,TV-MA,2019,7,,1.0,International Tv Shows
TV SHOW,Strawberry Shortcake: Berry Bitty Adventures,Not Given,France,2015,TV-Y,2016,1,,1.0,Kids' Tv
TV SHOW,Strong Girl Bong-soon,Not Given,South Korea,2017,TV-14,2019,11,,1.0,Crime Tv Shows
TV SHOW,Suits,Not Given,South Korea,2018,TV-MA,2019,12,,1.0,International Tv Shows
TV SHOW,Super Bheem,Not Given,India,2019,TV-Y,2019,6,,1.0,Kids' Tv
TV SHOW,Super Wings,Not Given,United States,2020,TV-Y,2020,12,,3.0,Kids' Tv
TV SHOW,SuperNature: Wild Flyers,Not Given,United Kingdom,2016,TV-PG,2017,3,,1.0,British Tv Shows
TV SHOW,Surviving R. Kelly Part II: The Reckoning,Not Given,United States,2020,TV-MA,2020,4,,1.0,Crime Tv Shows
TV SHOW,Sym-Bionic Titan,Not Given,United States,2010,TV-PG,2019,12,,1.0,Kids' Tv
TV SHOW,Taken,Not Given,France,2018,TV-14,2019,1,,2.0,Crime Tv Shows
TV SHOW,Tales of the City (1993),Not Given,United Kingdom,1993,TV-MA,2019,6,,1.0,Tv Dramas
TV SHOW,Thackeray,Not Given,India,2019,TV-MA,2019,5,,1.0,Tv Shows
TV SHOW,Teresa,Not Given,Mexico,2010,TV-PG,2017,12,,1.0,International Tv Shows
TV SHOW,That '70s Show,Not Given,United States,2005,TV-14,2017,11,,8.0,Tv Comedies
TV SHOW,The 2000s,Not Given,United States,2018,TV-MA,2019,2,,1.0,Docuseries
TV SHOW,Strongland,Not Given,Pakistan,2018,TV-PG,2019,1,,1.0,Docuseries
TV SHOW,The Adjusters,Not Given,Pakistan,2010,TV-PG,2017,9,,2.0,International Tv Shows
TV SHOW,The Andy Griffith Show,Not Given,United States,1967,TV-G,2017,7,,8.0,Classic & Cult Tv
TV SHOW,The Apartment,Not Given,Singapore,2014,TV-PG,2018,12,,2.0,International Tv Shows
TV SHOW,The Bible's Buried Secrets,Not Given,United Kingdom,2011,TV-14,2019,2,,1.0,British Tv Shows
TV SHOW,The Big Catch,Not Given,United Kingdom,2015,TV-PG,2019,2,,1.0,British Tv Shows
TV SHOW,The Bomb Squad,Not Given,United Kingdom,2011,TV-MA,2019,2,,1.0,British Tv Shows
MOVIE,The Bund,Not Given,Hong Kong,1983,TV-14,2018,9,103.0,,Action & Adventure
TV SHOW,The Chefs' Line,Not Given,Australia,2017,TV-14,2019,8,,1.0,International Tv Shows
TV SHOW,The Code,Not Given,United Kingdom,2011,TV-PG,2018,2,,1.0,British Tv Shows
TV SHOW,The Cravings,Not Given,South Korea,2016,TV-14,2017,4,,2.0,International Tv Shows
TV SHOW,The Curse of Oak Island,Not Given,United States,2016,TV-PG,2019,9,,1.0,Docuseries
MOVIE,The Darkest Dawn,Not Given,United Kingdom,2016,TV-MA,2018,6,75.0,,Action & Adventure
TV SHOW,The Day My Butt Went Psycho!,Not Given,Canada,2015,TV-Y7,2015,6,,2.0,Kids' Tv
TV SHOW,The Devil Is a Part-Timer!,Not Given,Japan,2013,TV-14,2019,4,,1.0,Anime Series
TV SHOW,The Drunk and on Drugs Happy Funtime Hour,Not Given,Canada,2011,TV-MA,2018,8,,1.0,International Tv Shows
TV SHOW,The Eighties,Not Given,United States,2016,TV-PG,2018,9,,1.0,Docuseries
TV SHOW,The Fosters,Not Given,United States,2017,TV-14,2017,10,,5.0,Tv Dramas
TV SHOW,The Furchester Hotel,Not Given,United Kingdom,2015,TV-Y,2017,2,,2.0,British Tv Shows
TV SHOW,The Future of Water,Not Given,Norway,2007,TV-PG,2016,7,,1.0,Docuseries
TV SHOW,The Golden Years with Javed Akhtar,Not Given,India,2016,TV-G,2017,6,,1.0,Docuseries
MOVIE,The Great Battle,Not Given,South Korea,2018,TV-MA,2019,4,136.0,,Action & Adventure
TV SHOW,The Great British Baking Show: Masterclass,Not Given,United Kingdom,2018,TV-PG,2018,12,,4.0,British Tv Shows
TV SHOW,The Bachelor,Not Given,Pakistan,2009,TV-14,2019,12,,1.0,Reality Tv
TV SHOW,The Great Train Robbery,Not Given,United Kingdom,2013,NR,2017,3,,1.0,British Tv Shows
TV SHOW,The Guild,Not Given,United States,2013,TV-MA,2019,3,,1.0,Tv Comedies
TV SHOW,The House That Made Me,Not Given,India,2015,TV-PG,2017,3,,3.0,International Tv Shows
TV SHOW,The Investigator: A British Crime Story,Not Given,United Kingdom,2018,TV-MA,2020,3,,2.0,British Tv Shows
TV SHOW,The Jaime Maussan Show,Not Given,United States,2010,TV-PG,2017,12,,1.0,Docuseries
TV SHOW,The Jungle Book,Not Given,India,2010,TV-Y7,2019,5,,1.0,Kids' Tv
TV SHOW,The L Word,Not Given,Canada,2009,TV-MA,2018,3,,6.0,Romantic Tv Shows
TV SHOW,The Lady in Dignity,Not Given,South Korea,2017,TV-MA,2018,1,,1.0,International Tv Shows
TV SHOW,The Lizzie Borden Chronicles,Not Given,United States,2015,TV-14,2016,2,,1.0,Crime Tv Shows
TV SHOW,The Messengers,Not Given,United States,2015,TV-14,2016,4,,1.0,Tv Dramas
TV SHOW,The Mind of a Chef,Not Given,United States,2016,TV-PG,2017,11,,5.0,Docuseries
TV SHOW,The Ministry of Time,Not Given,Spain,2017,TV-MA,2018,1,,3.0,International Tv Shows
TV SHOW,The Mortified Guide,Not Given,United States,2018,TV-MA,2018,2,,1.0,Docuseries
TV SHOW,The Most Beautiful Hands of Delhi,Not Given,Sweden,2017,TV-MA,2017,7,,1.0,International Tv Shows
TV SHOW,The Murder Detectives,Not Given,United Kingdom,2015,TV-MA,2017,3,,1.0,British Tv Shows
TV SHOW,The Nineties,Not Given,United States,2017,TV-14,2018,9,,1.0,Docuseries
TV SHOW,The Office (U.S.),Not Given,United States,2012,TV-14,2016,1,,9.0,Tv Comedies
TV SHOW,The Real Football Factories,Not Given,United Kingdom,2006,TV-MA,2017,12,,1.0,British Tv Shows
TV SHOW,The Returned,Not Given,France,2015,TV-MA,2019,2,,1.0,International Tv Shows
TV SHOW,The Road to Calvary,Not Given,Russia,2017,TV-14,2018,9,,1.0,International Tv Shows
TV SHOW,The Seventies,Not Given,United States,2015,TV-PG,2018,9,,1.0,Docuseries
TV SHOW,The Sniffer,Not Given,Ukraine,2017,TV-MA,2018,6,,3.0,Crime Tv Shows
TV SHOW,The Story of God with Morgan Freeman,Not Given,United States,2017,TV-14,2019,2,,2.0,Docuseries
TV SHOW,The Story of Us with Morgan Freeman,Not Given,United States,2017,TV-14,2019,2,,1.0,Docuseries
TV SHOW,The Super Mario Bros. Super Show!,Not Given,United States,1989,TV-Y7,2016,5,,1.0,Kids' Tv
TV SHOW,The Traffickers,Not Given,United States,2016,TV-MA,2018,1,,1.0,Crime Tv Shows
TV SHOW,The Tudors,Not Given,Ireland,2010,TV-MA,2018,1,,4.0,Tv Dramas
TV SHOW,The Twilight Zone (Original Series),Not Given,United States,1963,TV-14,2017,7,,4.0,Classic & Cult Tv
TV SHOW,The Universe,Not Given,United States,2009,TV-14,2019,9,,1.0,Docuseries
TV SHOW,The War: A Film by Ken Burns and Lynn Novick,Not Given,United States,2007,TV-14,2017,2,,1.0,Docuseries
TV SHOW,The West Wing,Not Given,United States,2005,TV-14,2015,12,,7.0,Tv Dramas
TV SHOW,The Womanizer,Not Given,China,2010,TV-MA,2016,9,,1.0,International Tv Shows
TV SHOW,The Year of Happiness and Love,Not Given,Taiwan,2009,TV-PG,2016,9,,1.0,International Tv Shows
TV SHOW,ThirTEEN Terrors,Not Given,Thailand,2014,TV-14,2019,3,,1.0,International Tv Shows
TV SHOW,This Is My Love,Not Given,South Korea,2015,TV-14,2017,5,,1.0,International Tv Shows
TV SHOW,The Underwear,Not Given,Pakistan,2017,TV-MA,2018,6,,1.0,International Tv Shows
TV SHOW,Tientsin Mystic,Not Given,China,2017,TV-14,2018,2,,1.0,Crime Tv Shows
TV SHOW,Tip the Mouse,Not Given,Germany,2014,TV-Y,2017,9,,1.0,Kids' Tv
TV SHOW,Tobot,Not Given,Canada,2018,TV-Y7,2019,9,,2.0,Kids' Tv
TV SHOW,Top 10 Secrets and Mysteries,Not Given,United Kingdom,2018,TV-14,2019,3,,1.0,British Tv Shows
TV SHOW,Top Grier,Not Given,United States,2018,TV-MA,2018,12,,3.0,Reality Tv
TV SHOW,Trotsky,Not Given,Russia,2017,TV-MA,2018,12,,1.0,International Tv Shows
TV SHOW,Twin Peaks,Not Given,United States,1990,TV-14,2017,7,,2.0,Classic & Cult Tv
TV SHOW,Twirlywoos,Not Given,United Kingdom,2018,TV-Y,2020,5,,2.0,British Tv Shows
MOVIE,"Twisted Trunk, Big Fat Body",Not Given,India,2015,TV-14,2017,1,89.0,,Dramas
TV SHOW,Ugly Duckling,Not Given,Thailand,2015,TV-14,2019,2,,4.0,International Tv Shows
TV SHOW,V.R. Troopers,Not Given,United States,1995,TV-G,2016,1,,2.0,Kids' Tv
TV SHOW,Vroomiz,Not Given,South Korea,2016,TV-Y,2017,8,,3.0,Kids' Tv
TV SHOW,Wartime Portraits,Not Given,Poland,2014,TV-MA,2016,9,,1.0,Docuseries
TV SHOW,Weeds,Not Given,United States,2012,TV-MA,2014,4,,8.0,Tv Comedies
TV SHOW,Weird Wonders of the World,Not Given,United Kingdom,2016,TV-PG,2017,3,,2.0,British Tv Shows
TV SHOW,What Happens to My Family,Not Given,Turkey,2016,TV-14,2017,5,,1.0,International Tv Shows
TV SHOW,Timeless Season,Not Given,Pakistan,2009,TV-14,2017,9,,1.0,International Tv Shows
TV SHOW,What Is Love?,Not Given,Taiwan,2012,TV-14,2017,1,,1.0,International Tv Shows
TV SHOW,When Calls the Heart,Not Given,United States,2017,TV-PG,2018,12,,5.0,Tv Dramas
TV SHOW,Who's the One,Not Given,Taiwan,2011,TV-14,2017,1,,1.0,International Tv Shows
TV SHOW,Wild Alaska,Not Given,United Kingdom,2015,TV-PG,2017,3,,1.0,British Tv Shows
TV SHOW,Wild Arabia,Not Given,United Kingdom,2013,TV-PG,2017,3,,1.0,British Tv Shows
TV SHOW,Winsanity,Not Given,United States,2016,TV-G,2018,12,,1.0,Reality Tv
TV SHOW,Winter Sun,Not Given,Turkey,2014,TV-MA,2017,8,,1.0,International Tv Shows
TV SHOW,Women Behind Bars,Not Given,United States,2010,TV-14,2016,11,,3.0,Crime Tv Shows
TV SHOW,World's Busiest Cities,Not Given,United Kingdom,2017,TV-PG,2019,2,,1.0,British Tv Shows
TV SHOW,Yeh Meri Family,Not Given,India,2018,TV-PG,2018,8,,1.0,International Tv Shows
TV SHOW,Yo-Kai Watch,Not Given,United States,2015,TV-Y7,2016,4,,1.0,Anime Series
MOVIE,Yoko and His Friends,Not Given,Russia,2015,TV-Y,2018,6,78.0,,Children & Family Movies
TV SHOW,Yu-Gi-Oh! Arc-V,Not Given,Japan,2015,TV-Y7,2018,5,,2.0,Anime Series
TV SHOW,Yunus Emre,Not Given,Turkey,2016,TV-PG,2017,1,,2.0,International Tv Shows
TV SHOW,Zak Storm,Not Given,United States,2016,TV-Y7,2018,9,,3.0,Kids' Tv
TV SHOW,Zindagi Gulzar Hai,Not Given,Pakistan,2012,TV-PG,2016,12,,1.0,International Tv Shows
TV SHOW,Yoko,Not Given,Pakistan,2016,TV-Y,2018,6,,1.0,Kids' Tv
TV SHOW,YOM,Not Given,Pakistan,2016,TV-Y7,2018,6,,1.0,Kids' Tv
